1.77464e+09   0.566805 -0.648021  0.852262  1.12181 -1.87994  9.40762
1.77464e+09   0.503829  0.481565 -0.681691 1.60101 2.71453 9.29404
1.77464e+09   0.489473  0.482496 -0.667946 1.60629 2.71633 9.26438
1.77464e+09   0.474099  0.492379 -0.653918 1.61889 2.76063 9.24876
1.77464e+09   0.461051  0.496573 -0.645393 1.61315 2.77725 9.23383
1.77464e+09   0.433619  0.505397 -0.644712  1.6154 2.78497 9.22361
1.77464e+09   0.421325  0.513793 -0.641455 1.60079  2.8199  9.2374
1.77464e+09   0.407498  0.514927 -0.645679 1.58351 2.83648 9.25881
1.77464e+09   0.383564  0.526932 -0.640388 1.53555 2.86299 9.26456
1.77464e+09   0.366202  0.533698 -0.641263 1.48312 2.91222  9.2675
1.77464e+09   0.343855  0.537828 -0.634218 1.42502 2.95693  9.2948
1.77464e+09   0.320385   0.53406 -0.621672 1.37186 3.00199  9.3213
1.77464e+09   0.298972  0.535491 -0.605941 1.33455 3.05813  9.3192
1.77464e+09   0.277876  0.530038 -0.592772 1.34952 3.08094 9.30478
1.77464e+09   0.251866  0.524476 -0.574018 1.36578 3.08545 9.29273
1.77464e+09   0.22913 0.523579 -0.56198 1.38415 3.06944 9.27741
1.77464e+09   0.200798  0.522828 -0.541659 1.39782 3.05355 9.24573
1.77464e+09   0.173805  0.537655 -0.521424 1.40772 3.03321 9.21723
1.77464e+09   0.151612  0.540162 -0.492844 1.41879  3.0365 9.18906
1.77464e+09   0.124234  0.548417 -0.465079 1.44339 3.03431 9.17057
1.77464e+09   0.108297  0.562841 -0.432737 1.47888 3.01936 9.16644
1.77464e+09  0.0856401  0.572556 -0.402794 1.48024 3.03495 9.14554
1.77464e+09  0.0669327  0.585531 -0.365076 1.47065 3.05264 9.09689
1.77464e+09  0.0500631   0.59429 -0.331536 1.45638 3.05942 9.03582
1.77464e+09  0.0276453  0.601771 -0.304057 1.39565 3.06583 8.98982
1.77464e+09  0.0014003  0.610733 -0.256119 1.32367 3.13214 8.97782
1.77464e+09  -0.0157269   0.614609  -0.218106 1.24925 3.18881 8.98733
1.77464e+09  -0.0512016   0.620942  -0.172714 1.15137 3.25418 9.00671
1.77464e+09  -0.0728826   0.622347  -0.123041 1.04457 3.35849 9.02364
1.77464e+09  -0.0987215   0.622587 -0.0690927 0.969805  3.41228  9.04151
1.77464e+09   -0.126589   0.612984 -0.0192485 0.917887    3.456   9.0956
1.77464e+09  -0.156509  0.600203 0.0313839 0.867827  3.48256  9.15413
1.77464e+09  -0.179144  0.584207 0.0676142 0.839847  3.46243  9.19119
1.77464e+09  -0.205608  0.574778  0.108792 0.817337  3.42852  9.22276
1.77464e+09  -0.22806 0.558557 0.134047 0.799627  3.40989  9.23645
1.77464e+09  -0.249346  0.553242  0.165874 0.781733  3.37358  9.22869
1.77464e+09  -0.271584  0.541564  0.178993 0.757188  3.32824  9.22053
1.77464e+09  -0.285764  0.539432  0.169533 0.768451  3.20162  9.19998
1.77464e+09  -0.297506  0.538004  0.142001 0.824277  3.11528  9.15807
1.77464e+09  -0.311744  0.535163  0.154915 0.837555  3.16645  9.10175
1.77464e+09  -0.332345  0.523423  0.164497 0.819458  3.17471  9.06495
1.77464e+09  -0.352341  0.525821  0.162867 0.808409  3.14669  9.04875
1.77464e+09  -0.378123  0.535121  0.180118 0.729499  3.11736  9.06053
1.77464e+09  -0.408013  0.527102    0.1995 0.667774  3.10909  9.04943
1.77464e+09  -0.435958  0.522786  0.220503 0.607108  3.08788  9.03044
1.77464e+09  -0.459068  0.515953  0.254807 0.553733  3.11547   9.0136
1.77464e+09  -0.478498  0.512064  0.281505 0.507655  3.12031  9.01378
1.77464e+09  -0.500471  0.504841  0.292203 0.477183  3.11116  9.03608
1.77464e+09  -0.518396   0.49372  0.303948 0.438079  3.07522   9.0723
1.77464e+09  -0.531579  0.484998  0.328671 0.419313  3.01937  9.13097
1.77464e+09  -0.55164 0.468035  0.34965 0.392227  2.97546  9.19304
1.77464e+09  -0.564998  0.446931  0.368174 0.311394  2.95253  9.26591
1.77464e+09  -0.584349  0.429885  0.389797 0.230716  2.92303  9.31522
1.77464e+09  -0.595221  0.410055  0.405146 0.170405  2.86017  9.34481
1.77464e+09  -0.609241  0.396293  0.406305 0.128111  2.80981  9.34401
1.77464e+09  -0.624192  0.387414  0.402391 0.0975251   2.77336   9.33474
1.77464e+09  -0.637477  0.377962  0.404955 0.0669068   2.71239   9.31681
1.77464e+09  -0.652952  0.369776  0.405402 0.0334537   2.67218   9.31304
1.77464e+09  -0.665071  0.359166  0.408971 0.00519376    2.63304    9.32721
1.77464e+09  -0.678843  0.349695  0.414671 0.0178472   2.58986   9.34154
1.77464e+09  -0.682829  0.344924  0.423173 0.058068  2.54513  9.31143
1.77464e+09  -0.687166  0.333544  0.422332 0.0848326   2.51466   9.28379
1.77464e+09  -0.695155  0.321931  0.431862 0.0560218    2.4603   9.30538
1.77464e+09  -0.700966  0.323441  0.450094 0.0364326   2.39754    9.3645
1.77464e+09  -0.707399  0.315331  0.460458 0.0128565   2.33435   9.42136
1.77464e+09  -0.714619  0.307456   0.46788 -0.0046529    2.28175    9.47323
1.77464e+09  -0.718099  0.300747  0.469474 -0.0414465    2.24579    9.52282
1.77464e+09  -0.721012  0.294852  0.464917 -0.089257   2.18799    9.5842
1.77464e+09  -0.725917  0.296513  0.456076 -0.12082  2.12626  9.63572
1.77464e+09  -0.719025  0.280854  0.447905 -0.167545   2.06844   9.69038
1.77464e+09  -0.717998  0.267269  0.430943 -0.186275   1.99266   9.71991
1.77464e+09  -0.712044  0.257699  0.416935 -0.210991   1.92346   9.71861
1.77464e+09  -0.708182  0.247625  0.384809 -0.257662   1.88962   9.72408
1.77464e+09  -0.702224  0.231366   0.36477 -0.299453   1.82238   9.74343
1.77464e+09  -0.68762 0.221135 0.344394 -0.327798   1.77035    9.7608
1.77464e+09  -0.681576  0.208077  0.330584 -0.335141     1.735   9.77857
1.77464e+09  -0.665894  0.197912  0.299598 -0.319291   1.67652   9.81154
1.77464e+09  -0.662221  0.186755  0.280463 -0.304202   1.64578   9.83083
1.77464e+09  -0.654619  0.176671  0.259379 -0.275023   1.61026   9.82957
1.77464e+09  -0.646324  0.169838  0.241441 -0.201236   1.56719   9.80809
1.77464e+09  -0.64274 0.166109 0.230896 -0.173411   1.50892   9.79072
1.77464e+09  -0.635728  0.164655  0.215816 -0.143879   1.46897   9.78769
1.77464e+09  -0.630822  0.170745  0.200014 -0.119399   1.43162   9.78992
1.77464e+09  -0.625343  0.174424  0.195399 -0.091569   1.39613   9.78417
1.77464e+09  -0.614432  0.178881  0.187395 -0.0659428    1.33923    9.81002
1.77464e+09  -0.609676  0.183025  0.177127 -0.0570007    1.29867    9.85833
1.77464e+09  -0.601888  0.186258  0.170321 -0.0808513    1.24968    9.90048
1.77464e+09  -0.594304  0.194458  0.157376 -0.133553   1.20781   9.94064
1.77464e+09  -0.586757  0.196597  0.137436 -0.195535   1.15143   9.98072
1.77464e+09  -0.578529   0.19441  0.114054 -0.259725   1.10433    10.023
1.77464e+09  -0.577423  0.187441 0.0977373 -0.283979   1.06554   10.0657
1.77464e+09  -0.564685  0.182165 0.0785328 -0.312518   1.02426   10.1111
1.77464e+09  -0.562997  0.170388 0.0654758 -0.340514   0.97453   10.1382
1.77464e+09  -0.552363  0.166715 0.0538655 -0.349877  0.924927   10.1412
1.77464e+09  -0.540881  0.156992 0.0483925 -0.339329  0.900205   10.1289
1.77464e+09  -0.523031  0.149012  0.049459 -0.333152  0.861246   10.1029
1.77464e+09  -0.511051  0.143144 0.0531962 -0.325272  0.801551   10.0839
1.77464e+09  -0.496478  0.141196 0.0554943 -0.304994  0.751696    10.068
1.77464e+09  -0.477457  0.145246 0.0682822 -0.281683  0.736158   10.0468
1.77464e+09  -0.464364    0.1388 0.0807512 -0.238103  0.703498   10.0184
1.77464e+09    -0.4566  0.143339 0.0952373 -0.214328  0.647777   10.0002
1.77464e+09  -0.443212  0.136401  0.100072 -0.224863  0.611666   10.0342
1.77464e+09  -0.420956  0.143204  0.106545 -0.267133  0.588197    10.079
1.77464e+09  -0.421182  0.130823  0.103984 -0.306916  0.567825   10.0965
1.77464e+09  -0.409248  0.134597  0.107689 -0.348384  0.553334    10.089
1.77464e+09  -0.399626  0.137373  0.103936 -0.379495  0.540337   10.1003
1.77464e+09  -0.395072  0.130968 0.0981658 -0.426856  0.521601   10.1021
1.77464e+09  -0.394336  0.119447 0.0923897 -0.468869  0.522421   10.1061
1.77464e+09  -0.385218  0.107402 0.0875624 -0.50511 0.521358  10.1022
1.77464e+09  -0.378205 0.0980684  0.083146 -0.52124 0.483445  10.0535
1.77464e+09  -0.377832 0.0921202 0.0807811 -0.509834   0.46471   9.97573
1.77464e+09  -0.371295 0.0835547 0.0799848 -0.50633 0.447759   9.8873
1.77464e+09  -0.372785 0.0831984 0.0865109 -0.498286  0.418793   9.80551
1.77464e+09  -0.365022 0.0860772 0.0936409 -0.461166  0.392817   9.76374
1.77464e+09  -0.359528 0.0804419  0.109456 -0.405395   0.36781   9.72088
1.77464e+09  -0.358447  0.070258  0.127021 -0.354596  0.346884   9.67393
1.77464e+09  -0.343384 0.0692787  0.145534 -0.346713    0.3517    9.6318
1.77464e+09  -0.338061 0.0656842  0.161022 -0.313768  0.354628   9.60571
1.77464e+09   -0.32399 0.0639725  0.182845 -0.275752  0.318933    9.5629
1.77464e+09  -0.316097 0.0569283  0.196442 -0.228693  0.306039   9.52672
1.77464e+09  -0.313189 0.0597528  0.212258 -0.198366  0.293302   9.49351
1.77464e+09  -0.311213 0.0581473  0.224526 -0.161928  0.257477   9.45404
1.77464e+09  -0.302849 0.0556009  0.229871 -0.129253  0.233665   9.43473
1.77464e+09  -0.299013 0.0528187  0.236505 -0.103391  0.223454   9.42048
1.77464e+09  -0.294068 0.0572383  0.240245 -0.0731399    0.19278    9.38737
1.77464e+09  -0.295723 0.0544586   0.23947 -0.0441112   0.162938    9.34305
1.77464e+09  -0.296484 0.0508967  0.248197 -0.0237319   0.137311     9.3278
1.77464e+09  -0.284632  0.048947  0.248841 0.0147672  0.116987   9.33231
1.77464e+09  -0.283475 0.0479623   0.24392 0.0583638  0.102136   9.32967
1.77464e+09  -0.276894 0.0457387  0.244381 0.0706268 0.0879773   9.29639
1.77464e+09  -0.270414 0.0367953   0.23913 0.0816307 0.0606143   9.21953
1.77464e+09  -0.256325 0.0337018  0.232889 0.0642491 0.0635341   9.13377
1.77464e+09  -0.247962 0.0326603  0.221641 -0.00887105    0.055866     9.07263
1.77464e+09  -0.235543 0.0265395  0.216726 -0.0472621  0.0563127    9.04649
1.77464e+09  -0.220573 0.0252524  0.207311 -0.0879968  0.0731453    9.04283
1.77464e+09  -0.211909 0.0172753   0.19679 -0.138752 0.0867925   9.06076
1.77464e+09  -0.210313 0.0122973  0.180574 -0.213122  0.085312   9.12613
1.77464e+09  -0.200467 0.0030586  0.170325 -0.248884 0.0889402   9.18175
1.77464e+09  -0.197429  0.004526  0.163089 -0.266981 0.0993594   9.21592
1.77464e+09    -0.196658 -0.00525204    0.168689 -0.244693  0.109933   9.25881
1.77464e+09   -0.195343 -0.0121208   0.165949 -0.202633   0.10301   9.28753
1.77464e+09   -0.188309 -0.0182614   0.167953 -0.189097 0.0916494   9.29699
1.77464e+09   -0.183478 -0.0286814     0.1705 -0.160952  0.081398   9.27663
1.77464e+09  -0.179271 -0.029112   0.17451 -0.149455 0.0806651   9.25928
1.77464e+09    -0.17509 -0.0197784   0.186713 -0.153839 0.0887927   9.24841
1.77464e+09   -0.167683 -0.0174433   0.195074 -0.135606 0.0962554   9.23637
1.77464e+09   -0.161337 -0.0140184   0.208463 -0.112604 0.0892203   9.20828
1.77464e+09    -0.157588 -0.00738615     0.21467 -0.102416  0.102248   9.16629
1.77464e+09   -0.154345 0.00494506   0.226219 -0.131467  0.139437   9.13867
1.77464e+09  -0.156031 0.0142191  0.242126 -0.218796  0.187429   9.15598
1.77464e+09  -0.157833 0.0186731  0.249449 -0.322038  0.240395    9.1977
1.77464e+09  -0.159115 0.0217868  0.263236 -0.436051  0.280501   9.27996
1.77464e+09  -0.164311 0.0277415  0.265309 -0.546026  0.311698   9.38889
1.77464e+09  -0.166106  0.026998   0.27044 -0.62588 0.351524  9.51731
1.77464e+09  -0.181487 0.0234105  0.283146 -0.724853  0.400373   9.61223
1.77464e+09  -0.182101 0.0244786   0.28562 -0.783552  0.430874   9.69346
1.77464e+09  -0.191028 0.0245237  0.297456 -0.801686  0.431096   9.76463
1.77464e+09  -0.195351 0.0279859  0.305161 -0.763218  0.426557   9.83466
1.77464e+09  -0.199898 0.0241594  0.310398 -0.720191  0.406997   9.88355
1.77464e+09  -0.20304 0.030226 0.320873 -0.680405  0.391653   9.91551
1.77464e+09  -0.200405 0.0373327  0.328325 -0.591898  0.378668   9.91532
1.77464e+09  -0.196488 0.0509457  0.328469 -0.518037  0.346817   9.90705
1.77464e+09  -0.196977 0.0552738  0.338963 -0.426042  0.323423   9.90467
1.77464e+09  -0.197107 0.0708744  0.335857 -0.340793  0.280521   9.89474
1.77464e+09  -0.193375 0.0768812   0.33747 -0.270949   0.23585    9.8863
1.77464e+09  -0.189308  0.092609  0.326232 -0.222682  0.224373   9.88831
1.77464e+09  -0.193501  0.100933  0.317941 -0.185839  0.223418   9.86539
1.77464e+09  -0.191671  0.107031  0.301879 -0.153115  0.208326   9.84392
1.77464e+09  -0.196272  0.108238  0.284082 -0.162191  0.205345   9.82237
1.77464e+09  -0.196755  0.105632  0.265112 -0.1839  0.1811 9.79957
1.77464e+09  -0.192877  0.116364  0.248242 -0.195761  0.161411   9.76518
1.77464e+09  -0.189222  0.114902   0.23627 -0.187722  0.169068   9.71562
1.77464e+09  -0.188303  0.118237  0.223697 -0.186421  0.164177   9.66612
1.77464e+09  -0.178714  0.119179  0.221419 -0.167922  0.155236   9.63326
1.77464e+09  -0.172057  0.121463  0.220465 -0.133899  0.146988   9.60077
1.77464e+09  -0.168926  0.122048  0.217052 -0.115065  0.123236   9.58952
1.77464e+09  -0.160264  0.129007  0.229878 -0.0886596   0.112853      9.588
1.77464e+09  -0.151146  0.135549  0.234453 -0.0642015  0.0921031     9.5922
1.77464e+09  -0.150296  0.138639  0.245152 -0.0306124  0.0595184    9.58062
1.77464e+09  -0.146639  0.143539  0.251973 -0.00466564   0.0479107     9.55037
1.77464e+09  -0.139827  0.145673  0.267217 0.0279772 0.0246904   9.53123
1.77464e+09  -0.132689   0.14552  0.271961   0.046987 -0.0236153    9.52062
1.77464e+09  -0.127333  0.143342  0.268942  0.0371946 -0.0379217    9.49445
1.77464e+09  -0.118316  0.138315  0.261747  0.0304376 -0.0790797    9.48078
1.77464e+09  -0.102299  0.141438  0.256131 0.0062321  -0.13513   9.46733
1.77464e+09  -0.0890002   0.135523   0.245062 -0.0265395  -0.165997    9.43544
1.77464e+09  -0.0698518   0.134314   0.233272 -0.0693249  -0.198377    9.40294
1.77464e+09  -0.0900268   0.123696   0.217199  -0.08162 -0.350091   9.34493
1.77464e+09  -0.0421143   0.121143   0.195889  -0.14199 -0.338417   9.30052
1.77464e+09  -0.0305958   0.120049   0.184602 -0.117093 -0.287853   9.19975
1.77464e+09  -0.0234783   0.116373    0.18474 -0.0723687  -0.369849    9.11712
1.77464e+09  0.000643588     0.11644    0.169345 -0.108212 -0.224432   9.11598
1.77464e+09  0.0253327  0.123011  0.163741 -0.127498 -0.289209   9.09176
1.77464e+09  0.0304494  0.115303  0.151893 -0.119597 -0.403709   9.04021
1.77464e+09  0.0423115  0.122813  0.155617 -0.106418 -0.272594   8.99982
1.77464e+09  0.0665993  0.123003  0.149781 -0.0708373  -0.267396     8.9712
1.77464e+09  0.0613925  0.126769  0.145021 -0.0609301  -0.322214    8.95293
1.77464e+09  0.0696543  0.134179  0.153317 -0.0861498  -0.260334     8.9621
1.77464e+09  0.0787037  0.141737    0.1433 -0.141674 -0.316384   8.96966
1.77464e+09  0.0773445  0.143417  0.144544 -0.220362 -0.340518   8.99303
1.77464e+09  0.0755214  0.146688  0.135801 -0.290602 -0.283457   9.03153
1.77464e+09  0.0819754  0.140242  0.130511 -0.387904 -0.332245   9.08127
1.77464e+09  0.0833041  0.135076  0.121517 -0.458714 -0.349417   9.12754
1.77464e+09  0.0895594  0.133052  0.110697 -0.533612 -0.346935   9.16394
1.77464e+09    0.10544   0.13006 0.0977557 -0.635691 -0.387485   9.17975
1.77464e+09   0.119097  0.114743 0.0992072 -0.674326 -0.399398   9.17123
1.77464e+09  0.132698  0.10504 0.095767 -0.709927 -0.402847   9.14084
1.77464e+09   0.146956 0.0953398 0.0910554 -0.719369 -0.431173   9.11386
1.77464e+09     0.1567 0.0824184 0.0946741 -0.744534  -0.41732   9.08954
1.77464e+09  0.172485 0.072391 0.091295 -0.757236 -0.409669   9.07666
1.77464e+09   0.175275 0.0536731 0.0979378 -0.726147 -0.394239   9.08256
1.77464e+09   0.176488 0.0469662   0.10304 -0.691842 -0.333184   9.05964
1.77464e+09   0.169723 0.0400087  0.117159 -0.804667 -0.263227   9.02112
1.77464e+09  0.170192  0.04315 0.129501 -0.843491 -0.187972   9.01098
1.77464e+09   0.165842 0.0414852   0.15418 -0.864489 -0.127441   9.04299
1.77464e+09   0.161653 0.0419417  0.180833   -0.84628 -0.0521717    9.09162
1.77464e+09   0.151551 0.0379526  0.207477 -0.876519 0.0136593   9.14279
1.77464e+09   0.139907 0.0347675  0.234859 -0.912651 0.0510624   9.18521
1.77464e+09   0.138244 0.0287582  0.256483 -0.976301 0.0653567   9.23852
1.77464e+09    0.13452 0.0281671  0.276998 -0.989475 0.0953333   9.27775
1.77464e+09   0.123756 0.0086897  0.287139 -1.00652 0.124657  9.27407
1.77464e+09    0.117097 0.00690026   0.301939 -1.01438 0.116593  9.26503
1.77464e+09     0.111831 -0.00100796    0.311201 -0.969041  0.126126   9.26846
1.77464e+09    0.107184 -0.0132814   0.306787 -0.922054  0.108893   9.25241
1.77464e+09   0.0990963 -0.0280448   0.297613 -0.845413  0.088574   9.23713
1.77464e+09   0.0936193 -0.0302468   0.295481 -0.795556 0.0724133   9.23977
1.77464e+09   0.0883435 -0.0354413   0.280664  -0.76481 0.0550896    9.2494
1.77464e+09   0.0848736 -0.0388968   0.269014 -0.737876 0.0379393   9.27266
1.77464e+09   0.0815313 -0.0362209    0.25079  -0.72411 0.0357433   9.29545
1.77464e+09   0.0767812 -0.0316961   0.241069 -0.737742 0.0559057   9.32608
1.77464e+09   0.0755387 -0.0248155   0.225988 -0.771807 0.0606559   9.35857
1.77464e+09   0.0714867 -0.0212665   0.213438 -0.828355 0.0837322   9.39609
1.77464e+09   0.0735698 -0.0205356   0.209719 -0.937995  0.107593   9.45359
1.77464e+09   0.0648708 -0.0320905   0.188093 -0.918484  0.123281   9.50238
1.77464e+09   0.0559598 -0.0468091   0.172554 -0.992317  0.138877   9.52728
1.77464e+09   0.0495932 -0.0639203   0.151054 -1.0991 0.16912 9.53728
1.77464e+09   0.0500126 -0.0804344   0.125859 -1.20246  0.20083  9.54692
1.77464e+09   0.0412657 -0.0971279   0.102421  -1.2582 0.210695  9.53513
1.77464e+09  0.0312628 -0.123495 0.0869606  -1.2768 0.199118  9.50202
1.77464e+09  0.0357662 -0.136694 0.0647018  -1.2364 0.196542  9.48959
1.77464e+09  0.0328433 -0.151782 0.0508894 -1.18632 0.184982  9.48634
1.77464e+09  0.0315387 -0.159855 0.0419893 -1.15532 0.162184  9.49651
1.77464e+09  0.0282997 -0.165997 0.0306224 -1.10501 0.132139  9.51765
1.77464e+09  0.0338091 -0.167566 0.0336013  -1.0313 0.102401  9.53538
1.77464e+09   0.038432 -0.166588 0.0326099 -0.944777  0.059384    9.5504
1.77464e+09  0.0399568 -0.161996 0.0391082 -0.871692 0.0203888   9.56728
1.77464e+09  0.0434976 -0.171246 0.0362089  -0.787967 -0.0127578      9.587
1.77464e+09  0.0489261 -0.176026  0.040966  -0.759556 -0.0206046    9.62161
1.77464e+09   0.050729 -0.178902  0.043895  -0.722699 -0.0193184     9.6416
1.77464e+09  0.0551317 -0.185059 0.0371236  -0.672122 -0.0215401    9.65766
1.77464e+09  0.0494993 -0.199248 0.0392608 -0.627893 -0.021212   9.65595
1.77464e+09  0.0523205 -0.205558 0.0324405  -0.582399 -0.0158429    9.66085
1.77464e+09  0.0548294 -0.208884 0.0250226   -0.52468 0.00987478    9.65385
1.77464e+09  0.0564715 -0.216806 0.0142648 -0.46878 0.033868  9.61329
1.77464e+09  0.0569295 -0.218278 0.0136323 -0.451212 0.0183693   9.56006
1.77464e+09  0.0594771 -0.217458 0.0116521 -0.399154 0.0238959   9.52424
1.77464e+09   0.0584492  -0.213444 0.00786005 -0.343338 0.0383506   9.49105
1.77464e+09   0.0591565  -0.208699 0.00101718 -0.325917 0.0365302   9.49707
1.77464e+09   0.0563196  -0.199604 0.00126318 -0.313435 0.0278671   9.53631
1.77464e+09   0.0603992  -0.189471 -0.0084576 -0.314327 0.0273292   9.59218
1.77464e+09   0.0647662   -0.18219 -0.0131297 -0.322046 0.0401292   9.66038
1.77464e+09   0.0604663  -0.179429 -0.0205499 -0.349316 0.0779145   9.71626
1.77464e+09   0.0574147  -0.167318 -0.0329243 -0.305755  0.108319   9.78876
1.77464e+09   0.0617333   -0.14482 -0.0595909 -0.296006  0.136615   9.87682
1.77464e+09   0.0581016  -0.141661 -0.0769656 -0.347203  0.112969   9.88524
1.77464e+09   0.0577504  -0.144844 -0.0546808 -0.438762 0.0982991   9.93452
1.77464e+09    0.061743  -0.140783 -0.0492535 -0.563016 0.0794355   9.98005
1.77464e+09   0.0724387  -0.133212 -0.0679062 -0.586636 0.0765381     9.971
1.77464e+09   0.0635189  -0.138983 -0.0731702 -0.556706 0.0901561   9.92039
1.77464e+09  0.0709699 -0.145858 -0.064947 -0.545891  0.123711   9.86605
1.77464e+09   0.0808588  -0.152487 -0.0618004 -0.516828  0.176395   9.83072
1.77464e+09   0.0855022  -0.156031 -0.0685299 -0.50578 0.200342  9.79504
1.77464e+09   0.0825358  -0.168512 -0.0756174 -0.471092  0.197616   9.75653
1.77464e+09   0.0885505  -0.167082 -0.0859877 -0.489855  0.222307   9.69582
1.77464e+09   0.097513 -0.169004 -0.083081 -0.518654  0.248632   9.62787
1.77464e+09    0.092496  -0.166147 -0.0754165 -0.564225  0.262025   9.59368
1.77464e+09   0.092929 -0.165728 -0.061729 -0.56274  0.29111  9.58757
1.77464e+09    0.087626  -0.164026 -0.0542665 -0.531879   0.30421   9.60115
1.77464e+09   0.0872166  -0.158163 -0.0466901 -0.458708  0.344314   9.61263
1.77464e+09   0.0720246  -0.152485 -0.0439651 -0.396373  0.353031   9.64608
1.77464e+09   0.0661251  -0.147351 -0.0332126  -0.4071 0.370206  9.67121
1.77464e+09  0.0592649 -0.149106 -0.022747 -0.411164  0.363859   9.69593
1.77464e+09   0.0542926   -0.14228 -0.0184089 -0.431234  0.386022   9.72304
1.77464e+09   0.0484146  -0.140624 -0.0302051 -0.384427   0.39852   9.73628
1.77464e+09   0.0373613  -0.133887 -0.0371025 -0.334434  0.397079    9.7351
1.77464e+09   0.0350281  -0.135092 -0.0525002 -0.312726  0.428099   9.69828
1.77464e+09   0.0236217  -0.136149 -0.0584552 -0.290218  0.387437   9.69003
1.77464e+09   0.0290776   -0.13383 -0.0684741 -0.214312  0.415517   9.67039
1.77464e+09   0.020957 -0.133256 -0.073861 -0.150913  0.424729   9.62969
1.77464e+09   0.0185961  -0.135307 -0.0809283 -0.114785  0.407596    9.5955
1.77464e+09   0.0197902  -0.120575 -0.0865209 -0.10879 0.426564  9.58198
1.77464e+09   0.0153486   -0.11772 -0.0841242 -0.063773  0.400764   9.58041
1.77464e+09   0.0107659  -0.105976 -0.0869245 0.0113225  0.373563   9.60113
1.77464e+09   0.0110336 -0.0978622 -0.0796317 0.0815337  0.374428   9.64615
1.77464e+09  0.000750805  -0.0881562   -0.086946 0.110615 0.372036  9.67853
1.77464e+09  -0.00196909  -0.0717436  -0.0922604 0.0942684  0.350881   9.72179
1.77464e+09  -0.00170841  -0.0562265   -0.106009 0.0633276  0.357589   9.77294
1.77464e+09  -0.00367854  -0.0391162   -0.105282 0.0187168  0.381594   9.81669
1.77464e+09  -0.00373413  -0.0241591   -0.112004 -0.058187  0.380092   9.85594
1.77464e+09  -0.00239674  -0.0128054   -0.122037 -0.139042  0.409298   9.87719
1.77464e+09    0.0076178 -0.00127079   -0.143241 -0.233123  0.464123   9.89098
1.77464e+09  0.0132808 0.0103512 -0.160449 -0.327498   0.51279   9.89029
1.77464e+09  0.0121746 0.0145378 -0.173229 -0.428507  0.546052   9.85536
1.77464e+09  0.0125852 0.0150757 -0.190338 -0.503574  0.571012   9.81599
1.77464e+09  0.0137503 0.0185348 -0.208473 -0.561632  0.569015   9.76688
1.77464e+09  0.00678146  0.0203472  -0.221774 -0.586448  0.570577   9.74355
1.77464e+09  -0.000698609    0.0259353    -0.237961 -0.577322  0.563473   9.74728
1.77464e+09  -0.000387753    0.0286614    -0.239654 -0.561271  0.663833    9.7833
1.77464e+09  -0.00586901   0.0256759   -0.245562 -0.531478  0.654207   9.84976
1.77464e+09  -0.0114042  0.0295758  -0.251203 -0.508588   0.63011   9.93613
1.77464e+09  -0.0119113  0.0387282  -0.262371 -0.510391  0.708928   10.0355
1.77464e+09  -0.00357581   0.0468719   -0.255381 -0.548812  0.745609   10.0972
1.77464e+09  0.00142815  0.0563495  -0.252951 -0.570512  0.741731    10.118
1.77464e+09  0.00653587  0.0644877  -0.241133 -0.554691  0.827342   10.0994
1.77464e+09  0.0111626 0.0706345 -0.223536 -0.56362 0.842214  10.0931
1.77464e+09  0.0129345 0.0856423 -0.205446 -0.618312  0.832885   10.1301
1.77464e+09  0.0183173 0.0858285 -0.184411 -0.641713  0.826584   10.1567
1.77464e+09  0.0111889 0.0757583 -0.160561 -0.626652  0.867641   10.1588
1.77464e+09  0.00800449  0.0735629  -0.140849 -0.647116  0.934063   10.1637
1.77464e+09  0.00860117  0.0763599  -0.131676 -0.642415  0.951014   10.1774
1.77464e+09  -0.00316229   0.0790563   -0.118072 -0.650431  0.925931   10.1627
1.77464e+09   -0.00246 0.0879449 -0.105638 -0.652552  0.914047    10.129
1.77464e+09  -0.00862031   0.0887804   -0.103279 -0.636585  0.934976   10.0853
1.77464e+09  -0.00227543    0.102714   -0.104077 -0.637861  0.932961   10.0342
1.77464e+09  -0.00328752    0.115011    -0.10881 -0.676122  0.927892   9.98459
1.77464e+09  0.00119052   0.138824  -0.111792 -0.725697  0.920772    9.9441
1.77464e+09  0.00353976   0.157298  -0.122864 -0.760374  0.928128   9.90826
1.77464e+09  0.00695372   0.168855  -0.130532 -0.788945  0.930272    9.8511
1.77464e+09  0.00499307   0.181696  -0.143718 -0.809977  0.939245   9.80113
1.77464e+09  -0.00473168    0.189861   -0.154816 -0.856423  0.953597   9.78504
1.77464e+09  -0.0154578   0.204036  -0.167358 -0.888127  0.969202   9.76472
1.77464e+09  -0.0248402    0.21019  -0.174858 -0.917086  0.983209   9.73922
1.77464e+09  -0.0297182   0.206304  -0.182919 -0.856433    1.0956   9.73491
1.77464e+09  -0.0347826   0.213954  -0.189688 -0.856017   1.07998   9.76414
1.77464e+09  -0.0567845   0.222476  -0.199134 -0.864302    1.0146   9.79218
1.77464e+09  -0.0705239   0.226319  -0.205221 -0.818398   1.03183   9.79684
1.77464e+09  -0.0776007   0.246512  -0.206057 -0.783777   1.05582   9.79751
1.77464e+09  -0.0786533   0.264605  -0.191855 -0.644689   1.05328   9.76624
1.77464e+09  -0.0732953   0.284457  -0.162928 -0.575704   1.07047   9.69359
1.77464e+09  -0.0709578    0.30257  -0.123426 -0.563954   1.03164   9.60466
1.77464e+09  -0.0696694    0.33485 -0.0858762 -0.680505   0.97522   9.55491
1.77464e+09  -0.0651008   0.362096 -0.0518733 -0.589215  0.984619   9.53068
1.77464e+09   -0.053885   0.370718 -0.0210199 -0.619006  0.992413    9.5434
1.77464e+09  -0.0464353   0.379558 0.00957736 -0.600966   0.98445   9.57786
1.77464e+09  -0.0402182   0.375591  0.0475214 -0.642568   0.88682   9.65874
1.77464e+09  -0.0490658   0.379175  0.0636152  -0.6232 0.851422  9.72652
1.77464e+09  -0.0516395   0.371054  0.0705326 -0.647747   0.82697   9.77667
1.77464e+09  -0.0596433   0.364845     0.0654 -0.627192  0.757531   9.85108
1.77464e+09  -0.0666249    0.35344  0.0535201 -0.637178  0.688291   9.92608
1.77464e+09  -0.0625802   0.356686  0.0328559 -0.623513  0.685914   9.98704
1.77464e+09  -0.0534388   0.355597   0.018342 -0.574897  0.623071   10.0444
1.77464e+09   -0.0484541    0.361959 0.000385833 -0.571488   0.50388    10.094
1.77464e+09  -0.0265362   0.356333  -0.021719 -0.445043  0.497974   10.1552
1.77464e+09  -0.0142339   0.349808 -0.0577081 -0.378827  0.460666   10.2231
1.77464e+09  -0.00870762    0.346974  -0.0971447 -0.34869 0.255662  10.2728
1.77464e+09  -0.0104914   0.345432  -0.145711 -0.449777   0.22583   10.3021
1.77464e+09  0.00514545   0.340985  -0.198651 -0.419119   0.28472   10.3035
1.77464e+09  0.00347735   0.330555  -0.249835 -0.464001  0.224483   10.2784
1.77464e+09  -0.00136595    0.327194   -0.311403 -0.59856 0.229106  10.2351
1.77464e+09  -0.0123095   0.317453  -0.370345 -0.687996  0.234021   10.2009
1.77464e+09  -0.0206949   0.297671  -0.421206 -0.777385  0.248225   10.1601
1.77464e+09  -0.0284905    0.28385  -0.466674 -0.871466   0.22118   10.1358
1.77464e+09  -0.0292965    0.26764   -0.50807 -0.903748  0.175297   10.1327
1.77464e+09  -0.031474  0.233938 -0.537771 -0.881688  0.264999   10.1654
1.77464e+09  -0.0252646   0.215349   -0.55564 -0.976179  0.188495   10.2145
1.77464e+09  -0.0382281   0.186502  -0.558335 -0.970597 0.0735911   10.2131
1.77464e+09  -0.0378205   0.159406  -0.563545   -1.0128 0.0925433   10.1796
1.77464e+09  -0.0359487    0.13545   -0.55351  -1.06242 0.0687952   10.1648
1.77464e+09  -0.0322941   0.124551  -0.541907  -1.06063 0.0905636   10.1822
1.77464e+09  -0.0207721   0.110287  -0.530419 -1.11354 0.149735   10.214
1.77464e+09  -0.0173543  0.0967232  -0.503015 -1.16033 0.156474  10.2362
1.77464e+09  -0.0142153  0.0850187  -0.477606 -1.18326 0.165279  10.2244
1.77464e+09  -0.0178931  0.0724126  -0.447029 -1.19913 0.146464  10.1839
1.77464e+09  -0.0225446  0.0606756  -0.409664 -1.30473 0.156968  10.1306
1.77464e+09  -0.0220866  0.0468911  -0.362387 -1.20662 0.192506  10.0898
1.77464e+09  -0.0291935   0.026122   -0.32106 -1.17764 0.192766  10.0653
1.77464e+09  -0.0463975 0.00833058  -0.271963 -1.2582  0.1708   10.08
1.77464e+09   -0.0534974 -0.00560265   -0.227892 -1.26047 0.178164  10.1085
1.77464e+09  -0.0653914  -0.023655  -0.182314 -1.28683 0.200282  10.1557
1.77464e+09     -0.0715 -0.0365559   -0.13937 -1.29494 0.193288  10.1936
1.77464e+09  -0.0831051 -0.0548623 -0.0928284 -1.30347  0.17223  10.2131
1.77464e+09  -0.0907727 -0.0774559 -0.0547139 -1.25524 0.143075  10.2147
1.77464e+09  -0.0997797 -0.0866296 -0.0212044  -1.25337 0.0917065      10.2
1.77464e+09   -0.105533 -0.0971503  0.0179803 -1.23318 0.135473  10.1651
1.77464e+09    -0.1093 -0.109363 0.0558212  -1.22123 0.0866609   10.1412
1.77464e+09  -0.124088 -0.120959  0.088627  -1.16168 0.0237207   10.0899
1.77464e+09  -0.142541 -0.121998  0.114201  -1.18551 0.0550057    10.037
1.77464e+09  -0.151072  -0.12621  0.124761 -1.1679 0.12298 10.0211
1.77464e+09  -0.166538 -0.128944  0.121923 -1.12947 0.126641  9.96716
1.77464e+09  -0.190369 -0.144439  0.115732 -1.12929 0.110569  9.90334
1.77464e+09  -0.210125 -0.138072  0.105866 -1.14251 0.105853  9.87063
1.77464e+09  -0.224122 -0.147677 0.0895825  -1.15945 0.0930943   9.83226
1.77464e+09  -0.235884 -0.166471 0.0774858  -1.14324 0.0950746    9.8164
1.77464e+09  -0.247243 -0.175732  0.064667  -1.15169 0.0761915   9.82026
1.77464e+09  -0.246024 -0.181187 0.0494639   -1.11883 0.00829405    9.84125
1.77464e+09   -0.25285 -0.192445 0.0386327   -1.05334 -0.0296599    9.84738
1.77464e+09  -0.251313 -0.204881 0.0271963  -0.978669 -0.0884465    9.84094
1.77464e+09  -0.243041 -0.198368  0.026152 -0.827648 -0.147637   9.76798
1.77464e+09  -0.252456 -0.204081 0.0324184 -0.749421 -0.253242   9.68322
1.77464e+09  -0.263406 -0.199295 0.0291113 -0.666685 -0.372476    9.6363
1.77464e+09  -0.263937 -0.188267 0.0297314 -0.654104 -0.381035   9.64156
1.77464e+09    -0.2494 -0.185909 0.0164375 -0.504798 -0.231947   9.68562
1.77464e+09  -0.251292 -0.178673 0.0118602 -0.508945 -0.284406   9.72678
1.77464e+09  -0.254553  -0.17236 0.0127977 -0.515003 -0.296267   9.78224
1.77464e+09   -0.258606  -0.161759 -0.0115248 -0.458949 -0.254303   9.78141
1.77464e+09  -0.260757   -0.1507 -0.025626 -0.462668 -0.231338   9.72607
1.77464e+09   -0.265013  -0.140492 -0.0378625 -0.451255 -0.156141     9.695
1.77464e+09   -0.264236  -0.125067 -0.0562574 -0.481216 -0.128132   9.67768
1.77464e+09   -0.273662   -0.12175 -0.0608143 -0.47926 -0.14014  9.67215
1.77464e+09   -0.280013   -0.11438 -0.0622716  -0.50889 -0.164666   9.68251
1.77464e+09  -0.286226 -0.116731 -0.072195 -0.562987 -0.173974   9.69296
1.77464e+09   -0.289814  -0.118029 -0.0620388 -0.552533 -0.144867   9.70957
1.77464e+09   -0.293377  -0.120819 -0.0620592 -0.645049 -0.145451   9.73741
1.77464e+09   -0.296956  -0.114411 -0.0605376 -0.719574  -0.20358   9.74557
1.77464e+09   -0.292363  -0.109563 -0.0509157 -0.807549  -0.21137    9.7318
1.77464e+09   -0.293056  -0.107565 -0.0510625 -0.823745 -0.198638   9.71468
1.77464e+09   -0.282913 -0.0972373  -0.041511 -0.816654 -0.231759   9.70012
1.77464e+09   -0.286719  -0.100807 -0.0290479 -0.777712 -0.288824   9.68413
1.77464e+09   -0.295514 -0.0874423 -0.0182927 -0.728594 -0.351224   9.67606
1.77464e+09    -0.291007   -0.079844 -0.00832325 -0.717591 -0.368406   9.68407
1.77464e+09   -0.284978 -0.0788082 0.00837408 -0.591111 -0.307358   9.70335
1.77464e+09   -0.284278 -0.0802266  0.0155474 -0.531529 -0.405883   9.70164
1.77464e+09    -0.29083 -0.0766458  0.0293501 -0.389907 -0.445654   9.67513
1.77464e+09   -0.288821 -0.0713089  0.0307664 -0.331358 -0.433285   9.64311
1.77464e+09   -0.295436 -0.0653695   0.044616 -0.282631 -0.446409   9.60906
1.77464e+09   -0.282376 -0.0436979  0.0494208  -0.23942 -0.361466    9.5838
1.77464e+09  -0.278165  -0.04212 0.0622323 -0.182039 -0.290863   9.56243
1.77464e+09   -0.279923 -0.0193785  0.0727701 -0.207402 -0.347373   9.54801
1.77464e+09    -0.284709 -0.00407699   0.0783072 -0.258718 -0.294974   9.56528
1.77464e+09   -0.283916 0.00359851  0.0797523 -0.334751 -0.275212    9.5847
1.77464e+09  -0.289256 0.0118744 0.0874922  -0.39092 -0.294019   9.61475
1.77464e+09   -0.28608 0.0175924 0.0941725 -0.472116 -0.231039   9.65287
1.77464e+09   -0.291399 0.00778208  0.0934258 -0.565223 -0.288781   9.67523
1.77464e+09  -0.298289 0.0112794 0.0911638 -0.641869 -0.288366    9.6741
1.77464e+09  -0.295676 0.0044774 0.0840949  -0.69307 -0.241135   9.65395
1.77464e+09    -0.295182 -0.00634364    0.073918 -0.692314 -0.310165   9.64959
1.77464e+09    -0.289238 -0.00877649   0.0598958 -0.781086 -0.357014   9.69014
1.77464e+09   -0.286553 -0.0198901  0.0501195 -0.735457 -0.391077   9.72998
1.77464e+09  -0.279624 -0.018256 0.0275938 -0.700619 -0.499379   9.78497
1.77464e+09    -0.277754  -0.0241568 -0.00242144 -0.668788 -0.477978     9.814
1.77464e+09    -0.27599 -0.0238546  -0.027935  -0.66866 -0.525189   9.85767
1.77464e+09   -0.256361 -0.0264987 -0.0511097 -0.606753 -0.490682   9.89048
1.77464e+09   -0.240557 -0.0265825 -0.0631506 -0.604782 -0.485946   9.91727
1.77464e+09   -0.240232 -0.0389859 -0.0855104  -0.56358 -0.626289   9.92971
1.77464e+09   -0.237306 -0.0367256  -0.110106 -0.601193 -0.539717   9.95234
1.77464e+09   -0.219682 -0.0342401  -0.131621 -0.605761 -0.414868   9.96213
1.77464e+09    -0.21763 -0.0530329   -0.14741 -0.675945 -0.495175   9.97979
1.77464e+09    -0.22241 -0.0649126  -0.161174 -0.709237 -0.454821   9.99361
1.77464e+09   -0.213191 -0.0690312  -0.173154 -0.809593 -0.400561   9.98106
1.77464e+09   -0.215219 -0.0849405  -0.180397 -0.840549 -0.463738   9.94573
1.77464e+09  -0.215342 -0.100327 -0.189843 -0.884491 -0.445793   9.90234
1.77464e+09  -0.200509 -0.111267 -0.195961 -0.875013 -0.502039   9.88062
1.77464e+09  -0.203233 -0.121042 -0.197796 -0.874729 -0.627727   9.86845
1.77464e+09  -0.197249 -0.136591 -0.202576 -0.836827 -0.714209   9.87121
1.77464e+09  -0.187994 -0.148726 -0.208779 -0.811001 -0.812705   9.88714
1.77464e+09  -0.174441 -0.161467 -0.212934 -0.838233 -0.898334   9.89551
1.77464e+09   -0.16217 -0.170478 -0.223086 -0.877036  -1.02355    9.9179
1.77464e+09  -0.138298  -0.17214 -0.222361 -0.863046  -1.00277   9.93833
1.77464e+09  -0.118674 -0.181034 -0.223911 -0.844823  -1.08552   9.94144
1.77464e+09  -0.0987956  -0.187193  -0.221007 -0.832799  -1.19922   9.93694
1.77464e+09  -0.077186 -0.184036 -0.208699 -0.86125  -1.2207  9.91657
1.77464e+09  -0.0583521  -0.186783  -0.195814 -0.863726  -1.24348   9.86726
1.77464e+09  -0.0428192  -0.192891   -0.17425 -0.813083  -1.29547   9.78212
1.77464e+09  -0.0218333  -0.207628  -0.147768 -0.771555  -1.26844   9.69476
1.77464e+09  -0.0036412  -0.218868  -0.108628 -0.702174  -1.19671   9.62582
1.77464e+09   0.0131445  -0.225713 -0.0597784 -0.70525 -1.26012  9.54168
1.77464e+09   0.0146959  -0.239998 -0.0120055 -0.698894  -1.27482   9.45633
1.77464e+09  0.0269269 -0.250752 0.0376695 -0.729335  -1.20602   9.36274
1.77464e+09  0.0400919 -0.256152 0.0877252 -0.779828  -1.14159   9.29284
1.77464e+09  0.0467545 -0.261613  0.142621 -0.81525  -1.0802  9.29538
1.77464e+09  0.0559924 -0.259409  0.190303 -0.824004  -1.04312   9.33546
1.77464e+09  0.0665443 -0.260359   0.23701 -0.861537  -1.03861    9.4118
1.77464e+09  0.0641813 -0.275935  0.269068 -0.876421   -1.0005   9.52631
1.77464e+09   0.072591 -0.280502  0.294995 -0.907182 -0.922316   9.62965
1.77464e+09  0.0721976 -0.294144  0.313799 -0.916803 -0.879413   9.69282
1.77464e+09  0.0788207 -0.304662  0.332171 -0.951125  -0.81547   9.74469
1.77464e+09  0.0832589 -0.318078  0.344366 -0.960281  -0.80341   9.79475
1.77464e+09  0.0827675 -0.334401  0.336995 -0.948507 -0.825696   9.85728
1.77464e+09  0.0859992 -0.348821  0.334285  -0.91871 -0.777136   9.92597
1.77464e+09  0.0932465 -0.363099   0.32065 -0.887128 -0.795856    9.9665
1.77464e+09   0.100647 -0.375893  0.295187 -0.867258 -0.842129   10.0043
1.77464e+09   0.118105 -0.394329  0.268531 -0.740781 -0.767699   10.0348
1.77464e+09   0.124393 -0.407323  0.226859 -0.680687 -0.815894   10.0248
1.77464e+09   0.128393 -0.417878  0.190824 -0.659608 -0.881896   9.97354
1.77464e+09   0.138881 -0.420263  0.147064 -0.623636 -0.864817   9.91239
1.77464e+09   0.14617 -0.41632 0.107348 -0.592619 -0.837635   9.84919
1.77464e+09   0.148112  -0.41858 0.0678374  -0.48617 -0.818824   9.77187
1.77464e+09   0.154158 -0.416097 0.0392139 -0.445458 -0.815251   9.72945
1.77464e+09   0.163719 -0.426087  0.010296  -0.39132 -0.717211   9.70824
1.77464e+09     0.17409  -0.423394 -0.0141237 -0.408914 -0.683217   9.69785
1.77464e+09    0.184634  -0.432744 -0.0405315 -0.445476  -0.67726   9.70546
1.77464e+09    0.185563   -0.44475 -0.0531413 -0.442718 -0.645901   9.70157
1.77464e+09    0.190555  -0.449272 -0.0664199  -0.42525 -0.631556   9.72391
1.77464e+09    0.192634  -0.456037 -0.0747384 -0.388701 -0.599115   9.74515
1.77464e+09     0.19257  -0.463527 -0.0764904 -0.332436 -0.586127   9.77447
1.77464e+09    0.188133  -0.470366 -0.0683635 -0.262113 -0.561419   9.76967
1.77464e+09    0.187234  -0.472641 -0.0703366 -0.173611 -0.574965    9.7546
1.77464e+09   0.191665 -0.467834 -0.072718 -0.105557 -0.533477   9.72812
1.77464e+09    0.195647  -0.471278 -0.0675717  0.045956 -0.472315   9.71095
1.77464e+09    0.198625  -0.473312 -0.0638313  0.123477 -0.521228   9.69472
1.77464e+09    0.201429  -0.472187 -0.0562059  0.214753 -0.559362   9.65876
1.77464e+09    0.206962  -0.455417 -0.0467254  0.285949 -0.551551   9.57613
1.77464e+09   0.205404 -0.454211 -0.049959  0.365765 -0.552249   9.51662
1.77464e+09    0.206474   -0.45061 -0.0354889  0.418856 -0.553432   9.51445
1.77464e+09    0.205392  -0.446426 -0.0342542  0.480979 -0.490191   9.53078
1.77464e+09    0.211946  -0.442094 -0.0365031  0.524186 -0.455151   9.56067
1.77464e+09    0.20921 -0.440218 -0.045289  0.532286 -0.442401   9.59681
1.77464e+09    0.212159  -0.430266 -0.0600125  0.558944 -0.370395   9.61974
1.77464e+09    0.210418  -0.430812 -0.0795904  0.606654 -0.335745   9.61184
1.77464e+09    0.213335  -0.433925 -0.0936602  0.646578 -0.328945   9.60328
1.77464e+09   0.210948 -0.429221 -0.107412   0.69733 -0.326372    9.5823
1.77464e+09   0.209975 -0.430935 -0.129368  0.743332 -0.325604   9.58024
1.77464e+09   0.205271 -0.426667 -0.142683  0.761681 -0.309335   9.62734
1.77464e+09   0.202367 -0.421609 -0.157164  0.808145 -0.278545   9.68325
1.77464e+09   0.196294 -0.415196 -0.165546  0.866963 -0.317447   9.74059
1.77464e+09    0.18943 -0.397396 -0.181302  0.887936 -0.290391   9.84509
1.77464e+09   0.189246 -0.393929 -0.184722   0.96612 -0.256486   9.93633
1.77464e+09   0.187282 -0.389454 -0.181364   1.02176 -0.256628   10.0534
1.77464e+09   0.186074 -0.380418 -0.168687   1.07204 -0.242802   10.1456
1.77464e+09   0.187555 -0.370955 -0.152751   1.12205 -0.218208   10.2665
1.77464e+09   0.193853 -0.352929 -0.132557    1.2037 -0.179127   10.2966
1.77464e+09   0.199907 -0.334787 -0.106686   1.27776 -0.129741   10.2971
1.77464e+09    0.197022   -0.32775 -0.0812225   1.32643 -0.126934   10.3058
1.77464e+09    0.194917  -0.316731 -0.0706884     1.3916 -0.0984107     10.329
1.77464e+09    0.197645  -0.310505 -0.0609001    1.47138 -0.0793682    10.3588
1.77464e+09    0.193977  -0.295605 -0.0669698    1.53894 -0.0665252    10.3918
1.77464e+09    0.193938  -0.295209 -0.0670636    1.57202 -0.0895914    10.4253
1.77464e+09     0.18545  -0.292322 -0.0788709   1.68846 -0.127048   10.4772
1.77464e+09    0.177052  -0.271013 -0.0963928  1.76188 -0.14459  10.5252
1.77464e+09   0.177903  -0.24974 -0.117859   1.83147 -0.153123   10.5635
1.77464e+09   0.176371 -0.236154 -0.129885   1.91814 -0.158689   10.5754
1.77464e+09   0.178112 -0.211573 -0.151478   1.98167 -0.163549   10.6121
1.77464e+09   0.186017  -0.18538 -0.169102   2.01861 -0.153961   10.6555
1.77464e+09   0.185686 -0.163868  -0.18431   2.03416 -0.167748   10.6725
1.77464e+09   0.187609 -0.139962 -0.186647   2.05422 -0.169659    10.677
1.77464e+09   0.190079 -0.108728 -0.189905   2.03058 -0.126798     10.66
1.77464e+09   0.191926 -0.091212 -0.181339    1.97114 -0.0699221    10.6279
1.77464e+09    0.187319 -0.0756673  -0.179121    1.92756 -0.0336364    10.5816
1.77464e+09    0.182535 -0.0663172   -0.17196   1.87222 0.0210272   10.5295
1.77464e+09     0.17386 -0.0561889  -0.151736  1.76652 0.136977  10.4706
1.77464e+09    0.159592 -0.0503162  -0.136537  1.63984 0.228954  10.4388
1.77464e+09    0.146678 -0.0428333  -0.119583  1.51933 0.309725  10.4059
1.77464e+09     0.13574 -0.0362942  -0.100995   1.4225 0.376862   10.382
1.77464e+09   0.119954 -0.038984 -0.076089  1.31951 0.480062  10.3473
1.77464e+09    0.102092 -0.0417751 -0.0497506  1.23739 0.521153  10.3218
1.77464e+09   0.0861604  -0.034213 -0.0313676  1.17972 0.573756  10.2759
1.77464e+09   0.0777509 -0.0321248 -0.0162696  1.13305 0.614555  10.2257
1.77464e+09    0.065125 -0.0267103 0.00792034  1.10527 0.587643  10.1341
1.77464e+09   0.0483788 -0.0168584 0.00858818  1.09608 0.535416  10.0776
1.77464e+09  0.0338964 -0.009507  0.013832  1.11104 0.506341  10.0532
1.77464e+09    0.0253163 -0.00246513   0.0100257  1.14925 0.464444  10.0635
1.77464e+09    0.0173815  0.00308601 -0.00277221  1.19801 0.413872  10.0893
1.77464e+09  0.00948242   0.014238 -0.0212734  1.23833 0.389609  10.1004
1.77464e+09  -0.00113295   0.0181908  -0.0393642  1.27445 0.340613  10.0997
1.77464e+09  -0.00243718   0.0279535  -0.0552612  1.31075 0.287797    10.11
1.77464e+09  -0.00109988   0.0320644   -0.076627  1.40603 0.267706  10.1351
1.77464e+09  -0.00156375   0.0424808   -0.109474  1.46368 0.228128   10.151
1.77464e+09  -0.0049109   0.052998  -0.134465  1.47708 0.156609   10.144
1.77464e+09  -0.0136401  0.0557851  -0.145458  1.47738 0.121751  10.1255
1.77464e+09  -0.00587309   0.0726479   -0.167785 1.46942 0.14692 10.0975
1.77464e+09  -0.00950396   0.0806271   -0.184507  1.46776 0.158673  10.0671
1.77464e+09  -0.0185028  0.0884142  -0.205479  1.45539 0.152049  10.0406
1.77464e+09  -0.0189104   0.101191  -0.218897  1.41514 0.168047   10.036
1.77464e+09  -0.0318674  0.0957782  -0.237652  1.40777 0.192192   10.053
1.77464e+09  -0.0429512  0.0885971  -0.257523  1.33661 0.170034  10.0906
1.77464e+09  -0.0575027  0.0913617  -0.268233  1.25221 0.184937  10.1282
1.77464e+09  -0.0675677  0.0931306   -0.29021  1.13567 0.190283  10.1586
1.77464e+09  -0.0793703  0.0935746  -0.294614  1.01351 0.205114  10.1696
1.77464e+09  -0.0831167  0.0960436  -0.291364 0.953505 0.232225    10.17
1.77464e+09  -0.0840811   0.104039  -0.280935 0.913917 0.222565  10.1657
1.77464e+09  -0.0951185   0.109654  -0.257636 0.865862 0.185425  10.1546
1.77464e+09  -0.093917  0.110193  -0.23476 0.858526 0.168579  10.1403
1.77464e+09  -0.0920178    0.11111  -0.213661 0.871865 0.146778  10.0905
1.77464e+09  -0.0926274   0.127449  -0.190007 0.885274 0.112397  10.0268
1.77464e+09  -0.0876743    0.12759  -0.166897  0.902276 0.0991939    9.9479
1.77464e+09  -0.0957729   0.131896  -0.146409  0.936363 0.0625062   9.91754
1.77464e+09  -0.101833  0.127562 -0.135646  0.963881 0.0119346   9.95415
1.77464e+09  -0.107106  0.119822 -0.132268    0.974926 -0.00117873      10.024
1.77464e+09  -0.107399  0.122535 -0.135261     1.0144 -0.0135129    10.0501
1.77464e+09  -0.110097  0.126961 -0.142327   0.960213 -0.0247023    10.0084
1.77464e+09  -0.112644  0.125552 -0.142865   0.937159 -0.0558236    10.0136
1.77464e+09  -0.114276  0.139432 -0.156362   0.871731 -0.0635488     10.051
1.77464e+09  -0.108339  0.139907 -0.177455   0.865725 -0.0413393    10.1069
1.77464e+09  -0.110743    0.1414 -0.192111   0.843097 -0.0670666    10.0967
1.77464e+09  -0.112892  0.140142  -0.20251  0.751333 -0.100435   10.0481
1.77464e+09  -0.111648  0.145856 -0.210472  0.656974 -0.102049   9.99169
1.77464e+09  -0.104265  0.143933 -0.228426  0.627453 -0.106975   9.91663
1.77464e+09  -0.106761   0.14818 -0.236742   0.59136 -0.135769   9.85696
1.77464e+09  -0.109448  0.145993 -0.230917 0.537944 -0.16356  9.83655
1.77464e+09  -0.106368  0.139403 -0.230718  0.499823 -0.183676   9.83407
1.77464e+09  -0.105387  0.132358  -0.23072  0.486961 -0.233715    9.8239
1.77464e+09  -0.102248  0.122259 -0.222011 0.475854 -0.29293  9.77686
1.77464e+09  -0.109132  0.116528 -0.215966  0.429622 -0.340819   9.75599
1.77464e+09  -0.108031  0.110481 -0.201369 0.376234 -0.39438  9.75899
1.77464e+09   -0.10081  0.099176 -0.191501  0.375267 -0.395322   9.78221
1.77464e+09  -0.101457 0.0971384 -0.166281  0.361309 -0.387046   9.78798
1.77464e+09  -0.0971632  0.0876742  -0.149597  0.392786 -0.404781   9.78828
1.77464e+09    -0.1052 0.0770358 -0.127503  0.386842 -0.386423   9.79838
1.77464e+09  -0.0993801  0.0753572  -0.114487  0.401281 -0.350479   9.84684
1.77464e+09   -0.102945  0.0682475 -0.0938239  0.430318 -0.364271   9.87073
1.77464e+09   -0.104251  0.0629888 -0.0853898 0.492937 -0.33433  9.82638
1.77464e+09   -0.115958  0.0443677 -0.0706604  0.471409 -0.381522    9.8092
1.77464e+09    -0.11761  0.0393331 -0.0530678    0.5103 -0.420289   9.82247
1.77464e+09   -0.114684  0.0295171 -0.0435901 0.547247 -0.41839  9.84915
1.77464e+09   -0.113302  0.0282011 -0.0387938  0.595807 -0.473702   9.89634
1.77464e+09    -0.11417  0.0198783 -0.0235639  0.645105 -0.537498   9.90684
1.77464e+09   -0.105848  0.0109758 -0.0201885 0.695782 -0.54917  9.91576
1.77464e+09   -0.0956412 0.000534282 -0.00888517  0.726348 -0.606142   9.89772
1.77464e+09   -0.0821489 0.000837077  0.00755794  0.738451 -0.641438    9.8577
1.77464e+09   -0.0663742 0.000770418   0.0176958  0.695212 -0.656695   9.85205
1.77464e+09  -0.0459489 0.00103549   0.019675   0.69932 -0.665556    9.8542
1.77464e+09    -0.026393 -0.00103011   0.0224031  0.640129 -0.673837   9.97747
1.77464e+09  -0.0851606 -0.0293781  0.0310694  0.298217 -0.879844   13.9864
1.77464e+09  -0.297185 -0.221388 0.0207729  2.3522 -1.9742 16.7724
1.77464e+09   -0.121626  -0.116263 0.00459222 0.437415 -0.34657    13.84
1.77464e+09  -0.0191822  0.0261512  0.0428653 -0.975426 0.0563398    11.284
1.77464e+09  -0.103186  0.103415  0.144462  0.438288 -0.864989   10.2728
1.77464e+09  -0.095097 0.0770621  0.221905  0.616013 -0.790353   9.63846
1.77464e+09  0.0127662  0.109673  0.270823  0.949912 -0.610258   9.77868
1.77464e+09  0.032611 0.123332 0.262683  1.02761 -1.20716  10.1636
1.77464e+09  0.0276715  0.139308  0.223558 0.843347 -1.05384  10.1049
1.77464e+09  0.0694306  0.169497  0.166854    0.6967 -0.864749   9.95128
1.77464e+09  0.0612837  0.178808  0.108411 0.66017 -1.0263 9.83221
1.77464e+09    0.05544  0.174525 0.0528769  0.632628 -0.927667   9.70534
1.77464e+09   0.058792  0.167745 0.0108712  0.574859 -0.811482   9.53292
1.77464e+09    0.038761    0.15685 -0.0213632  0.455703 -0.729436    9.3907
1.77464e+09   0.0169122   0.143615 -0.0359095  0.23457 -0.61157  9.32002
1.77464e+09  0.00314691   0.119716 -0.0516585  0.140652 -0.607382   9.43636
1.77464e+09  -0.00676387   0.0696909  -0.0620229  0.337686 -0.514989   9.57624
1.77464e+09  -0.00523449   0.0319691  -0.0855374 -0.0113746  -0.354473    9.58787
1.77464e+09  -0.000952163   0.00214088    -0.120798 -0.150826 -0.367387    9.5576
1.77464e+09  -0.0130975 -0.0253658  -0.149284 -0.196583 -0.492002   9.59331
1.77464e+09  -0.0144297 -0.0581926  -0.164016 -0.155591 -0.413926   9.61457
1.77464e+09  -0.0098892 -0.0825212  -0.164024 -0.0975595  -0.432656    9.63517
1.77464e+09  -0.0133518  -0.109753  -0.156278 -0.00215073   -0.510252     9.66388
1.77464e+09  -0.0114986  -0.128691  -0.148418  0.125794 -0.544736   9.68531
1.77464e+09  -0.00412087   -0.149125   -0.148428  0.331859 -0.606184   9.68756
1.77464e+09  0.00177921  -0.164013  -0.146277  0.490694 -0.678948   9.69721
1.77464e+09  0.000591865   -0.184472    -0.14775  0.639666 -0.738445   9.70998
1.77464e+09  0.00827532  -0.199757  -0.145027  0.868909 -0.790957   9.69922
1.77464e+09  0.0271394 -0.174303 -0.153617  0.844527 -0.765368    9.6432
1.77464e+09  0.0300071 -0.162789 -0.172484  0.963258 -0.883155   9.68051
1.77464e+09  0.0380015 -0.140984 -0.188797     1.182 -0.986232   9.79829
1.77464e+09  0.0553128 -0.128298 -0.203221   1.38049 -0.966714   9.88717
1.77464e+09   0.0781924 -0.0952301  -0.203697   1.49115 -0.994444   9.90445
1.77464e+09   0.0829451 -0.0582596  -0.216524  1.52427 -1.09318  9.89698
1.77464e+09   0.0959508 -0.0217373   -0.21632  1.56402 -1.10312  9.90405
1.77464e+09    0.113171 0.00971725  -0.210884  1.68606 -1.07856   9.8998
1.77464e+09    0.12247 0.0428706 -0.210941  1.63749 -1.13996  9.89499
1.77464e+09   0.138592 0.0862853 -0.200858  1.61125 -1.08494  9.89442
1.77464e+09   0.152988  0.115485 -0.188901  1.55744 -1.02296  9.86382
1.77464e+09   0.165809  0.138258 -0.196589   1.50406 -0.985501    9.8267
1.77464e+09  0.172311 0.155679 -0.19531  1.40297 -0.91347  9.78831
1.77464e+09  0.183169 0.169736 -0.19558   1.27373 -0.797213   9.73348
1.77464e+09   0.182552  0.177265 -0.195289   1.12649 -0.715779   9.70375
1.77464e+09     0.1853  0.186246 -0.206196   1.00727 -0.610021   9.69617
1.77464e+09   0.191147  0.175846 -0.224024  0.925688 -0.491952   9.67459
1.77464e+09   0.196634  0.172906 -0.230713  0.822503 -0.428632   9.65675
1.77464e+09   0.197728  0.157644 -0.243853  0.720535 -0.370202   9.63129
1.77464e+09   0.197995  0.138867 -0.247436 0.637328 -0.28395  9.61836
1.77464e+09  0.197622 0.123309 -0.26118  0.571849 -0.285467   9.64422
1.77464e+09   0.204621  0.106839 -0.266421  0.509322 -0.231277   9.72247
1.77464e+09   0.219079 0.0886772   -0.2606  0.424503 -0.165449   9.85814
1.77464e+09   0.237052  0.080169 -0.263275   0.372842 -0.0619084    9.93773
1.77464e+09   0.245643 0.0761046 -0.257484   0.215941 -0.0455532    9.93017
1.77464e+09   0.245103 0.0780936 -0.252433   0.185809 -0.0751009    9.87934
1.77464e+09   0.247058 0.0762623 -0.251365    0.23286 -0.0422104    9.80753
1.77464e+09   0.241333 0.0658304 -0.248249  0.314362 0.0253757   9.73571
1.77464e+09   0.233108 0.0676038 -0.250742  0.362653 0.0209035   9.73102
1.77464e+09   0.224772 0.0627891 -0.235836  0.311717 0.0133458    9.7517
1.77464e+09   0.213922 0.0657434 -0.245471  0.345921 0.0213054   9.73135
1.77464e+09   0.203922 0.0594428 -0.257868   0.430024 0.00921751    9.72779
1.77464e+09   0.220367 0.0478846 -0.276213   0.475855 -0.0278865    9.93528
1.77464e+09   0.289234 0.0447946 -0.287306 0.597091 0.474787  10.1517
1.77464e+09   0.325971 0.0603291 -0.301001 0.424929 0.429083  10.1547
1.77464e+09   0.328333 0.0808256 -0.325072  0.466981 0.0279662   10.0215
1.77464e+09    0.31469 0.0914733 -0.326706    0.544662 -0.00323535     9.89268
1.77464e+09   0.319848 0.0984175 -0.337481 0.582207 0.197015  9.82234
1.77464e+09   0.310879  0.101417 -0.337747 0.644178 0.269044    9.803
1.77464e+09   0.287062  0.103239 -0.345919  0.63456 0.411342  9.78233
1.77464e+09  0.286949 0.109356 -0.33915   0.5629 0.714922  9.74578
1.77464e+09   0.277002  0.109714 -0.319547 0.464414 0.793248  9.74321
1.77464e+09   0.264585  0.102424 -0.298345 0.364874 0.910273  9.78563
1.77464e+09    0.24633  0.102843 -0.286189 0.226839   1.0513  9.84998
1.77464e+09   0.219405  0.108038 -0.269743 0.0820247   1.08063   9.86653
1.77464e+09  0.208154  0.11088  -0.2647 0.0221586   1.12882   9.86781
1.77464e+09   0.209289  0.100245 -0.248012 -0.0528396    1.45289    9.83009
1.77464e+09   0.167361  0.098449 -0.239866 -0.0556823    1.23554    9.79906
1.77464e+09   0.124212 0.0792876 -0.235218 -0.0980708    1.11598    9.74839
1.77464e+09   0.105017 0.0628075  -0.23708 -0.119606   1.24342   9.71042
1.77464e+09  0.0917086 0.0435278 -0.236607 -0.117267   1.24186   9.70648
1.77464e+09  0.0657132 0.0320062 -0.241726 -0.140445   1.18806   9.70185
1.77464e+09   0.0459405 0.00772385  -0.248228 -0.122911   1.20747   9.70153
1.77464e+09   0.0330761 -0.0122399  -0.255149 -0.0316833     1.1673    9.69848
1.77464e+09   0.0147233 -0.0311489  -0.262368 0.072889   1.0628   9.6844
1.77464e+09  -0.00647354  -0.0394442   -0.276371 0.186562  1.00398  9.69402
1.77464e+09   -0.017511 -0.0435354  -0.276088 0.326813 0.981813  9.71401
1.77464e+09  -0.0305228 -0.0498143  -0.281126 0.469777 0.946535  9.75287
1.77464e+09  -0.0425667 -0.0467888  -0.294611 0.577566  0.89225  9.79009
1.77464e+09  -0.0609973 -0.0426375  -0.291958 0.631895 0.804963  9.83747
1.77464e+09  -0.0767012 -0.0315594  -0.299068 0.698111 0.719138    9.884
1.77464e+09   -0.0872604 -0.00898897   -0.308469 0.723869 0.726609  9.90531
1.77464e+09   -0.090495 0.00292123    -0.3153 0.798537 0.675472  9.88494
1.77464e+09   -0.10213 0.0193284 -0.317378 0.837522  0.58285  9.84372
1.77464e+09  -0.104897 0.0313982 -0.313437 0.886828 0.542929  9.79175
1.77464e+09  -0.101852 0.0423683 -0.312992 0.912464 0.506418  9.77637
1.77464e+09  -0.105879 0.0497252 -0.305236 0.961537 0.440261  9.78423
1.77464e+09  -0.108767 0.0552341 -0.294238 0.97044  0.3796 9.79113
1.77464e+09  -0.109857 0.0692896 -0.282649 0.980802 0.278279  9.79064
1.77464e+09  -0.113183 0.0730167 -0.269628 0.956634 0.224284  9.76725
1.77464e+09  -0.108553 0.0814407 -0.260254 0.915838 0.165005  9.76101
1.77464e+09  -0.108223 0.0814858 -0.253098 0.870278 0.142156  9.75988
1.77464e+09  -0.109939 0.0848871 -0.247973 0.852283 0.114818  9.74357
1.77464e+09  -0.109239 0.0982889 -0.232409  0.795869 0.0471486   9.77067
1.77464e+09  -0.108664  0.103222 -0.216984   0.701477 0.00358224    9.81831
1.77464e+09  -0.105465   0.10297 -0.201394  0.630804 -0.016205   9.83032
1.77464e+09  -0.0930703   0.119574  -0.180914   0.603433 -0.0142063    9.83614
1.77464e+09  -0.0911145   0.120096  -0.159849   0.557986 -0.0244115    9.83973
1.77464e+09  -0.0919318   0.121096  -0.123299   0.491061 -0.0162194    9.82834
1.77464e+09  -0.0851431   0.124881 -0.0818095   0.446705 -0.0151698    9.81668
1.77464e+09  -0.0818177   0.121695 -0.0551265   0.413102 -0.0372959    9.80498
1.77464e+09    -0.08072   0.120409 -0.0200613   0.354609 -0.0349998    9.79855
1.77464e+09  -0.0718072   0.117486 0.00826464    0.311601 -0.00478263     9.80243
1.77464e+09  -0.0718912   0.113896  0.0466457   0.267511 -0.0312789    9.78646
1.77464e+09  -0.0731978    0.10167  0.0676233     0.2766 -0.0575167    9.76046
1.77464e+09  -0.0692315  0.0977205  0.0913218  0.230473 -0.136336   9.75401
1.77464e+09  -0.0608385  0.0880886   0.117961   0.253471 -0.0505381    9.75506
1.77464e+09  -0.0534017  0.0837401   0.131167  0.247151 -0.115437   9.83966
1.77464e+09  -0.0498038  0.0884003   0.138927   0.219554 -0.0748892    10.0632
1.77464e+09   -0.0438 0.122062 0.150728 -0.178212 -0.071902   10.0797
1.77464e+09  -0.0395069   0.143569   0.162103 -0.113443 -0.146138   9.95184
1.77464e+09  -0.0461462   0.143537   0.163855  0.146072 -0.176069   9.85584
1.77464e+09  -0.0417698   0.126513   0.169422   0.231781 -0.0892778    9.76603
1.77464e+09  -0.0263414    0.11303   0.165726   0.243573 -0.0939683     9.7957
1.77464e+09  -0.0343947   0.112261    0.16465 0.0890177 -0.156046   9.79195
1.77464e+09  -0.0338344   0.115369   0.144501 -0.0798346 -0.0501884    9.80117
1.77464e+09  -0.0266137   0.113693   0.134974 -0.0898498  0.0108216    9.83641
1.77464e+09  -0.024111  0.104954   0.12098  -0.055644 -0.0695326    9.82385
1.77464e+09  -0.0201201  0.0847069  0.0967832 0.00647116 -0.0470828    9.79467
1.77464e+09  -0.0227679  0.0737548  0.0738496 -0.0142244 -0.0750072    9.80602
1.77464e+09  -0.0193264  0.0695271  0.0544396   -0.11789 -0.0179648    9.82343
1.77464e+09  -0.00666424   0.0653688   0.0343951  -0.158398 -0.0415653    9.82785
1.77464e+09  -0.00841151   0.0577285   0.0103231 -0.146625 -0.110321   9.82423
1.77464e+09  -0.00880199    0.051668  -0.0106497  -0.110882 -0.0709783     9.8274
1.77464e+09  -0.000553954     0.046274   -0.0366664 -0.102114 -0.105616   9.82076
1.77464e+09  0.00402535  0.0346459 -0.0600581 -0.0823087  -0.139235    9.81528
1.77464e+09  0.00542604  0.0301317 -0.0773619 -0.0697804 -0.0728728    9.80833
1.77464e+09  0.00756537  0.0264235 -0.0906172 -0.0510428 -0.0494289    9.79571
1.77464e+09  0.0142402 0.0220606 -0.108797 -0.00155981  -0.0446871     9.79149
1.77464e+09  0.0149812   0.01431 -0.121881  0.0110114 -0.0715025    9.79403
1.77464e+09   0.0212667 0.00554178  -0.141387  0.0255036 -0.0617188    9.80546
1.77464e+09    0.0253242 -0.00170241   -0.152139  0.0217526 -0.0475402    9.81253
1.77464e+09   0.0248693 0.00017303  -0.154674  0.0187554 -0.0454374    9.81582
1.77464e+09    0.0220722 -0.00864781   -0.160582  0.0352818 0.00224052    9.82348
1.77464e+09   0.0274547 -0.0144893  -0.165016 0.0485512 0.0446493   9.82885
1.77464e+09   0.0288279 -0.0158597  -0.166275 0.0664364 0.0595162   9.83394
1.77464e+09   0.0273971 -0.0156024  -0.156488 0.0965461 0.0687139   9.81747
1.77464e+09   0.0269397 -0.0177375  -0.151829  0.097783 0.0750997   9.81129
1.77464e+09   0.0316116 -0.0222885  -0.142025 0.142916 0.101393  9.79785
1.77464e+09   0.0286699 -0.0263626  -0.140356 0.164128 0.087891  9.78471
1.77464e+09   0.0297152 -0.0310772  -0.131337  0.145526 0.0893783   9.80297
1.77464e+09   0.0289884 -0.0255456  -0.119322  0.140137 0.0754621    9.8118
1.77464e+09   0.0283209 -0.0232525  -0.102312 0.183784 0.072477  9.79448
1.77464e+09   0.0292953 -0.0343807  -0.077563 0.223856  0.12937  9.79088
1.77464e+09   0.0307639 -0.0295616 -0.0618062 0.214679  0.11896  9.79162
1.77464e+09   0.0278726 -0.0296761 -0.0479172 0.221438 0.117047   9.7991
1.77464e+09    0.019807 -0.0308395 -0.0280072 0.261394 0.161012  9.79683
1.77464e+09    0.0286887  -0.0327139 -0.00793537 0.280458 0.182607  9.79017
1.77464e+09   0.0304493 -0.0339117  0.0215187 0.293803 0.176426  9.80764
1.77464e+09   0.0263755 -0.0298857  0.0404487 0.293085 0.152475  9.79541
1.77464e+09   0.0248489 -0.0292731  0.0631843 0.303015 0.178579   9.7976
1.77464e+09   0.0247082 -0.0293369  0.0831898 0.325145 0.252725  9.81532
1.77464e+09   0.0229228 -0.0273671   0.104032 0.349538 0.274191  9.80904
1.77464e+09   0.0182147 -0.0226787   0.128005 0.382919 0.254681  9.80578
1.77464e+09   0.0137513 -0.0242459   0.148452 0.406865 0.301326   9.7989
1.77464e+09   0.0119589 -0.0174656   0.162147 0.400314 0.339218  9.78919
1.77464e+09  0.00301582  -0.018784   0.181979 0.417346 0.333078  9.78193
1.77464e+09  -0.00514761  -0.0137073    0.192646 0.435978 0.334222  9.78826
1.77464e+09  -0.00651828 -0.00850829    0.210465 0.468726 0.353722  9.79838
1.77464e+09  -0.00626473  -0.0048156    0.229934 0.494467 0.355259  9.80044
1.77464e+09  -0.0121878 -0.0041569   0.233795 0.491829 0.337555   9.7977
1.77464e+09   -0.0190887 0.000573952    0.241878 0.464769  0.32264  9.79255
1.77464e+09   -0.0272231 0.000552223    0.247202 0.452765 0.349283  9.80609
1.77464e+09  -0.0272713 0.00709847   0.246733 0.463775 0.351756  9.81374
1.77464e+09  -0.0317115  0.0103817   0.246621 0.463237 0.330325  9.80252
1.77464e+09  -0.0400409  0.0123766   0.247797 0.458682 0.312059  9.79759
1.77464e+09  -0.0428507  0.0159694   0.238712 0.456294 0.287613  9.80707
1.77464e+09  -0.0453536  0.0192498   0.235368 0.436871 0.262457  9.81859
1.77464e+09  -0.0460277  0.0185065   0.216968 0.420108 0.264677  9.80164
1.77464e+09  -0.0526455  0.0213082   0.212183 0.414224 0.256421  9.79865
1.77464e+09  -0.0508911  0.0237624    0.20376 0.413797  0.25353  9.79069
1.77464e+09  -0.0509668  0.0247114   0.191149 0.407523 0.248439  9.80785
1.77464e+09  -0.0544003  0.0235548   0.175842 0.398651 0.213311  9.81463
1.77464e+09  -0.0621721   0.027673   0.153128 0.375168 0.181869  9.79905
1.77464e+09  -0.056502 0.0261354  0.133822 0.351763 0.173248   9.7891
1.77464e+09  -0.0675983  0.0307582   0.119448 0.346475 0.137418  9.80585
1.77464e+09  -0.0651903  0.0322373   0.104346 0.342046 0.115609  9.81017
1.77464e+09  -0.0636148   0.032164  0.0789573 0.350813 0.162176  9.81889
1.77464e+09  -0.0583818  0.0265872  0.0610498 0.331874 0.117453  9.81413
1.77464e+09  -0.0657334  0.0308945  0.0408624  0.301808 0.0350729   9.81305
1.77464e+09  -0.0668363  0.0315039  0.0233748  0.293509 0.0548524   9.80932
1.77464e+09  -0.0580962  0.0226424  0.0104201  0.305612 0.0684826   9.81592
1.77464e+09    -0.058912   0.0300901 -0.00490784  0.301627 0.0285441   9.81918
1.77464e+09  -0.0607611  0.0265721 -0.0233944   0.285444 0.00427981    9.81254
1.77464e+09  -0.0643737  0.0261894 -0.0403553  0.270681 0.0045796   9.81959
1.77464e+09  -0.0534175  0.0304903 -0.0523402   0.264459 -0.0036195     9.8284
1.77464e+09  -0.0525767  0.0252963 -0.0668315   0.236943 -0.0436863    9.81453
1.77464e+09  -0.0490326  0.0211651 -0.0777026   0.217991 -0.0684053    9.81261
1.77464e+09  -0.0526392  0.0211819 -0.0886503   0.218312 -0.0722311    9.81707
1.77464e+09  -0.0433137     0.0223  -0.102489  0.216246 -0.077802   9.81369
1.77464e+09  -0.0408124  0.0189813  -0.106968 0.211013 -0.11558  9.81776
1.77464e+09  -0.037273 0.0192034 -0.113575  0.214458 -0.160341   9.80828
1.77464e+09  -0.0391098  0.0157748   -0.11619  0.212195 -0.167625   9.80808
1.77464e+09  -0.0335743  0.0161626  -0.122201  0.201876 -0.151392   9.81126
1.77464e+09  -0.0271245  0.0127282  -0.121575  0.188648 -0.170884   9.82026
1.77464e+09  -0.0250076  0.0149254  -0.127837  0.181744 -0.176692    9.8296
1.77464e+09  -0.0119948  0.0125273  -0.125947  0.196286 -0.141633   9.84459
1.77464e+09  -0.00974356   0.0095754   -0.123946  0.196658 -0.125619    9.8575
1.77464e+09  -0.00280916  0.00867618   -0.118588  0.183371 -0.153432   9.84215
1.77464e+09  -0.00392681  0.00734753   -0.121639  0.170803 -0.188398   9.81765
1.77464e+09  -0.00188997  0.00830227   -0.116055  0.167829 -0.206913   9.77624
1.77464e+09  -0.00322037   0.0104375   -0.114247  0.149717 -0.210146   9.76015
1.77464e+09  -0.00529097   0.0117873   -0.114197  0.150832 -0.192248   9.72926
1.77464e+09  -0.00537733  0.00480498   -0.107388  0.207113 -0.163742   9.71491
1.77464e+09  -0.00189563  -0.0087498   -0.103802  0.257001 -0.145756   9.76051
1.77464e+09  0.000826677 -0.00590915  -0.0975428 0.227752 -0.13598  9.80821
1.77464e+09    0.0109094 -0.00500982  -0.0953098  0.154809 -0.155263    9.8514
1.77464e+09    0.0132612 -0.00184397  -0.0896075  0.147508 -0.166403   9.87612
1.77464e+09    0.0244814 -0.00557307  -0.0788144   0.19164 -0.113191   9.86221
1.77464e+09    0.0338548 -0.00916438  -0.0637159  0.240693 -0.134417   9.83811
1.77464e+09    0.038683 -0.0160586 -0.0515397  0.259867 -0.198005   9.82847
1.77464e+09   0.0381084 -0.0158975 -0.0388207 0.223118 -0.18383  9.81492
1.77464e+09   0.0392967 -0.0128325  -0.029836  0.177765 -0.165043   9.81347
1.77464e+09   0.0480173 -0.0114427  -0.025818  0.187336 -0.150853   9.80129
1.77464e+09    0.047222 -0.0127778 -0.0146232  0.224288 -0.116254   9.79756
1.77464e+09    0.0472854  -0.0198383 -0.00610577 0.254943 -0.12512  9.81734
1.77464e+09    0.0468318  -0.0193088 -0.00258173   0.251091 -0.0961807    9.82648
1.77464e+09    0.0516245  -0.0174569 -0.00100514  0.237037 -0.022085   9.84159
1.77464e+09   0.0617256 -0.0198723 0.00721608    0.227476 -0.00932817     9.82477
1.77464e+09   0.0619687 -0.0168986  0.0174391   0.219875 -0.0329271    9.80988
1.77464e+09   0.0584813 -0.0197167  0.0227404   0.265578 -0.0384812    9.78601
1.77464e+09    0.06318 -0.018325 0.0362296   0.283722 0.00217674    9.77384
1.77464e+09   0.0647178 -0.0178672  0.0361921  0.285488 0.0384912   9.78113
1.77464e+09   0.0640468 -0.0165115  0.0422391  0.274725 0.0380021   9.77991
1.77464e+09   0.0648051 -0.0133125  0.0379712  0.287529 0.0559399   9.78276
1.77464e+09   0.0629261 -0.0146125  0.0430225  0.312734 0.0876862   9.80339
1.77464e+09   0.0605753 -0.0155962  0.0467378 0.317345 0.123597   9.8098
1.77464e+09   0.0576696 -0.0174697  0.0435712 0.328059 0.142022  9.80844
1.77464e+09   0.0617034 -0.0172564  0.0437857 0.321899 0.146281  9.80327
1.77464e+09   0.0608282 -0.0158892  0.0400276 0.312018 0.165954   9.7998
1.77464e+09   0.0593752 -0.0123395  0.0337573 0.324967 0.186607  9.80003
1.77464e+09   0.0592448 -0.0102618  0.0332952  0.34392 0.211133  9.81498
1.77464e+09   0.0534602 -0.0132799    0.03261  0.33789 0.225399  9.82724
1.77464e+09   0.0510558 -0.0120206    0.03004 0.331512 0.234781  9.80881
1.77464e+09    0.0500948 -0.00799814   0.0214332 0.317758 0.243485  9.79161
1.77464e+09    0.0490122 -0.00494581   0.0197429 0.307181 0.241286  9.79588
1.77464e+09   0.0431037 -0.0076257  0.0102668 0.318164 0.256975  9.80492
1.77464e+09    0.0392022 -0.00832952  0.00424603  0.33466 0.290069   9.8164
1.77464e+09    0.0412307 -0.00891842 0.000284681  0.34935 0.296516  9.81232
1.77464e+09    0.0326763  -0.0122152 -0.00537108 0.342978 0.288468   9.8008
1.77464e+09    0.0269605 -0.00721711  -0.0141331 0.340283 0.290133  9.79704
1.77464e+09    0.0230852 0.000613977   -0.019746 0.344674 0.296417  9.79602
1.77464e+09    0.0220162 -0.00373059   -0.019765 0.356561 0.309085  9.79614
1.77464e+09      0.018541 -0.000572181   -0.0286748 0.344206 0.313923  9.79796
1.77464e+09    0.0130726 0.000523641  -0.0366374 0.341329 0.313886  9.79886
1.77464e+09  0.00657515 0.00164505 -0.0399672 0.323583 0.336704   9.7966
1.77464e+09  0.00698151 0.00456807 -0.0411476 0.325607 0.338972  9.79769
1.77464e+09   0.0011681 0.00637474 -0.0492262 0.345649 0.326695  9.78911
1.77464e+09   -0.0016174 -0.00216909  -0.0482368 0.346541 0.316814  9.78235
1.77464e+09  -0.00697644  0.00400081  -0.0530842 0.342947 0.324074  9.78438
1.77464e+09   -0.012089 0.00364065  -0.057517 0.343437 0.336524  9.80005
1.77464e+09  -0.0178298  0.0045174 -0.0629441 0.346903 0.348896  9.80666
1.77464e+09  -0.0171755 0.00874448 -0.0629766 0.353848 0.340599  9.80619
1.77464e+09  -0.0263067  0.0111312 -0.0542347 0.348516 0.322771  9.79854
1.77464e+09  -0.0318578 0.00865263 -0.0554861  0.32518 0.303949  9.78932
1.77464e+09  -0.0319144  0.0122956 -0.0534132  0.30293 0.289052  9.80118
1.77464e+09  -0.0330153  0.0111988 -0.0536677 0.289295 0.280932  9.81051
1.77464e+09  -0.0429281  0.0105208 -0.0485954 0.295834 0.271335  9.80249
1.77464e+09  -0.0428197  0.0120101 -0.0452303 0.320241  0.27527  9.79172
1.77464e+09  -0.0401769  0.0118711 -0.0374638 0.331751 0.265817  9.79034
1.77464e+09  -0.0444416  0.0107469 -0.0369439 0.317762 0.235689  9.79673
1.77464e+09  -0.0465639   0.014604 -0.0235947 0.283498 0.225847  9.80595
1.77464e+09  -0.0518917   0.014411  -0.025851  0.28884 0.208412  9.81491
1.77464e+09  -0.052455 0.0128296 -0.012958  0.28878 0.184373  9.80858
1.77464e+09   -0.0530934    0.011955 -0.00712653 0.285633 0.172228  9.80132
1.77464e+09   -0.0535404   0.0121705 -0.00385669   0.2862 0.150051  9.81501
1.77464e+09  -0.0528797   0.014194 0.00352425 0.275782  0.13344  9.82562
1.77464e+09  -0.0562049  0.0106964  0.0126748 0.269191 0.107936  9.82145
1.77464e+09  -0.0563635  0.0123514  0.0233244 0.256894 0.102363  9.82263
1.77464e+09  -0.0563572  0.0140552  0.0328967  0.249001 0.0914764   9.81393
1.77464e+09  -0.0583576  0.0108326    0.03764  0.242743 0.0723822   9.81471
1.77464e+09  -0.0574848   0.010581  0.0498656   0.24062 0.0651666   9.82325
1.77464e+09  -0.0493887  0.0118819  0.0540771  0.237783 0.0528062   9.80975
1.77464e+09  -0.0530107  0.0131363  0.0634369 0.232597 0.037263  9.79957
1.77464e+09  -0.0544248 0.00788424  0.0660803  0.229859 0.0107414   9.80581
1.77464e+09   -0.050391 0.00347614  0.0727178   0.215584 -0.0173318    9.79532
1.77464e+09  -0.0515993 0.00834709  0.0875021   0.196536 -0.0329976    9.79181
1.77464e+09   -0.041244 0.00931086  0.0865649    0.18634 -0.0476608    9.79935
1.77464e+09  -0.0434351 0.00172684  0.0928793   0.191721 -0.0710424    9.80445
1.77464e+09  -0.0411506 0.00683159  0.0940962   0.192176 -0.0509337    9.81166
1.77464e+09  -0.0408991 0.00184961   0.101229   0.213308 -0.0666771    9.81572
1.77464e+09  -0.0333661 0.00255624    0.10227   0.223327 -0.0849309    9.79693
1.77464e+09  -0.0305305 0.00219358   0.104878   0.239072 -0.0880734    9.79293
1.77464e+09  -0.0267165 0.00433717   0.104868   0.22363 -0.107536   9.80756
1.77464e+09    -0.026229 -0.00269592    0.107192 0.195126  -0.1286  9.80636
1.77464e+09    -0.0264855 -0.000737066     0.102207  0.189982 -0.126877   9.81527
1.77464e+09   -0.0211399 -0.00757307    0.103549  0.202275 -0.128012   9.82466
1.77464e+09   -0.0163891 -0.00692553   0.0995102  0.203067 -0.125875   9.81042
1.77464e+09   -0.0137555 -0.00369794   0.0987438  0.216732 -0.136964   9.81382
1.77464e+09  -0.00782827 -0.00886311   0.0928684  0.226075 -0.141623   9.82032
1.77464e+09  -0.00469318  -0.0108772   0.0870727  0.224088 -0.164957   9.82994
1.77464e+09   -0.0024807 -0.00763906   0.0826725   0.21215 -0.166333   9.83907
1.77464e+09  0.000131117   -0.010332   0.0768548 0.210019 -0.15627  9.82209
1.77464e+09  0.00842056 -0.0112218  0.0783198   0.22782 -0.151968   9.80789
1.77464e+09  0.00798323 -0.0155622  0.0673442  0.239263 -0.144581   9.80972
1.77464e+09   0.0124785 -0.0120265  0.0587398  0.216615 -0.135851   9.81609
1.77464e+09   0.0152649 -0.0110654  0.0474832  0.202972 -0.144135   9.80714
1.77464e+09     0.01784 -0.0173126  0.0415412  0.195884 -0.122361   9.80521
1.77464e+09   0.0209113 -0.0201314    0.03028  0.21308 -0.10871  9.79262
1.77464e+09   0.0276366 -0.0156961  0.0189477   0.24558 -0.106653   9.78149
1.77464e+09   0.0285195 -0.0161869 0.00920145   0.271025 -0.0903914     9.7781
1.77464e+09    0.030141 -0.0135628  0.0012914    0.27458 -0.0798775    9.78071
1.77464e+09    0.0322536  -0.0133322 -0.00729471   0.293232 -0.0762919    9.79409
1.77464e+09   0.0352781 -0.0108151 -0.0215426    0.29395 -0.0687856    9.80489
1.77464e+09   0.0369677 -0.0190064 -0.0294288   0.300197 -0.0590841    9.81002
1.77464e+09   0.0357879 -0.0157696 -0.0378542      0.306 -0.0433599    9.81411
1.77464e+09   0.0402855  -0.018605 -0.0545338   0.317257 -0.0248007    9.82439
1.77464e+09   0.0442757 -0.0161363 -0.0578836   0.321999 -0.0259896    9.82102
1.77464e+09   0.0432752 -0.0130997 -0.0676079   0.321727 -0.0192758    9.81372
1.77464e+09   0.0491593 -0.0161745 -0.0811402    0.325418 -0.00412384     9.80124
1.77464e+09   0.0456823 -0.0130012 -0.0828892     0.3326 0.00954065    9.80129
1.77464e+09    0.0483823 -0.00609808  -0.0872863  0.342847 0.0239472   9.80896
1.77464e+09   0.0484373 -0.0125299  -0.100304  0.344354 0.0182376   9.81833
1.77464e+09   0.0508195 -0.0087887  -0.104935  0.347223 0.0329162   9.80992
1.77464e+09    0.0497656 -0.00763021   -0.107077  0.350348 0.0546618   9.80487
1.77464e+09   0.0481597 -0.0106265  -0.114026  0.353459 0.0643099   9.80372
1.77464e+09    0.0498636 -0.00646485   -0.120454   0.37224 0.0874818   9.78939
1.77464e+09    0.0478686 -0.00329102   -0.120355   0.37929 0.0892515   9.77725
1.77464e+09    0.0436063 -0.00701257   -0.126627   0.36632 0.0897008   9.77538
1.77464e+09    0.0490302 -0.00120769   -0.127335 0.372183 0.104855   9.7784
1.77464e+09    0.046659 0.00454654  -0.123541 0.385124 0.119189  9.78683
1.77464e+09  0.0467019 0.0016259 -0.119566  0.36293 0.142899  9.79515
1.77464e+09   0.0462374 0.00333935  -0.123476 0.367644 0.159875  9.80499
1.77464e+09   0.0425822 0.00706933  -0.121414 0.378103 0.171024  9.80447
1.77464e+09   0.0404701 0.00425646  -0.120668 0.375657 0.186078  9.80403
1.77464e+09   0.0368223 0.00799413   -0.10942 0.352495  0.18923  9.79623
1.77464e+09   0.0345412 0.00899244  -0.112178 0.351249 0.209249  9.80083
1.77464e+09  0.0328048 0.0113808 -0.101524 0.355136 0.230097  9.81097
1.77464e+09   0.0305051   0.013669 -0.0943574 0.371521 0.236364  9.80045
1.77464e+09    0.027214  0.0127724 -0.0854245 0.366795 0.244971  9.79454
1.77464e+09    0.023369  0.0130092 -0.0763932 0.357596 0.248642  9.79554
1.77464e+09   0.0250425  0.0151872 -0.0707531  0.34603 0.242499  9.78753
1.77464e+09   0.0173015  0.0138014 -0.0610049 0.322416 0.258938  9.79691
1.77464e+09   0.0162406   0.020293 -0.0471173 0.313775 0.266704  9.80095
1.77464e+09   0.0136382  0.0186227 -0.0456695 0.304733  0.27736  9.79214
1.77464e+09  0.00954635  0.0178654 -0.0295392 0.293003 0.281941  9.79795
1.77464e+09  0.00713867  0.0182844 -0.0198612  0.28851 0.277564  9.80134
1.77464e+09  0.00132201  0.0150383 -0.0103413 0.287558 0.274942  9.80606
1.77464e+09  -0.000588682    0.0178956   0.00385751 0.283791 0.283855  9.81859
1.77464e+09  -0.00589067   0.0175275   0.0137484 0.274852 0.284819  9.80737
1.77464e+09  -0.00775672   0.0119042   0.0225084 0.257543 0.285772  9.79712
1.77464e+09  -0.0123151  0.0136476  0.0307185 0.259729 0.276347  9.78548
1.77464e+09  -0.0162603  0.0183337  0.0401575  0.24098 0.259792  9.78348
1.77464e+09  -0.0139887  0.0139231  0.0487738 0.22961   0.245 9.79021
1.77464e+09  -0.0196144  0.0163249  0.0542907 0.238892 0.232425  9.78642
1.77464e+09  -0.0239595  0.0152809  0.0608824 0.244419 0.224697   9.7944
1.77464e+09  -0.0227025  0.0136263  0.0716476 0.240903 0.223552  9.80801
1.77464e+09  -0.0259871  0.0148583  0.0730802 0.222444 0.228669   9.8269
1.77464e+09  -0.0321626 0.00727638  0.0791924 0.209651 0.232768  9.81647
1.77464e+09  -0.0302104  0.0124365  0.0819149 0.195386 0.235353  9.79946
1.77464e+09   -0.034691 0.00936396  0.0844829 0.191486 0.244822  9.79266
1.77464e+09  -0.0363629 0.00950049  0.0898015   0.2024 0.245779  9.79629
1.77464e+09   -0.0396335 0.000465495   0.0890651 0.209129 0.217512  9.80371
1.77464e+09  -0.0407483 0.00306776  0.0876574 0.202763  0.19052  9.80038
1.77464e+09   -0.0404332 0.000730349   0.0864523 0.189191 0.174381  9.80216
1.77464e+09  -0.0417191 0.00113808  0.0829013 0.193488 0.149824  9.81567
1.77464e+09   -0.0459864 -0.00276611   0.0865123 0.177698 0.139323  9.82029
1.77464e+09   -0.0448881 -0.00374651   0.0854228 0.175853 0.130284  9.81477
1.77464e+09   -0.0448627 -0.00172703   0.0815762 0.188807 0.117318  9.81817
1.77464e+09   -0.0450026 -0.00708887   0.0779959  0.180374 0.0979771   9.82378
1.77464e+09  -0.0474813 -0.0062575  0.0749459  0.175973 0.0822957   9.82189
1.77464e+09   -0.0422901 -0.00496522   0.0724217 0.179013 0.075227  9.80109
1.77464e+09   -0.0436117 -0.00758726   0.0690933  0.178398 0.0644423   9.80258
1.77464e+09  -0.0444174 -0.0134619  0.0655326  0.195643 0.0683219   9.81138
1.77464e+09   -0.0434355 -0.00860121   0.0578319  0.226965 0.0479081   9.81457
1.77464e+09   -0.0427469 -0.00925696   0.0541374   0.22602 0.0184071   9.80629
1.77464e+09  -0.0470426 -0.0150144  0.0492785    0.213998 -0.00264185     9.80213
1.77464e+09  -0.0409959 -0.0127697  0.0470116   0.237151 -0.0175437    9.80931
1.77464e+09  -0.0413092 -0.0138663  0.0411369   0.238518 -0.0312879    9.80912
1.77464e+09  -0.0383878 -0.0129476  0.0388237   0.234355 -0.0371384    9.80341
1.77464e+09  -0.0377444 -0.0153987  0.0360006   0.249477 -0.0310501     9.8126
1.77464e+09  -0.0308017  -0.021662  0.0306382   0.270193 -0.0442792    9.80983
1.77464e+09  -0.0309934 -0.0188636  0.0268095    0.27436 -0.0538474    9.81288
1.77464e+09   -0.029416 -0.0188856  0.0238423   0.275726 -0.0548533    9.81668
1.77464e+09  -0.0240035 -0.0186512  0.0135823   0.284738 -0.0607038    9.81857
1.77464e+09  -0.0247815 -0.0169996  0.0181438   0.303319 -0.0742888    9.80791
1.77464e+09  -0.0186946 -0.0162519  0.0172585   0.299667 -0.0933382    9.81428
1.77464e+09  -0.0146576 -0.0206816  0.0100761  0.294186 -0.100857   9.82026
1.77464e+09  -0.0161044 -0.0197901 0.00907324  0.302265 -0.110467   9.82824
1.77464e+09  -0.0097305 -0.0202627 0.00896544  0.313539 -0.127897   9.83692
1.77464e+09  -0.00893909  -0.0143372  0.00459076  0.323372 -0.130796   9.83137
1.77464e+09  -8.17423e-05   -0.0123772   0.00202149  0.324933 -0.130085   9.82861
1.77464e+09   -0.00297996  -0.00940309 -0.000766059  0.333745 -0.133096   9.82835
1.77464e+09  0.000407248  -0.0169283 0.000268244  0.356225 -0.116415   9.82573
1.77464e+09   0.00710708  -0.0152367 -0.00661463  0.367166 -0.105552    9.8189
1.77464e+09    0.0052508 -0.00855568 -0.00761691   0.386767 -0.0871385    9.82439
1.77464e+09    0.0127485 -0.00632999 -0.00919555  0.397189 -0.101254   9.81422
1.77464e+09    0.0146409 -0.00423005 -0.00892108  0.385023 -0.127385   9.80377
1.77464e+09    0.0166555 -0.00336595  -0.0113547   0.37039 -0.112422   9.81034
1.77464e+09    0.0229548 -0.00762111  -0.0127628   0.365383 -0.0919397    9.80943
1.77464e+09    0.0206212 -0.00323449  -0.0104845  0.368979 -0.075297   9.80298
1.77464e+09    0.0259312 0.000455546  -0.0164192   0.369372 -0.0808911    9.79527
1.77464e+09     0.028282 -0.00257932   -0.017196   0.367197 -0.0859104    9.79352
1.77464e+09    0.0291214 -0.00121782  -0.0202175   0.362967 -0.0717738    9.79361
1.77464e+09   0.0347957 0.00164564 -0.0248173   0.355375 -0.0528159    9.81961
1.77464e+09   0.0363369 0.00643018 -0.0242873   0.343156 -0.0368982    9.83138
1.77464e+09   0.0362894 0.00435338 -0.0220685    0.33677 -0.0358454    9.82923
1.77464e+09   0.0417081  0.0117028 -0.0299884  0.344399 -0.039621   9.82753
1.77464e+09   0.0373051 0.00396569 -0.0293995   0.363097 -0.0201743    9.81398
1.77464e+09   0.0370328 0.00717545  -0.031905     0.36204 -0.00672845     9.80838
1.77464e+09   0.0417813  0.0112742 -0.0361082    0.337682 -0.00784359     9.79964
1.77464e+09   0.0448028 0.00899493 -0.0402247     0.32465 -0.00154394     9.79637
1.77464e+09   0.0468254 0.00666989 -0.0409208   0.317223 0.00857891    9.79204
1.77464e+09    0.047611  0.0158563 -0.0393617  0.310303 0.0272599   9.78663
1.77464e+09   0.0432168  0.0130897 -0.0455311  0.309527 0.0586801   9.79752
1.77464e+09    0.043116 0.00966083  -0.048044  0.314718 0.0891245   9.82298
1.77464e+09   0.0447143  0.0122315 -0.0521114 0.307922 0.121602  9.84014
1.77464e+09   0.0475345  0.0153968 -0.0543691  0.30435 0.121401  9.83323
1.77464e+09   0.0429585  0.0181597 -0.0578685 0.313363 0.129733  9.81287
1.77464e+09   0.0443975  0.0147761 -0.0612224 0.292957 0.139337  9.79482
1.77464e+09   0.0400131  0.0119518 -0.0673751 0.285133 0.157911  9.79025
1.77464e+09  0.0436475 0.0164373 -0.064345 0.265594 0.171088  9.78635
1.77464e+09   0.0408999  0.0151137 -0.0699046 0.260983 0.168433  9.79695
1.77464e+09   0.0377983  0.0133302 -0.0729373 0.248824 0.169514  9.81357
1.77464e+09    0.037584   0.015222 -0.0715797 0.245837 0.190821  9.80902
1.77464e+09   0.0343298  0.0138796 -0.0734725 0.257234 0.191119  9.80763
1.77464e+09   0.0348333  0.0127952 -0.0752294 0.259663 0.202343  9.81249
1.77464e+09   0.0304368  0.0096172 -0.0740326 0.260887 0.224295  9.80218
1.77464e+09     0.02867  0.0151912 -0.0806131   0.2397 0.217999  9.80183
1.77464e+09   0.0244094 0.00930858 -0.0755263 0.206731 0.209334  9.79998
1.77464e+09   0.0210393 0.00745415 -0.0690095 0.180764 0.199712  9.80245
1.77464e+09   0.0160236  0.0103469 -0.0645612 0.174701 0.211652  9.80896
1.77464e+09   0.0144253 0.00907083 -0.0654449  0.19183 0.225583  9.80252
1.77464e+09   0.0207807 0.00254415 -0.0621172  0.20497 0.232079  9.80799
1.77464e+09    0.0128668 -0.00197847  -0.0582905 0.198024 0.244967   9.8262
1.77464e+09    0.011442 0.00503908 -0.0558129 0.185631 0.236729  9.83049
1.77464e+09  0.00439945 0.00566367 -0.0499046 0.201734 0.253504  9.81431
1.77464e+09  0.00352842 0.00574124 -0.0384806 0.213808 0.267266  9.80862
1.77464e+09  -0.00229126 -0.00282731  -0.0315251 0.219047 0.265351  9.79081
1.77464e+09  -0.000735298  9.33935e-05    -0.029213 0.218351 0.268354  9.79543
1.77464e+09  -0.00618366 -0.00122259  -0.0179196 0.203202 0.262317  9.80702
1.77464e+09  -0.00804636 -0.00195468  -0.0118824 0.195443 0.255983  9.80507
1.77464e+09   -0.0120398 -0.00691334 -0.00632792 0.206724 0.252656  9.80078
1.77464e+09   -0.0177093  -0.0123968 -0.00109859  0.21477 0.243778  9.79885
1.77464e+09    -0.015556 -0.00773381  0.00681523 0.218748  0.24381  9.80053
1.77464e+09   -0.0226515 -0.00916071   0.0166834 0.201634 0.242419  9.80319
1.77464e+09  -0.0234079 -0.0088136  0.0252955 0.193087 0.224325  9.80086
1.77464e+09  -0.0250437 -0.0120284  0.0338308  0.21692 0.225199  9.79795
1.77464e+09    -0.027215 -0.00764243    0.039272 0.236069 0.210342  9.79433
1.77464e+09  -0.0335585 -0.0102662  0.0456408 0.251112 0.196929  9.79794
1.77464e+09  -0.0271747 -0.0144551  0.0535691 0.251631 0.174519  9.79914
1.77464e+09  -0.0342299 -0.0137865  0.0592609 0.259035 0.178591  9.79397
1.77464e+09  -0.0359434 -0.0115078  0.0694783 0.267462 0.172639  9.80247
1.77464e+09  -0.0373175 -0.0144269  0.0688937 0.258657  0.15428  9.81392
1.77464e+09  -0.0364876 -0.0151178  0.0753348 0.255594 0.142413  9.80491
1.77464e+09   -0.0392846 -0.00943613   0.0841452 0.271056 0.139523  9.80709
1.77464e+09  -0.0405813 -0.0089689  0.0896178 0.287023 0.152043  9.80766
1.77464e+09  -0.0407063 -0.0142172  0.0847437 0.300644 0.135779  9.80781
1.77464e+09  -0.0383812 -0.0122117  0.0908344 0.302202 0.120238  9.81373
1.77464e+09  -0.0387627 -0.0142678  0.0944954  0.290961 0.0919182   9.82288
1.77464e+09  -0.0433931 -0.0108336  0.0939237  0.290229 0.0792458   9.82458
1.77464e+09  -0.0379098 -0.0104637  0.0986451 0.301596 0.077778  9.82155
1.77464e+09   -0.0366597 -0.00665324   0.0972924  0.307709 0.0639788   9.81996
1.77464e+09  -0.0396621 -0.0162384  0.0927918  0.284302 0.0379726   9.82637
1.77464e+09  -0.0358402 -0.0128296  0.0974574 0.271803  0.02757  9.81953
1.77464e+09   -0.0355924 -0.00837039   0.0925524  0.294265 0.0192783   9.81796
1.77464e+09  -0.0411812 -0.0128577  0.0893214  0.313637 0.0112961   9.82035
1.77464e+09   -0.0354921 -0.00937071   0.0899075   0.326781 0.00569915    9.83098
1.77464e+09   -0.0364393 -0.00817309   0.0814799   0.311525 -0.0119135    9.83451
1.77464e+09   -0.0319696 -0.00829263   0.0804862   0.305365 -0.0140235    9.82832
1.77464e+09   -0.0327265 -0.00479452    0.079317   0.292783 -0.0205839    9.81337
1.77464e+09    -0.029644 -0.00571431   0.0728907   0.291354 -0.0259672    9.80029
1.77464e+09    -0.0246794 -0.000139495     0.068533  0.306772 -0.036222   9.79278
1.77464e+09  -0.0264097 -0.0064359  0.0622972   0.324943 -0.0500747    9.80429
1.77464e+09  -0.0230553 -0.0115057  0.0573225   0.357962 -0.0679712    9.82397
1.77464e+09   -0.0195277 -0.00200423   0.0532428   0.362694 -0.0630084    9.82646
1.77464e+09   -0.0208621 -0.00132172   0.0430563  0.362147 -0.057489   9.81503
1.77464e+09    -0.0172714 -0.000185394    0.0358705   0.364845 -0.0670211    9.79893
1.77464e+09   -0.0105413 0.000585076   0.0326772   0.353116 -0.0769959    9.78977
1.77464e+09  -0.00628652  0.00324129   0.0251855   0.352242 -0.0886083    9.78628
1.77464e+09  -0.00870619  0.00325323   0.0195348   0.356315 -0.0981355    9.79541
1.77464e+09  -0.0059034 0.00285991  0.0129735  0.348747 -0.107674   9.80743
1.77464e+09  -0.00308335 0.000821553  0.00621204  0.328906 -0.100488   9.81556
1.77464e+09   0.00337164 9.80172e-05 -0.00449707   0.318995 -0.0817068    9.81602
1.77464e+09    0.0033098   0.0109401 -0.00998212   0.315661 -0.0721917    9.80859
1.77464e+09    0.0043959 0.000116816  -0.0154632   0.320288 -0.0697972    9.79339
1.77464e+09   0.0092127 0.00817317  -0.025827   0.342482 -0.0872773    9.79462
1.77464e+09  0.00890089 0.00951288 -0.0288432   0.352324 -0.0968086    9.80756
1.77464e+09   0.0128998 0.00709528 -0.0397321   0.335149 -0.0859631    9.82198
1.77464e+09   0.0149869 0.00577359 -0.0422163   0.298341 -0.0757646    9.82083
1.77464e+09   0.0167602 0.00790117 -0.0508641   0.28895 -0.068962   9.80276
1.77464e+09   0.0200422 0.00521067 -0.0551726   0.295959 -0.0595135    9.80498
1.77464e+09   0.0288228 0.00916547 -0.0594608   0.298534 -0.0453963    9.80868
1.77464e+09   0.0236974 0.00620218  -0.064248   0.289997 -0.0506725    9.82023
1.77464e+09   0.0283899  0.0103241 -0.0697882   0.286315 -0.0467669    9.83567
1.77464e+09   0.0268983 0.00816966 -0.0713149   0.281539 -0.0380944    9.83462
1.77464e+09   0.0301983 0.00824393 -0.0771958  0.283769 -0.037163   9.81931
1.77464e+09   0.0312715 0.00564274  -0.080816   0.282346 -0.0375739    9.81981
1.77464e+09   0.0339686 0.00739955 -0.0839618    0.278596 -0.00259361     9.81436
1.77464e+09   0.0379328 0.00793046 -0.0826897   0.262888 0.00297728    9.80931
1.77464e+09    0.036852  0.0117454 -0.0871029 0.260838 0.020148  9.79457
1.77464e+09   0.0419962 0.00816632 -0.0901857   0.26106 0.0349305   9.78986
1.77464e+09   0.0376586 0.00742119 -0.0849614  0.261425 0.0342197   9.78972
1.77464e+09    0.038301  0.0110723 -0.0885349  0.260144 0.0453627   9.80296
1.77464e+09   0.0393636 0.00257136 -0.0862609  0.255715 0.0566732   9.80799
1.77464e+09   0.0411756 0.00924298 -0.0855743  0.238565 0.0685368   9.78953
1.77464e+09   0.0391697  0.0052295 -0.0880741  0.226021 0.0909905   9.80456
1.77464e+09   0.0394921 0.00308234 -0.0828198  0.207573 0.0948819   9.82505
1.77464e+09   0.0383947 0.00150449 -0.0817793 0.214563 0.100639  9.83795
1.77464e+09   0.0369931 0.00843215 -0.0725761 0.223243  0.11079  9.83208
1.77464e+09   0.0355243 0.00473491 -0.0767503 0.222884 0.112539  9.80231
1.77464e+09   0.0355121 0.00509798 -0.0709323 0.213474 0.131649  9.79217
1.77464e+09   0.0371407 0.00112531 -0.0705676 0.223263 0.142092  9.79861
1.77464e+09    0.0320587 -0.00131034    -0.06134 0.226099 0.150439  9.81502
1.77464e+09    0.0346557 0.000990345   -0.057934 0.237905 0.158432  9.80534
1.77464e+09   0.0347042 0.00062417 -0.0512852 0.259393 0.148247  9.79717
1.77464e+09    0.0276618 -0.00278092  -0.0510748 0.242321 0.156733  9.80045
1.77464e+09    0.0316534 0.000837337  -0.0396201 0.229372 0.178708  9.80138
1.77464e+09    0.0268591 0.000968542  -0.0360416 0.243057 0.193323   9.8065
1.77464e+09     0.0245228 -0.000469091   -0.0276795 0.258703 0.213653  9.81031
1.77464e+09    0.0226626 -0.00357745  -0.0198108 0.277049 0.220658  9.81763
1.77464e+09    0.0191903 -0.00515935  -0.0154146 0.270644 0.229981  9.81569
1.77464e+09    0.0134991 -0.00111185 -0.00729079 0.252546 0.221337  9.81453
1.77464e+09      0.01243 -0.00750659 -0.00561378 0.239043 0.208628  9.81724
1.77464e+09   0.00985165 -0.00720427  0.00776095 0.230293 0.220787  9.81333
1.77464e+09    0.0130904 -0.00606718  0.00698736 0.226782 0.228884  9.83294
1.77464e+09   0.00793887 -0.00495004   0.0118997 0.229473 0.249796  9.82677
1.77464e+09  0.00221575 -0.0106188  0.0213158 0.229986 0.261656   9.8025
1.77464e+09  0.00334223 -0.0106972  0.0304897 0.255805 0.250537  9.79174
1.77464e+09  -0.000374201  -0.00450559    0.0309532 0.265345  0.24173  9.77911
1.77464e+09  -0.00419571 -0.00943542   0.0347756 0.275732 0.228311  9.77407
1.77464e+09  -0.00398548 -0.00731713   0.0437964 0.273481 0.229625   9.7857
1.77464e+09   -0.0122925 -0.00622924   0.0457083 0.276205 0.228791  9.79197
1.77464e+09  -0.00775734 -0.00750346    0.056257 0.274774 0.229957  9.79934
1.77464e+09   -0.0139893 -0.00548155   0.0519177 0.285471 0.231361   9.8216
1.77464e+09   -0.0181793 -0.00892817   0.0550265 0.289201 0.218901  9.81742
1.77464e+09   -0.0227236 -0.00949475   0.0642946 0.282912 0.214818  9.79999
1.77464e+09  -0.0218534 -0.0114069  0.0602941 0.277351  0.21546  9.79094
1.77464e+09   -0.0235356 -0.00918919   0.0599728 0.286586 0.215029  9.78704
1.77464e+09  -0.0280715 -0.0100564  0.0665089 0.292417  0.20596  9.79538
1.77464e+09   -0.0252727 -0.00705055   0.0603317  0.29399 0.201101  9.80136
1.77464e+09    -0.027104 -0.00847313   0.0622732 0.291003 0.203641  9.80721
1.77464e+09   -0.0275199 -0.00556341   0.0576933  0.29603 0.190938   9.8051
1.77464e+09  -0.0399785 -0.0130542  0.0612457 0.294315 0.180133  9.81519
1.77464e+09    -0.035711 -0.00547838   0.0585703 0.303609 0.161613   9.8198
1.77464e+09   -0.0342678 -0.00712355   0.0549205 0.298204 0.155294  9.82332
1.77464e+09   -0.0338939 -0.00459024   0.0540142 0.300686 0.145797  9.82606
1.77464e+09  -0.0329634 -0.0011069  0.0536517 0.321284 0.128737  9.81487
1.77464e+09   -0.0414001 -0.00404658   0.0479096 0.330578   0.1248  9.80365
1.77464e+09   -0.0419648 -0.00319648   0.0519965  0.33054 0.120027  9.79789
1.77464e+09   -0.0364726 -0.00136148   0.0469581  0.332667 0.0989425   9.79139
1.77464e+09   -0.0433229 -0.00514126   0.0439796  0.309334 0.0877286   9.79774
1.77464e+09   -0.0346752 -0.00262486   0.0415461 0.301805 0.085261  9.80259
1.77464e+09  -0.0355295 0.00125197  0.0411516 0.279597 0.081197  9.81084
1.77464e+09  -0.0373984 0.00260035  0.0331121  0.28431 0.062757  9.81964
1.77464e+09  -0.0388886 -0.0035394  0.0347493   0.30168 0.0317397   9.81175
1.77464e+09  -0.0327718 0.00671748  0.0280637  0.325036 0.0299141   9.79483
1.77464e+09    -0.036803 -0.00205871   0.0261887  0.336616 0.0043311   9.79509
1.77464e+09  -0.0318918 0.00109557  0.0222148    0.336866 -0.00503354     9.80827
1.77464e+09  -0.0280769 0.00392518  0.0258468   0.316133 0.00763434    9.81441
1.77464e+09  -0.0304217 0.00284186  0.0196042    0.314968 -0.00187784     9.82306
1.77464e+09  -0.0338577 0.00680889  0.0182802    0.315213 -0.00723445     9.81261
1.77464e+09  -0.0280301 0.00278641  0.0148713   0.307065 -0.0144157    9.79844
1.77464e+09   -0.025144 0.00401128  0.0164757   0.293602 -0.0338116    9.79047
1.77464e+09   -0.0223734 0.000215979  0.00454752   0.273361 -0.0516633    9.78493
1.77464e+09  -0.0195055 0.00141953 0.00735466   0.27301 -0.049649   9.78752
1.77464e+09   -0.016312  0.0059216 0.00669931   0.270121 -0.0465631    9.78884
1.77464e+09  -0.0137481 0.00837115  0.0040345   0.273014 -0.0527034     9.7947
1.77464e+09  -0.0129223 0.00355842 0.00432179   0.291996 -0.0701512    9.80375
1.77464e+09   -0.0123458  0.00677219 0.000783934   0.282278 -0.0843672    9.81241
1.77464e+09  -0.00344067  0.00914053 -0.00232114   0.27614 -0.101271   9.82504
1.77464e+09  -0.00817109   0.0101112 -0.00214576   0.262283 -0.0979534    9.83338
1.77464e+09  -0.00799654  0.00977164  -0.0028317   0.265433 -0.0825661    9.84426
1.77464e+09  0.000880736   0.0074707  -0.0049738 0.266964 -0.07191  9.83513
1.77464e+09   0.00673279   0.0103636 -0.00816182   0.252972 -0.0751594     9.8195
1.77464e+09  0.00609144 0.00846873 -0.0115307   0.255134 -0.0864765    9.82272
1.77464e+09  0.00949892 0.00542159 -0.0112972  0.262172 -0.101768   9.81816
1.77464e+09   0.0114864 0.00674266 -0.0146586   0.275359 -0.0986262    9.81052
1.77464e+09   0.0124994 0.00334696 -0.0190419  0.259809 -0.108319   9.81638
1.77464e+09   0.0180884 0.00271812 -0.0170026   0.256683 -0.0946896    9.81304
1.77464e+09   0.0160273 0.00734206 -0.0157658   0.262924 -0.0615246    9.81094
1.77464e+09   0.0201171   0.004627 -0.0196866   0.265984 -0.0452054    9.80914
1.77464e+09   0.0232653 0.00633073 -0.0235168   0.266005 -0.0296062     9.8178
1.77464e+09   0.0261006 0.00572379 -0.0180246   0.264379 -0.0277096    9.80776
1.77464e+09    0.0280429 0.000778493  -0.0280943   0.259089 -0.0244647    9.79643
1.77464e+09    0.0269947 -0.00190398  -0.0297233   0.255106 -0.0193196    9.79511
1.77464e+09    0.0312131 0.000593484  -0.0285687   0.252731 -0.0254194    9.80599
1.77464e+09    0.032497 0.00273962 -0.0302147   0.231859 -0.0267758    9.80802
1.77464e+09    0.0327491 -0.00138613  -0.0328563   0.224188 -0.0206349     9.8086
1.77464e+09    0.0308965 -0.00150947  -0.0343713   0.221733 -0.0134271    9.82585
1.77464e+09    0.034599 0.00175592  -0.035002    0.229828 0.000711924     9.83289
1.77464e+09   0.0317292 -0.0035403 -0.0337731  0.235129 0.0295423   9.83002
1.77464e+09    0.0387086 -0.00678574  -0.0382615  0.246976 0.0325944   9.81146
1.77464e+09    0.0360356 -0.00503439   -0.040331  0.244994 0.0595097   9.79997
1.77464e+09    0.0396937 -0.00312059  -0.0415324   0.23938 0.0770666   9.80417
1.77464e+09    0.0388481 -0.00278169  -0.0406906  0.236936 0.0953025   9.81099
1.77464e+09    0.0377562 -0.00508028  -0.0382507  0.218128 0.0948118   9.80036
1.77464e+09      0.03837 -0.00289529  -0.0437995  0.226556 0.0984619   9.79737
1.77464e+09    0.0352238 -0.00450873   -0.046002  0.230825 0.0784607   9.79223
1.77464e+09    0.0364617 -0.00367656    -0.04861    0.2392 0.0823034   9.79351
1.77464e+09    0.030557 -0.0047226  -0.045796 0.252471 0.104493  9.79788
1.77464e+09    0.0351131 -0.00877072  -0.0466067 0.259446 0.128599   9.8046
1.77464e+09    0.0312024 -0.00969824  -0.0466459 0.280228 0.156058  9.80442
1.77464e+09    0.0298758 -0.00545376  -0.0473846 0.287523 0.162597  9.81275
1.77464e+09    0.0295189 -0.00640159  -0.0437031 0.27835 0.15543 9.81489
1.77464e+09    0.0294256 -0.00738082  -0.0402155 0.258084 0.150967  9.81407
1.77464e+09    0.0299871 -0.00186076  -0.0431978  0.25343 0.174062  9.81396
1.77464e+09    0.0251719 -0.00602508   -0.040077 0.265917 0.200855  9.81483
1.77464e+09    0.0231142 -0.00867032  -0.0373201 0.281968 0.216582  9.80891
1.77464e+09    0.0232601 -0.00578928  -0.0379311 0.285489 0.215783  9.80496
1.77464e+09   0.0179392 -0.0104961 -0.0353192 0.279525 0.204932    9.818
1.77464e+09    0.0189735 -0.00420231  -0.0311731  0.29305 0.204039  9.81721
1.77464e+09    0.0163621 -0.00732233  -0.0273634 0.297457 0.202157  9.80238
1.77464e+09    0.0158035 -0.00210069  -0.0273258 0.291494 0.213566  9.80127
1.77464e+09   0.00726079 -0.00302415  -0.0201799 0.276264 0.234387  9.81798
1.77464e+09   0.00712739 -0.00479388   -0.014137 0.274081   0.2458  9.81772
1.77464e+09   0.00744248 -0.00437176  -0.0139644  0.28412 0.224588  9.81469
1.77464e+09    0.0036347 -0.00618323 -0.00716736 0.287231 0.215694   9.8023
1.77464e+09   0.00232246 -0.00192458 -0.00837927 0.302313 0.222265  9.79615
1.77464e+09  -0.00492468 -0.00394102   0.0020123  0.30824 0.228268  9.78991
1.77464e+09  -0.00791011  -0.0090123 0.000662035 0.300819 0.238765  9.79628
1.77464e+09    -0.010017 -0.00172526  0.00570312 0.296082 0.238742  9.80505
1.77464e+09  -0.00897879 -0.00533523   0.0122232  0.29552 0.226439  9.82061
1.77464e+09     -0.008972 -0.000502686    0.0140904 0.288298 0.212021  9.82059
1.77464e+09  -0.0139011 0.00265499  0.0206447 0.301839 0.199392  9.81256
1.77464e+09   -0.0193608 -0.00326083   0.0268179  0.31189 0.203545  9.80656
1.77464e+09  -0.0161242 0.00097508  0.0257594 0.324926 0.197794  9.80761
1.77464e+09  -0.0233781 0.00287836  0.0303509 0.327237 0.196342  9.80329
1.77464e+09   -0.0259896 -0.00150903   0.0339433 0.303805 0.188437  9.80176
1.77464e+09  -0.0231823 0.00288448   0.037565  0.29662 0.178662  9.79499
1.77464e+09  -0.0249434 0.00245728   0.041402 0.281551 0.166456  9.81058
1.77464e+09  -0.0264128 0.00846636  0.0417471 0.273764 0.163318  9.81556
1.77464e+09  -0.0284241 0.00158565   0.043618 0.284816 0.158963  9.80193
1.77464e+09  -0.0302998 0.00142552  0.0436175  0.29127 0.166599  9.78645
1.77464e+09  -0.0312717 0.00272477  0.0506735  0.29938 0.172378  9.78971
1.77464e+09  -0.0275113 0.00424701  0.0512104 0.313647  0.15406  9.80233
1.77464e+09  -0.0327987 0.00196598   0.050676 0.304918 0.120819  9.80449
1.77464e+09  -0.0302706 0.00184794  0.0518781 0.307122 0.111388  9.78418
1.77464e+09  -0.0353363 0.00287729  0.0524448 0.299664 0.123012  9.78293
1.77464e+09  -0.033123 0.0012674 0.0496879 0.289574 0.115721  9.80015
1.77464e+09  -0.0338445  0.0047645  0.0497234  0.279158 0.0924313   9.81888
1.77464e+09  -0.0337997 0.00531119  0.0472501  0.272801 0.0742806   9.81901
1.77464e+09  -0.0328595 0.00424919  0.0486645  0.273555 0.0640104   9.80252
1.77464e+09  -0.0358186 0.00659974  0.0476386  0.280891 0.0552745   9.80972
1.77464e+09  -0.0306422  0.0114165   0.046814  0.287326 0.0556005   9.80708
1.77464e+09  -0.0324124 0.00548023  0.0445111  0.283198 0.0353013   9.81974
1.77464e+09  -0.0307109 0.00598502   0.040911  0.273687 0.0225618   9.81512
1.77464e+09  -0.0308119 0.00275994  0.0383453   0.270999 0.00622644    9.80835
1.77464e+09   -0.028726 0.00324651   0.040486  0.274495 0.0119341   9.79786
1.77464e+09   -0.026634 0.00501706  0.0373708  0.261565 0.0072223   9.79311
1.77464e+09   -0.026193 0.00707543  0.0347491   0.264935 -0.0100222    9.79058
1.77464e+09  -0.0257933 0.00779074  0.0319748   0.270701 -0.0203462    9.79643
1.77464e+09  -0.0232573 0.00559742  0.0284769   0.260646 -0.0244804    9.81561
1.77464e+09  -0.0189914 0.00358118  0.0249314   0.219927 -0.0321668    9.81279
1.77464e+09  -0.0190435 0.00515012  0.0230908   0.223191 -0.0355868    9.80315
1.77464e+09    -0.0184592 -8.46335e-05    0.0184663    0.24847 -0.0548459    9.80926
1.77464e+09  -0.0105931 0.00218671  0.0200207   0.251331 -0.0586188    9.80955
1.77464e+09  -0.0134448 0.00222867  0.0163611   0.237477 -0.0513457    9.80169
1.77464e+09    -0.012427 -0.00125266    0.012558   0.222976 -0.0392859    9.79921
1.77464e+09  -0.00613116 -0.00695773  0.00681637 0.226687 -0.01924  9.80478
1.77464e+09  -0.00334506  0.00177378  0.00618363   0.229281 -0.0174557    9.81804
1.77464e+09    -0.001206 -0.00417653  0.00312171   0.233929 -0.0408704     9.8189
1.77464e+09  -0.00254817 -0.00362393  0.00327653   0.25399 -0.050114   9.82738
1.77464e+09   0.00184256 -0.00574796 -0.00523329   0.276417 -0.0507028    9.81811
1.77464e+09   0.00393521 -0.00148868 -0.00622686   0.278925 -0.0517598    9.79399
1.77464e+09   0.00290195 -0.00324646 -0.00339346   0.280086 -0.0611816    9.78512
1.77464e+09    0.0062159 -0.00205612  -0.0128384   0.275665 -0.0681148     9.7912
1.77464e+09   0.0131019 -0.0081695 -0.0131856   0.272761 -0.0583757    9.80236
1.77464e+09    0.0128828 -0.00260425  -0.0141846    0.26889 -0.0665582     9.7981
1.77464e+09    0.0136128 -0.00727261  -0.0205378  0.270725 -0.057575   9.80332
1.77464e+09    0.0195517 -0.00222618  -0.0218508   0.269311 -0.0502741    9.79975
1.77464e+09    0.0177376 -0.00303184  -0.0258686   0.277985 -0.0457094    9.80469
1.77464e+09    0.0214658 -0.00749995  -0.0256755   0.288042 -0.0422611    9.80845
1.77464e+09   0.0212401 -0.0052761  -0.033571   0.276936 -0.0462393    9.80978
1.77464e+09   0.0219499 -0.0031007 -0.0304623   0.281543 -0.0444197    9.82077
1.77464e+09   0.0251001 -0.0064205 -0.0285781   0.279421 -0.0441675    9.81085
1.77464e+09     0.026802 -0.00456273  -0.0342808   0.278949 -0.0355095    9.80054
1.77464e+09    0.0284409 -0.00260751  -0.0324506    0.288411 -0.00195874     9.79282
1.77464e+09    0.0291006 -0.00738692  -0.0336965 0.300503 0.022143  9.78298
1.77464e+09     0.033634 -0.00381487  -0.0328337  0.306265 0.0261411   9.79275
1.77464e+09    0.0337279 -0.00364747  -0.0379706  0.304568 0.0315816   9.80812
1.77464e+09    0.0310446 -0.00464479   -0.040231  0.292353 0.0260419   9.82039
1.77464e+09    0.0343723 -0.00153335  -0.0375522   0.29649 0.0288344   9.80672
1.77464e+09    0.0308509 -0.00629273   -0.042763  0.291786 0.0517556   9.79446
1.77464e+09    0.0358938 -0.00185969  -0.0367878  0.292156 0.0737836   9.78821
1.77464e+09    0.0344246 -0.00206048  -0.0430167  0.301918 0.0840911   9.80625
1.77464e+09    0.0359211 -0.00323852  -0.0378968  0.309474 0.0730052   9.80422
1.77464e+09    0.0346715 -0.00504455  -0.0452056  0.323226 0.0784063   9.80398
1.77464e+09    0.0333785 -0.00158046  -0.0418615   0.30937 0.0857984   9.80709
1.77464e+09    0.0334281 -0.00415426  -0.0395553  0.29266 0.105923  9.79599
1.77464e+09   0.0345497 0.00205907 -0.0389181 0.288559 0.130059  9.80281
1.77464e+09     0.0331112 -0.000916814   -0.0388144 0.306324 0.134793  9.80635
1.77464e+09    0.0290346 -0.00466429  -0.0390199 0.332512 0.140514  9.80488
1.77464e+09    0.0326021 -0.00246274  -0.0403412 0.329186 0.148598  9.80521
1.77464e+09    0.0259983 0.000412447  -0.0367868 0.305864 0.177229  9.79592
1.77464e+09    0.0224273 -0.00509492  -0.0369422 0.285897 0.190148  9.79732
1.77464e+09    0.0267627 0.000927146  -0.0383626 0.275539 0.204944  9.80826
1.77464e+09   0.0222092 0.00394545 -0.0346968 0.282833 0.195889  9.80791
1.77464e+09     0.0222637 -0.000497006   -0.0333669 0.300219 0.193129  9.81132
1.77464e+09   0.0203815 0.00310838 -0.0310966 0.303028 0.187947  9.81815
1.77464e+09   0.0186772 0.00083568 -0.0270572 0.297211  0.18457  9.81576
1.77464e+09   0.0159239 0.00633312 -0.0286478 0.284096 0.203554  9.81352
1.77464e+09    0.011567 0.00179015 -0.0254818 0.283201 0.219152  9.82535
1.77464e+09  0.00895728 0.00412622 -0.0192182 0.288751  0.21467  9.83598
1.77464e+09  0.00878071 0.00192407 -0.0191509 0.284043 0.221616  9.81252
1.77464e+09  0.00740278 0.00553736  -0.018396 0.282383 0.224038  9.79772
1.77464e+09  0.00354875 0.00455699 -0.0112269 0.283586  0.21982  9.80568
1.77464e+09   0.00258183  0.00384843 -0.00631911 0.281128 0.223828  9.80432
1.77464e+09  -0.00232786  0.00306331  -0.0076662 0.283296 0.215424  9.80842
1.77464e+09  -0.00377855  0.00168139  -0.0013176 0.273042 0.220713  9.80159
1.77464e+09  -0.00164315  0.00310443 -0.00291096 0.274711 0.226918  9.78447
1.77464e+09  -0.00660768  0.00279349  0.00136646 0.273398 0.208768  9.78658
1.77464e+09   -0.011148 0.00488559 0.00562222 0.271759 0.207339  9.79631
1.77464e+09  -0.0095499 0.00511562 0.00785577 0.273482 0.211738  9.80361
1.77464e+09   -0.013858 0.00842043 0.00981281  0.27813 0.217888  9.79523
1.77464e+09  -0.0135421 0.00582921  0.0126907 0.268655 0.207082    9.804
1.77464e+09   -0.019892 0.00321637  0.0155868  0.26384 0.190635   9.8304
1.77464e+09  -0.0202367 0.00549845  0.0186977 0.273297 0.182531   9.8444
1.77464e+09   -0.018746 0.00521708  0.0210935 0.269867 0.183514  9.82951
1.77464e+09  -0.0205701 0.00471134  0.0232556 0.264259   0.1877  9.81818
1.77464e+09  -0.0236641 0.00505731  0.0249194 0.260292 0.177343  9.80887
1.77464e+09    -0.0283304 -0.000313106    0.0279514 0.255124 0.156158  9.81043
1.77464e+09    -0.0277844 -3.04245e-05    0.0314231 0.253223 0.156768  9.79495
1.77464e+09  -0.0283597 0.00211693  0.0295117 0.246862  0.15432  9.79042
1.77464e+09   -0.0306365 -0.00286298   0.0344937 0.238687 0.130053  9.79269
1.77464e+09    -0.0294518 -0.000209763    0.0325183 0.244888 0.138592  9.79464
1.77464e+09  -0.0299232 0.00299889  0.0408739 0.262616 0.134821   9.8014
1.77464e+09    -0.0303686 -0.000773343    0.0392608 0.280909 0.116341  9.81323
1.77464e+09  -0.0269858 -0.0029168  0.0350207 0.274339 0.100558  9.81196
1.77464e+09  -0.0306657 0.00219544  0.0409225  0.274098 0.0940229    9.8071
1.77464e+09  -0.0337491  0.0033617    0.03998  0.253619 0.0996067   9.79413
1.77464e+09   -0.0319364 -0.00165155   0.0463556  0.247003 0.0872193   9.78835
1.77464e+09   -0.0346145 -0.00157077   0.0401848  0.245803 0.0767736   9.79084
1.77464e+09   -0.0313526 -0.00191587   0.0428458  0.255592 0.0682445    9.8112
1.77464e+09   -0.0319204 -0.00458291    0.042961  0.270657 0.0487057   9.81892
1.77464e+09    -0.0287232 -0.000638748    0.0432059  0.270546 0.0308215   9.80921
1.77464e+09  -0.0281052 -0.0039351  0.0390796 0.257497 0.035772  9.80949
1.77464e+09   -0.0307446 -0.00900935   0.0439719  0.246906 0.0264276   9.81474
1.77464e+09  -0.0230977 -0.0025967  0.0413232  0.240796 0.0300684   9.81806
1.77464e+09   -0.0232897 -0.00456853   0.0428454  0.251558 0.0304707   9.82253
1.77464e+09   -0.0264775 -0.00295199   0.0382454  0.261033 0.0104537   9.82784
1.77464e+09   -0.0193497 -0.00233278   0.0369771   0.269225 0.00611839    9.83387
1.77464e+09  -0.0220868 -0.0093342  0.0380838  0.282833 -0.015026   9.83706
1.77464e+09   -0.0194597 -0.00676172   0.0325972   0.290078 -0.0215071     9.8205
1.77464e+09   -0.0173186 -0.00382331   0.0336982   0.293997 -0.0326968    9.80795
1.77464e+09  -0.0177467 -0.0069351  0.0347353   0.292517 -0.0336984    9.79764
1.77464e+09   -0.0130407 -0.00464147   0.0329026   0.286673 -0.0352882    9.79303
1.77464e+09  -0.00715057  -0.0105594     0.02795   0.277627 -0.0488349     9.8139
1.77464e+09  -0.00662041 -0.00462876   0.0270238   0.280884 -0.0634211     9.8265
1.77464e+09  -0.00428212 -0.00358419    0.021223    0.28946 -0.0591159    9.82116
1.77464e+09  -0.00318351 -0.00844899   0.0213258    0.29387 -0.0492511    9.80612
1.77464e+09  -0.000539993  -0.00611001    0.0185658   0.294118 -0.0431668    9.80155
1.77464e+09  -0.000756669  -0.00247133    0.0178779   0.295101 -0.0493451    9.80627
1.77464e+09  0.00150001 -0.0060543  0.0145729   0.303521 -0.0600868    9.80558
1.77464e+09   0.00436377 -0.00697023   0.0112099   0.305661 -0.0479542    9.79628
1.77464e+09   0.00265408 -0.00642693  0.00945815  0.306592 -0.039156   9.80191
1.77464e+09    0.00975199 -0.000314872   0.00467286    0.29942 -0.0359235    9.81061
1.77464e+09    0.00929972  -0.00290217 -0.000289644   0.304111 -0.0408618    9.82632
1.77464e+09     0.0102091  -0.00308627 -5.93644e-05   0.312672 -0.0336456    9.83504
1.77464e+09     0.014091 -0.00641367 -0.00452969    0.31606 -0.0240584    9.82677
1.77464e+09    0.0159345 -0.00367464 -0.00918878   0.326822 -0.0169762    9.81219
1.77464e+09    0.0238521 -0.00185009 -0.00831348   0.329705 -0.0305508    9.80098
1.77464e+09   0.0242472 0.00162014 -0.0139745   0.327558 -0.0254438     9.8177
1.77464e+09    0.0178187 -0.00601057  -0.0162458   0.318333 -0.0262969    9.81704
1.77464e+09    0.0245782 -0.00210552    -0.02248   0.310418 -0.0126241    9.83073
1.77464e+09   0.0270641 -0.0028454 -0.0282802  0.306665 0.0108597   9.83872
1.77464e+09   0.0264349 0.00500504 -0.0310379  0.297905 0.0150035   9.82077
1.77464e+09    0.0228106 -0.00063176  -0.0312137  0.306896 0.0191208   9.82213
1.77464e+09   0.0283903  0.0041481 -0.0350725  0.294908 0.0210176   9.81304
1.77464e+09   0.0290762 0.00351838 -0.0389667  0.285644 0.0100447    9.7961
1.77464e+09   0.0326136 0.00253731 -0.0393858  0.295905 0.0227028   9.78374
1.77464e+09    0.0297927 -0.00260627  -0.0470905  0.312733 0.0232375   9.77719
1.77464e+09   0.0294235 0.00211332 -0.0473642   0.30668 0.0456498   9.78863
1.77464e+09   0.0307441 0.00608434 -0.0468634  0.303184 0.0748702   9.79863
1.77464e+09    0.0291738 -0.00260709  -0.0512133  0.312115 0.0842095   9.80975
1.77464e+09   0.0305524 0.00224446  -0.054309  0.321335 0.0782626   9.81422
1.77464e+09    0.0326466 -0.00139757  -0.0542879  0.326513 0.0857602   9.82745
1.77464e+09    0.0279395 -0.00355595  -0.0517455  0.306757 0.0754242   9.83004
1.77464e+09    0.0301614 0.000308451  -0.0527462  0.289134 0.0996106    9.8221
1.77464e+09   0.0312521 0.00221755 -0.0594819 0.267375 0.104548  9.80327
1.77464e+09   0.0255349 0.00568563 -0.0572993 0.267109 0.129335  9.79831
1.77464e+09   0.0285915 0.00421031 -0.0573611  0.27658 0.145209  9.79497
1.77464e+09   0.0285494 0.00353004 -0.0556316 0.289839 0.148439  9.79339
1.77464e+09   0.0219922  0.0022034 -0.0554413 0.272086 0.156716  9.79277
1.77464e+09   0.0233574 0.00321562 -0.0552308  0.27121 0.165128  9.79532
1.77464e+09   0.0255634 0.00897315 -0.0529064 0.274678 0.161432  9.79419
1.77464e+09   0.0204144  0.0076484 -0.0499454 0.273033 0.159536   9.7955
1.77464e+09   0.0207431 0.00507911 -0.0467197 0.269626 0.154121  9.80158
1.77464e+09   0.0235978 0.00867366 -0.0481683 0.269712 0.166995  9.79408
1.77464e+09   0.0163401 0.00289634 -0.0483399 0.276293 0.168735  9.81318
1.77464e+09     0.0172282 -0.000952393   -0.0393103 0.270327 0.187019  9.81705
1.77464e+09   0.0145902 0.00746792  -0.035659 0.252401 0.212146  9.81507
1.77464e+09  0.00900917 0.00638825  -0.035464 0.248495 0.206393  9.81722
1.77464e+09  0.00753333 0.00526637 -0.0307369 0.270852 0.196808  9.80114
1.77464e+09   0.00856187 0.000630564  -0.0265253  0.27595 0.202198  9.78655
1.77464e+09   0.00802785 -0.00153126  -0.0250001 0.278001 0.196554  9.78232
1.77464e+09   0.0037075 0.00491907 -0.0156993 0.286302  0.20219  9.78724
1.77464e+09  -0.000677293   0.00378774  -0.00805716 0.276518 0.214377  9.80094
1.77464e+09  -0.00307425  0.00409126 -0.00648566 0.278853 0.203291  9.80411
1.77464e+09  -0.00396725  0.00186408  0.00213511 0.264919 0.197833  9.80138
1.77464e+09  -0.0060464 0.00103436 0.00293954 0.250436 0.197972  9.80091
1.77464e+09  -0.00766235  0.00398647   0.0111954 0.248377 0.206243  9.80046
1.77464e+09   -0.0098738 3.34168e-05    0.010608 0.250897 0.212414  9.80888
1.77464e+09   -0.0114917 -0.00391275   0.0158911 0.265237 0.193363  9.82013
1.77464e+09   -0.0103643 0.000220419   0.0221519 0.259606  0.19254  9.82597
1.77464e+09   -0.0153357 -0.00164005   0.0255705 0.245302 0.186529  9.82589
1.77464e+09   -0.0174987 -0.00282288   0.0311364 0.246863 0.180916  9.82061
1.77464e+09  -0.0178766 -0.0049258  0.0294193 0.259056 0.186089  9.80255
1.77464e+09  -0.0213623 0.00307036  0.0396672  0.27436 0.175897  9.81222
1.77464e+09   -0.0201508 -0.00159744   0.0408414 0.275333 0.158738  9.81473
1.77464e+09   -0.0227817 -0.00208701    0.043466  0.26679 0.143186  9.81473
1.77464e+09   -0.0222867 -0.00417816   0.0463315 0.257378 0.128519  9.81294
1.77464e+09    -0.024604 0.000280086   0.0474259 0.252124  0.14523  9.80612
1.77464e+09   -0.0219443 -0.00477097   0.0488902 0.250614 0.138598  9.80202
1.77464e+09  -0.0275711 5.6837e-05  0.0520217 0.264817  0.13373  9.80217
1.77464e+09    -0.0261423 -0.000689885    0.0521458 0.277197 0.128003  9.80821
1.77464e+09   -0.0288044 -0.00399643   0.0511139 0.276389 0.118497  9.80903
1.77464e+09   -0.0270696 -0.00698098   0.0563785 0.261064 0.105675  9.80581
1.77464e+09   -0.0271091 -0.00380519   0.0542002  0.234879 0.0817129   9.80195
1.77464e+09   -0.0296488 -0.00470861   0.0489405  0.239974 0.0767557    9.8145
1.77464e+09   -0.0281274 -0.00678679   0.0527487  0.259361 0.0753019   9.82907
1.77464e+09   -0.0258774 -0.00490845   0.0508361  0.283346 0.0765139   9.83366
1.77464e+09   -0.0244184 -0.00979738    0.052895  0.293675 0.0547916   9.83627
1.77464e+09    -0.029011 -0.00543214    0.048662  0.284498 0.0530439   9.83159
1.77464e+09  -0.0238241 -0.0016727  0.0474886  0.281859 0.0525222   9.82462
1.77464e+09   -0.0279429 -0.00879921   0.0465517  0.274574 0.0537006   9.80192
1.77464e+09  -0.0228334 -0.0049322  0.0445144  0.274021 0.0356358   9.79843
1.77464e+09   -0.0256252 -0.00542348      0.0403  0.292779 0.0157559   9.80471
1.77464e+09    -0.0213853 -0.000182982    0.0402948  0.307979 0.0121958   9.81116
1.77464e+09   -0.0241698 -0.00864794   0.0392972  0.311577 0.0124465   9.82346
1.77464e+09   -0.0216943 -0.00579982   0.0300653  0.298737 0.0134918   9.83493
1.77464e+09   -0.0182457 -0.00201647   0.0333498  0.298254 0.0143216   9.83682
1.77464e+09    -0.014942 -0.00497763   0.0260094    0.293536 -0.00936517     9.82997
1.77464e+09   -0.0186237 -0.00879931   0.0281929   0.299007 -0.0290433    9.82362
1.77464e+09  -0.0120977 -0.0044942  0.0213138   0.301553 -0.0465644     9.8237
1.77464e+09   -0.013047 0.00163696   0.019022   0.312397 -0.0521171    9.82569
1.77464e+09   -0.0104453 -0.00307958   0.0152184    0.30648 -0.0347986    9.81602
1.77464e+09  -0.00896742 -0.00344528   0.0146814   0.303168 -0.0257648    9.81084
1.77464e+09  -0.00958398 0.000871512   0.0092496   0.310439 -0.0266253    9.80317
1.77464e+09  -0.00673162 -0.00507483  0.00603225 0.312405 -0.04545  9.79833
1.77464e+09  -0.00494667 -0.00197051  0.00926769  0.312247 -0.058784   9.79205
1.77464e+09  -0.00224834 -0.00547577 8.34081e-05   0.311291 -0.0563202    9.80897
1.77464e+09  -0.000582839  -0.00109198   0.00157145   0.310628 -0.0514914     9.8313
1.77464e+09   0.00265292 -0.00199072 -0.00397036   0.309546 -0.0335462    9.82203
1.77464e+09  0.00386291 -0.0052427 -0.0123979   0.322731 -0.0182327    9.81423
1.77464e+09  0.00905446 -0.0030839 -0.0086434   0.328539 -0.0272983    9.81899
1.77464e+09   0.0081675 0.00228464 -0.0122439   0.331667 -0.0376666    9.82464
1.77464e+09   0.0093117 0.00281069 -0.0145894   0.321423 -0.0329924    9.80703
1.77464e+09    0.0111633 0.000753314  -0.0190615   0.301361 -0.0364025    9.78731
1.77464e+09   0.0151441 0.00280175 -0.0193947   0.295749 -0.0209949    9.79477
1.77464e+09    0.0161301 -0.00191243  -0.0235239   0.303989 -0.0125937    9.80192
1.77464e+09    0.0128655 0.000752742  -0.0266375    0.315081 0.000793421     9.80588
1.77464e+09   0.0177417 0.00473129 -0.0286101   0.307546 0.00479271    9.81393
1.77464e+09   0.0211856 0.00913143 -0.0318846   0.288268 -0.0154469    9.81151
1.77464e+09   0.0232024 0.00370363 -0.0327906   0.283455 -0.0355119     9.8165
1.77464e+09    0.0156048 3.41878e-05  -0.0309746   0.291353 -0.0276759    9.80833
1.77464e+09   0.0265976 0.00297442 -0.0386605   0.293413 -0.0162953    9.81369
1.77464e+09   0.0225498 0.00444552  -0.037942  0.292009 0.0103964    9.8066
1.77464e+09    0.024157 0.00503213 -0.0406397  0.274639 0.0214575   9.79749
1.77464e+09   0.0287982 0.00384113 -0.0405379  0.275893 0.0293613   9.80702
1.77464e+09   0.0286413 0.00457323 -0.0415587  0.267099 0.0538582   9.81849
1.77464e+09   0.0236818  0.0045587 -0.0399769  0.275884 0.0626896   9.81819
1.77464e+09   0.0296693 0.00603149 -0.0472552  0.289974 0.0569409   9.81521
1.77464e+09    0.026896 0.00329265  -0.043195 0.295028 0.058319  9.81468
1.77464e+09   0.0300106 0.00355433 -0.0437752 0.296347 0.048136   9.7994
1.77464e+09   0.0282628 0.00266494 -0.0442979  0.282646 0.0547888   9.79776
1.77464e+09   0.0278033 0.00264993 -0.0471805  0.270863 0.0796684   9.80012
1.77464e+09   0.0261771 0.00249206 -0.0431459  0.26471 0.099607  9.79451
1.77464e+09   0.0244179 0.00381789 -0.0451923 0.263613 0.103455  9.79166
1.77464e+09   0.0303714 0.00269986 -0.0451783 0.270243 0.106652  9.80162
1.77464e+09   0.0310245 0.00895491 -0.0428318 0.270679 0.105578  9.80903
1.77464e+09    0.0274206 -0.00106885  -0.0433765 0.267679 0.114642  9.80644
1.77464e+09   0.0247492 0.00203018 -0.0388966 0.257656 0.119718  9.79301
1.77464e+09   0.0209545 0.00278614 -0.0413935 0.262606 0.137053  9.79157
1.77464e+09     0.0179685 -0.000831393   -0.0405862 0.281491 0.144981  9.79457
1.77464e+09   0.0229211 0.00377022 -0.0397826 0.273495 0.148172  9.79216
1.77464e+09    0.0155224 -0.00324137  -0.0347427 0.269485 0.162759  9.79054
1.77464e+09    0.0180237 -0.00488276  -0.0314449 0.264905 0.162758  9.79454
1.77464e+09     0.0171489 -0.000172369   -0.0285224 0.253446  0.18424  9.81031
1.77464e+09    0.0176439 -0.00315711  -0.0283293 0.253213 0.190165  9.81716
1.77464e+09    0.0116915 -0.00207043  -0.0231096  0.26254 0.178388  9.82109
1.77464e+09     0.0107173 -0.000589261   -0.0161102  0.25216 0.178334  9.82284
1.77464e+09    0.0124441 -0.00474095  -0.0205509  0.23362 0.195324  9.79993
1.77464e+09   0.00535983 -0.00249278  -0.0141123 0.239044 0.185206  9.77989
1.77464e+09   0.00936356 -0.00437335  -0.0111846 0.246151 0.177025  9.77612
1.77464e+09   0.00404917 -0.00749318 -0.00754716 0.262393 0.173347  9.78689
1.77464e+09   0.00442657 -0.00205497 -0.00855339 0.269628 0.183415  9.78502
1.77464e+09  0.000549026 -0.00523825 0.000931039   0.2666 0.198411  9.77799
1.77464e+09   0.0015258 -0.0076006 0.00166782 0.265884 0.186267  9.77889
1.77464e+09  -0.00326536 -0.00631893  0.00937902 0.269968 0.184982  9.79162
1.77464e+09   -0.00280897 -0.000854476   0.00901321 0.261992 0.181068  9.80176
1.77464e+09   -0.0051216 -0.00237161   0.0139526 0.262469 0.181746  9.81169
1.77464e+09  -0.00697631 -0.00357087   0.0160317 0.260005 0.190988    9.805
1.77464e+09  -0.00826919 0.000651121   0.0160697 0.251623 0.200576  9.80147
1.77464e+09   -0.0139613 -0.00615175   0.0239187 0.239856 0.199441  9.78914
1.77464e+09   -0.0133918 -0.00824709   0.0258919 0.248226 0.198976  9.78544
1.77464e+09   -0.0147218 -0.00401876   0.0249781 0.271443 0.191151  9.78944
1.77464e+09   -0.0188734 -0.00238434   0.0296509 0.287209 0.178776  9.80215
1.77464e+09   -0.0194275 -0.00925851    0.033572  0.29256 0.170007  9.81221
1.77464e+09   -0.0193101 -0.00320488   0.0323874 0.290666  0.16078  9.80903
1.77464e+09  -0.0248428   -0.01104  0.0328219 0.302822 0.148487  9.79862
1.77464e+09   -0.0184161 -0.00122972   0.0382306 0.296224 0.133161  9.79708
1.77464e+09   -0.0239345 -0.00182566   0.0400977 0.286127 0.136768  9.80138
1.77464e+09    -0.0218107 -0.000700553    0.0430804  0.28976 0.119833   9.8026
1.77464e+09    -0.022372 -0.00177828    0.041535 0.276573 0.118829  9.80417
1.77464e+09   -0.0264248 -0.00618945   0.0406608 0.271449 0.123968  9.79946
1.77464e+09   -0.0268321 -0.00821165   0.0403542 0.282501 0.133031  9.80164
1.77464e+09   -0.0237456 -0.00340105   0.0412108 0.288516 0.131877  9.80398
1.77464e+09    -0.023658 -0.00167137    0.044068 0.290151 0.115155  9.82023
1.77464e+09   -0.0271043 -0.00774322   0.0418841  0.296619 0.0890394   9.81771
1.77464e+09   -0.0276265 -0.00394251   0.0397711  0.293169 0.0758996   9.82371
1.77464e+09   -0.0246581 -0.00377009   0.0394978  0.301122 0.0664423   9.82526
1.77464e+09   -0.0265706 -0.00393778   0.0390644  0.302154 0.0619788   9.82401
1.77464e+09  -0.0259277 -0.0074651  0.0358002  0.301609 0.0695976   9.81604
1.77464e+09    -0.022598 -0.00415476    0.037196  0.311731 0.0551276   9.79835
1.77464e+09   -0.0227126 -0.00393617   0.0351763  0.316957 0.0494002     9.805
1.77464e+09   -0.0216358 0.000325655    0.035988  0.313841 0.0445681   9.81689
1.77464e+09   -0.0216226 -0.00213962   0.0305441    0.3083 0.0332598   9.81684
1.77464e+09   -0.0223506 -0.00659499   0.0286121  0.304628 0.0427332   9.80364
1.77464e+09   -0.0195861 -0.00114015   0.0289254    0.3014 0.0241438   9.79421
1.77464e+09  -0.0174224 0.00287505  0.0246368  0.306094 0.0273698   9.80774
1.77464e+09   -0.0156541 0.000567354    0.025977  0.304578 0.0103422   9.80723
1.77464e+09  -0.0177678 0.00265075  0.0263174   0.301356 -0.0023983    9.80077
1.77464e+09   -0.011044 0.00291279  0.0207136    0.295287 -0.00357622     9.80859
1.77464e+09  -0.0119807 0.00581532  0.0177635   0.305595 0.00112686    9.82314
1.77464e+09  -0.0102522 0.00248773  0.0126302   0.295695 -0.0002503    9.82568
1.77464e+09  -0.0108389  0.0023506  0.0178359    0.292326 -0.00318772     9.80868
1.77464e+09  -0.00573295   0.0012035   0.0126533   0.310267 0.00124657    9.80113
1.77464e+09  -0.00452293  0.00191097  0.00634894    0.301169 -0.00502898     9.80118
1.77464e+09  -0.00510481  0.00416117  0.00380413   0.300798 -0.0239965    9.79986
1.77464e+09  -0.00528479 -0.00195464  0.00265928   0.285589 -0.0357838     9.8087
1.77464e+09  -0.00238005  0.00370839 0.000564404   0.269095 -0.0361454    9.81472
1.77464e+09  -0.00433468  0.00191123  0.00118589   0.266394 -0.0365121    9.80284
1.77464e+09   0.00280968  0.00535504 -0.00195593   0.269368 -0.0341424    9.79038
1.77464e+09   0.00164776  0.00123638 -0.00717667   0.278798 -0.0250261    9.79188
1.77464e+09   0.00605587 -0.00147127 -0.00684585    0.29962 -0.0148202    9.81028
1.77464e+09  0.00853701 0.00364288 -0.0116551    0.296438 -0.00883447     9.81955
1.77464e+09  0.00833163 0.00136846 -0.0170174   0.283543 -0.0142385    9.81514
1.77464e+09   0.0101663 0.00228292 -0.0219963   0.267142 -0.0189409     9.8172
1.77464e+09   0.0133974 0.00474465 -0.0191096   0.258399 -0.0176541    9.81078
1.77464e+09   0.0138097 0.00112757 -0.0204536   0.262202 -0.0100457    9.81537
1.77464e+09   0.0175151 0.00502465 -0.0232481    0.24795 -0.0199536    9.81077
1.77464e+09   0.0130515 0.00196892 -0.0233734    0.233591 -0.00709322     9.81158
1.77464e+09    0.0174449 0.000901846  -0.0265003   0.248174 -0.0025046     9.8103
1.77464e+09   0.0181691 0.00464233 -0.0292741    0.270487 -0.00966315      9.8114
1.77464e+09    0.0202423 0.000704292  -0.0321439    0.262671 -0.00417973     9.81218
1.77464e+09   0.0210378 0.00183541 -0.0328126    0.26373 0.00767356    9.80751
1.77464e+09   0.0253946 0.00144154 -0.0351834  0.264669 0.0283204   9.80216
1.77464e+09   0.0242513 0.00445609 -0.0362426  0.271359 0.0283409   9.80306
1.77464e+09   0.0264845 0.00149746 -0.0377247  0.276038 0.0397598   9.80199
1.77464e+09   0.0271288 0.00108629 -0.0373102  0.284825 0.0499626   9.79707
1.77464e+09   0.0247323 0.00567869 -0.0406979  0.294824 0.0438666   9.80431
1.77464e+09   0.0252084 -0.0024129 -0.0434363  0.295173 0.0480393   9.81428
1.77464e+09   0.0243251 -0.0012316  -0.040754  0.297101 0.0540863   9.79913
1.77464e+09     0.0260805 -0.000179846   -0.0414114  0.292596 0.0606686   9.79472
1.77464e+09   0.0270818 0.00112473 -0.0384561  0.281052 0.0638474    9.7942
1.77464e+09    0.0237635 0.000744446  -0.0382697  0.277589 0.0858779   9.79205
1.77464e+09    0.0235567 -0.00565589  -0.0415174  0.27581 0.115749  9.81248
1.77464e+09   0.0242563 0.00258965 -0.0382203  0.27453 0.119717  9.80856
1.77464e+09   0.0244422 -0.0027429  -0.040155 0.282511  0.11006  9.79744
1.77464e+09     0.0248146 -0.000823042   -0.0385024   0.2957 0.113083  9.80702
1.77464e+09   0.0232101 0.00195478 -0.0356574 0.289549 0.112148   9.8064
1.77464e+09    0.0223849 -0.00315651  -0.0389023 0.278561   0.1121  9.81545
1.77464e+09    0.0217258 -0.00637584   -0.033538 0.263229 0.130214  9.81659
1.77464e+09    0.0200821 -0.00625417  -0.0298146 0.255833 0.140903  9.81112
1.77464e+09   0.0210838 0.00136053 -0.0276845 0.253105 0.155258  9.81768
1.77464e+09    0.0170546 -0.00493347  -0.0280716 0.25155 0.16093  9.8184
1.77464e+09    0.0170335 -0.00182457  -0.0243591  0.24271 0.157951  9.81393
1.77464e+09    0.0160441 -0.00189082  -0.0214065 0.244323 0.167122  9.81784
1.77464e+09    0.0115908 -0.00197873  -0.0226035 0.276981 0.151603  9.81049
1.77464e+09    0.0110214 -0.00136263  -0.0197318 0.281441 0.144618  9.80565
1.77464e+09  0.00827657 -0.0018858 -0.0118738 0.277666 0.155866  9.81876
1.77464e+09    0.0106516  -0.0017245 -0.00672442 0.285425 0.175514  9.81424
1.77464e+09   0.00520717 -0.00218647 -0.00527083 0.280135 0.177893  9.80471
1.77464e+09   0.00744596 -0.00301635 -0.00884301  0.28908 0.181537  9.79127
1.77464e+09   0.00478022 -0.00380302 0.000580881 0.301463 0.179178  9.78769
1.77464e+09   0.00365386 -0.00218508 -0.00211624  0.30172 0.185957  9.79184
1.77464e+09  0.00143909 0.00197711 0.00862785 0.290485 0.192921  9.79791
1.77464e+09  -0.000991444  -0.00182688   0.00695707 0.268885 0.205494  9.80144
1.77464e+09  -0.00492845 -0.00474347  0.00579885  0.26243 0.212128  9.80846
1.77464e+09  -0.00121901  0.00297943   0.0163752 0.248112 0.189673  9.81244
1.77464e+09  -0.00619525  -0.0042458   0.0129242  0.24868 0.188518  9.79868
1.77464e+09  -0.00820933 0.000380394   0.0184841 0.274564 0.183857  9.79777
1.77464e+09   -0.0100807 -0.00321705   0.0216325 0.299347 0.189074  9.79916
1.77464e+09   -0.0122444 -0.00459108   0.0246624 0.293006 0.184085   9.7917
1.77464e+09  -0.0121683  -0.003587  0.0207023 0.290884 0.175616  9.79107
1.77464e+09   -0.0153376 0.000697334   0.0274078 0.289034 0.156416  9.79537
1.77464e+09   -0.0161965 -0.00447703   0.0292798 0.279106 0.143534  9.81627
1.77464e+09  -0.0139616 0.00172282  0.0281119 0.289524 0.146289  9.82344
1.77464e+09  -0.0181748 0.00358604  0.0363961 0.286621 0.162862  9.81917
1.77464e+09    -0.0203462 -0.000146038    0.0302298 0.293362 0.165693  9.80436
1.77464e+09  -0.0161878  0.0004012  0.0344978 0.302064 0.154951  9.81211
1.77464e+09   -0.0232427 0.000257202   0.0348336 0.307638 0.139004  9.81839
1.77464e+09  -0.0215793 0.00318911  0.0348136 0.304742 0.128719  9.80464
1.77464e+09   -0.0149621 -0.00258923   0.0317319 0.300957 0.119237  9.79387
1.77464e+09    -0.021772 0.000379259   0.0337389 0.290101 0.117331  9.78233
1.77464e+09    -0.0246153 -0.000293132    0.0323858  0.272213 0.0962216   9.79491
1.77464e+09   -0.0228667 0.000739072   0.0329028  0.271379 0.0953955   9.81316
1.77464e+09   -0.023343 0.00444504  0.0325121  0.270579 0.0965157   9.80631
1.77464e+09    -0.026739 -0.00289887   0.0352339  0.288779 0.0859565   9.80929
1.77464e+09   -0.0255541 -0.00082666   0.0270982  0.292645 0.0794275   9.80206
1.77464e+09   -0.0212932 -0.00178595   0.0313822 0.290217 0.070687  9.79733
1.77464e+09  -0.0237718 0.00294747  0.0288058  0.263488 0.0591997   9.79154
1.77464e+09   -0.0218883 8.04014e-05   0.0288877  0.228286 0.0436188   9.79815
1.77464e+09  -0.0164932 0.00457914  0.0267968  0.239325 0.0309247   9.80681
1.77464e+09   -0.0230135 0.000107095   0.0252344  0.264717 0.0308839   9.80587
1.77464e+09   -0.0197823 -0.00128335   0.0236813  0.291822 0.0155671   9.80158
1.77464e+09  -0.020709 0.0035436   0.02176   0.287541 -0.0112286    9.80516
1.77464e+09  -0.0228142 0.00334355   0.023567   0.267853 0.00177952    9.81129
1.77464e+09   -0.0186221 -0.00158284   0.0201392   0.272976 -0.0064476    9.81337
1.77464e+09   -0.0155726 -0.00297218   0.0153537   0.275873 0.00772804     9.8086
1.77464e+09  -0.0100622 0.00190039  0.0129065  0.285142 0.0189359   9.81095
1.77464e+09   -0.0180932 2.03892e-05   0.0164207  0.293225 0.0123206   9.80648
1.77464e+09  -0.0151351 0.00305402  0.0141585  0.289978 0.0116589   9.80357
1.77464e+09   -0.0121358 0.000454882   0.0117769  0.285486 0.0133841   9.80928
1.77464e+09   -0.0113749 -0.00297431   0.0117271  0.279227 0.0105019   9.80713
1.77464e+09  -0.00707711  0.00342999  0.00348436  0.284901 0.0123319   9.79884
1.77464e+09  -0.00891274 0.000636011  0.00566204   0.287576 0.00178966     9.7909
1.77464e+09   -0.0063101 -0.00243686  0.00598822    0.277331 -0.00264316     9.78852
1.77464e+09  -0.00339064 -0.00724633  0.00202413   0.267912 -0.0138462    9.79333
1.77464e+09    0.00255788 -0.000378855  0.000713803   0.269088 -0.0231133    9.78835
1.77464e+09  -0.00114523 -0.00044343  0.00202925   0.273086 -0.0240425    9.79295
1.77464e+09   0.00183306  -0.0041383 -0.00265696    0.27597 -0.0256634    9.78882
1.77464e+09    0.00109286 -0.000621501  0.000635109   0.28005 -0.030846   9.80065
1.77464e+09   0.00276794   -0.001221 -0.00326003    0.27298 -0.0262716    9.80828
1.77464e+09    0.00816939 -0.000225359  -0.00810162   0.289753 -0.0252678    9.80834
1.77464e+09   0.00462857 -0.00131732 -0.00717704    0.30816 -0.0282826     9.8191
1.77464e+09    0.0107479 -0.00241795 -0.00687447   0.30752 -0.010613   9.80845
1.77464e+09     0.0120296 -0.000521964   -0.0114939   0.285841 0.00833892    9.80592
1.77464e+09    0.0110384 -0.00523444  -0.0106387  0.267974 0.0208557   9.81333
1.77464e+09    0.0127929 0.000890385  -0.0128377  0.255818 0.0294681    9.8081
1.77464e+09    0.0185849 -0.00304812  -0.0177436  0.254251 0.0254181   9.80674
1.77464e+09   0.0198619 0.00151916 -0.0163867 0.263611 0.018359  9.81754
1.77464e+09    0.0160475 -0.00314997  -0.0178407    0.28217 0.00943151    9.83639
1.77464e+09    0.0175732 -0.00181829  -0.0209475   0.287966 0.00595293    9.82519
1.77464e+09    0.0160473 -0.00299702  -0.0194644   0.276035 0.00843848    9.79533
1.77464e+09    0.0181509 -0.00159663   -0.023502  0.27796 0.012737  9.78681
1.77464e+09   0.0232392 0.00168658 -0.0212881  0.267402 0.0244902   9.79947
1.77464e+09   0.0224559 0.00177396 -0.0234984  0.272381 0.0365435    9.8064
1.77464e+09    0.0242462 -0.00241631  -0.0255035  0.292784 0.0403927   9.81189
1.77464e+09   0.0186292 0.00427488 -0.0192034  0.286417 0.0473806   9.81072
1.77464e+09    0.0235778 -0.00458919  -0.0303257  0.306851 0.0597241    9.8127
1.77464e+09   0.0220431 0.00270076  -0.024865  0.301692 0.0753497   9.79965
1.77464e+09   0.0247636 0.00374002 -0.0292513  0.282772 0.0763817   9.78918
1.77464e+09     0.027041 4.38995e-05  -0.0304354  0.269565 0.0859226   9.79094
1.77464e+09    0.0220595 -0.00385736  -0.0308365 0.280523 0.104693   9.7953
1.77464e+09    0.0252104 0.000752681  -0.0273731 0.272996 0.092829  9.80844
1.77464e+09    0.0234272 -0.00173609  -0.0299096  0.267713 0.0945467   9.81442
1.77464e+09    0.0232242 -0.00553132    -0.03171  0.26779 0.107837  9.80175
1.77464e+09    0.0220172 -0.00558048  -0.0311909 0.285786 0.121298  9.79835
1.77464e+09     0.018812 -0.00210684  -0.0290237 0.294181 0.140214  9.80874
1.77464e+09    0.023772 0.00215503 -0.0303587 0.290733 0.143904   9.8189
1.77464e+09    0.0249371 -0.00389369  -0.0290119 0.283847 0.130865  9.82408
1.77464e+09    0.0192602 -0.00348231  -0.0276395 0.275459 0.145339  9.81513
1.77464e+09    0.0191083 -0.00434707  -0.0263689 0.269172 0.149125  9.81236
1.77464e+09    0.0175535 -0.00249449  -0.0242968 0.265498 0.158691   9.8019
1.77464e+09    0.0199178 -0.00256027  -0.0266551 0.268831 0.163266  9.80182
1.77464e+09    0.0135057 -0.00276176  -0.0203727 0.286138 0.167197  9.80934
1.77464e+09   0.0159773 0.00152084 -0.0275151 0.294217 0.181036  9.81075
1.77464e+09  0.0105489 0.0026798 -0.021541 0.299993 0.183221  9.80571
1.77464e+09     0.0120645 -0.000633424   -0.0173467 0.298897 0.176063  9.79888
1.77464e+09   0.00987211 0.000416891  -0.0179893 0.298149 0.176422  9.80431
1.77464e+09    0.0088913 -0.00297563  -0.0185791 0.305894 0.168982  9.80605
1.77464e+09   0.00856364 0.000374028  -0.0171646 0.299384 0.164767   9.7961
1.77464e+09  0.00276922 0.00129909 -0.0131656 0.278759 0.167928  9.79743
1.77464e+09   0.00462671 -0.00280846  -0.0065519 0.272962 0.175215  9.81028
1.77464e+09  -0.000943657   0.00112455  -0.00687848 0.277017 0.183042  9.81293
1.77464e+09   -0.00785846  -0.00148019 -0.000151282 0.287241 0.185114   9.8081
1.77464e+09    0.00335605 -0.000878928  -0.00504304  0.28763 0.178221   9.7988
1.77464e+09  -0.00668989  -0.0028225 0.000484355 0.296197 0.174545  9.80363
1.77464e+09  -0.00381449 -0.00152166  0.00358248 0.287481  0.17014  9.79832
1.77464e+09  -0.00372654  0.00605306  0.00369688 0.283304 0.172909  9.80364
1.77464e+09  -0.00892783 -0.00127671  0.00720329 0.281182 0.169038  9.81626
1.77464e+09  -0.00726864  0.00417384  0.00835052 0.291947 0.168883  9.80287
1.77464e+09   -0.0105905 0.000356435   0.0146165 0.276273 0.173093  9.79169
1.77464e+09     -0.012337 -0.000618491    0.0144647 0.257674 0.159914  9.78745
1.77464e+09   -0.015103 0.00208914  0.0172057 0.252852 0.151478  9.79549
1.77464e+09  -0.0117325 0.00120378  0.0182119 0.263305 0.163963   9.7934
1.77464e+09    -0.0161308 -0.000769673    0.0220459 0.278084 0.162403  9.77907
1.77464e+09  -0.0171434  0.0019445  0.0230602 0.298219 0.146515  9.78738
1.77464e+09  -0.0184063 0.00209173  0.0244421 0.305345 0.124508  9.79233
1.77464e+09  -0.0176426 0.00172614  0.0242693 0.294189 0.110022  9.79386
1.77464e+09   -0.0189258 0.000341364   0.0266468 0.278902 0.117717  9.79336
1.77464e+09    -0.017993 -0.00198386   0.0252567 0.276359 0.110859  9.80946
1.77464e+09   -0.0210151 -0.00378069   0.0302894  0.27364 0.115945  9.80687
1.77464e+09    -0.0210163 -0.000351318    0.0309286 0.271951 0.101017  9.79886
1.77464e+09   -0.0190704 -0.00285623   0.0279719  0.278195 0.0830257   9.76897
1.77464e+09  -0.0202654  0.0022059  0.0314483  0.279348 0.0951073   9.77751
1.77464e+09    -0.0223879 -0.000514273    0.0320698 0.264167 0.101669  9.79621
1.77464e+09  -0.0205033 0.00228896  0.0293947 0.259805 0.099679  9.80549
1.77464e+09  -0.0232488 -0.0014348  0.0296316  0.261946 0.0955484   9.81763
1.77464e+09   -0.024271 0.00495784  0.0311357  0.256236 0.0884438   9.79575
1.77464e+09   -0.0213021 -0.00190921   0.0325543  0.250306 0.0820377   9.78532
1.77464e+09   -0.0164844 -0.00191299   0.0277688  0.254806 0.0662016   9.78691
1.77464e+09   -0.0189187 -0.00461231    0.029898  0.245277 0.0516206   9.79256
1.77464e+09   -0.0178093 0.000562442   0.0318624  0.242576 0.0492521   9.79791
1.77464e+09  -0.0194876 0.00262736  0.0260413  0.255935 0.0565222   9.80635
1.77464e+09   -0.0168588 0.000479259    0.026633  0.267155 0.0459642   9.79742
1.77464e+09   -0.0181427 -0.00490445   0.0282164  0.277906 0.0299011   9.78665
1.77464e+09    -0.0145928 -0.000459846    0.0240633  0.279752 0.0138939   9.77217
1.77464e+09   -0.0160607 -0.00460185   0.0247427  0.276069 0.0212703   9.78207
1.77464e+09  -0.00995585 -0.00287596   0.0206689  0.285185 0.0122078   9.79712
1.77464e+09  -0.0152742 0.00243585  0.0270471  0.299998 0.0203559   9.80795
1.77464e+09   -0.0103651 -0.00153159   0.0158138  0.317837 0.0212937   9.80641
1.77464e+09   -0.0107812 -0.00249588   0.0180674   0.313048 0.00833409    9.82518
1.77464e+09  -0.00915096 -0.00651945   0.0150639   0.267545 0.00222834    9.82524
1.77464e+09  -0.00562679  -0.0027175   0.0110636   0.253963 0.00462751    9.80269
1.77464e+09   -0.0044642 -0.00195028   0.0157793  0.281012 0.0127891    9.8016
1.77464e+09  -0.00680068  -0.0016009   0.0121402   0.297774 0.00329716    9.79782
1.77464e+09  -0.00195603  -0.0012384   0.0058498  0.303873 -0.022931   9.80435
1.77464e+09  -0.00023734 -0.00210429  0.00494465   0.296411 -0.0335452    9.80608
1.77464e+09   0.00152499 -0.00322745 0.000600182   0.286092 -0.0295748    9.81062
1.77464e+09   0.00282465 -0.00386406  0.00136422   0.283582 -0.0106204    9.81854
1.77464e+09   0.00519682 -0.00400422  -0.0044768    0.273857 -0.00695864     9.81912
1.77464e+09    0.00530374  -0.00152999 -0.000930392    0.277952 -0.00413966     9.80926
1.77464e+09   0.00568684  0.00202999 -0.00626223   0.293657 0.00118365    9.79144
1.77464e+09   0.00994328 0.000343611  -0.0062641  0.304886 0.0190055   9.78663
1.77464e+09   0.00956877 -0.00328681 -0.00723215   0.288705 0.00624427    9.79435
1.77464e+09   0.00833967 -0.00623696   -0.013569    0.281643 -0.00640016     9.80343
1.77464e+09    0.0154428 -0.00431518    -0.01711    0.281074 0.000740383     9.81032
1.77464e+09   0.00978224 -0.00437856   -0.014955   0.280178 0.00572479    9.81323
1.77464e+09    0.0128994 -0.00261125  -0.0157186  0.281869 0.0104782   9.81117
1.77464e+09    0.0137452 0.000674668  -0.0200693  0.278307 0.0122554   9.81829
1.77464e+09   0.0166344 -0.0022947 -0.0173617 0.275525  0.02302   9.8163
1.77464e+09      0.01431 -0.00146473  -0.0162969 0.272215 0.037518  9.81325
1.77464e+09     0.0212071 -6.12588e-05   -0.0234284  0.278064 0.0288573   9.81299
1.77464e+09    0.019105 0.00115445 -0.0246289  0.280513 0.0261143   9.80616
1.77464e+09    0.0207876 0.000504489  -0.0245256  0.300233 0.0439772    9.7901
1.77464e+09   0.0213824 0.00120313 -0.0302801  0.312484 0.0516003   9.78407
1.77464e+09     0.0246333 -0.000281476   -0.0276285  0.294684 0.0581619   9.78578
1.77464e+09     0.021772 -0.00356799  -0.0288235  0.277495 0.0600856    9.7957
1.77464e+09    0.0160036 -0.00296372  -0.0350953  0.275837 0.0674379   9.80577
1.77464e+09    0.0202624 -0.00061894  -0.0322792  0.269621 0.0847752   9.79362
1.77464e+09    0.0237134 -0.00357117  -0.0324943  0.262441 0.0830771   9.78061
1.77464e+09    0.0240205 -0.00419192  -0.0356093 0.280675 0.097589  9.79284
1.77464e+09   0.0245118 0.00221628 -0.0334774  0.286433 0.0959475   9.80213
1.77464e+09     0.0211169 -0.000176433   -0.0334371  0.294804 0.0928414   9.80936
1.77464e+09   0.0193078 0.00164994 -0.0346353  0.297844 0.0948162   9.82165
1.77464e+09   0.0237191 0.00486139 -0.0307845 0.303862 0.110364  9.81125
1.77464e+09     0.016525 -0.00108246  -0.0337363 0.298261 0.130232  9.80917
1.77464e+09   0.0185634 0.00172177 -0.0349751 0.301188 0.142835  9.80292
1.77464e+09   0.0207603 0.00315899  -0.031499 0.286358  0.14388  9.81805
1.77464e+09    0.020671 0.00480941 -0.0320582 0.282575 0.152128  9.83392
1.77464e+09    0.0176964 -0.00148935  -0.0288297 0.287103  0.15249  9.83344
1.77464e+09   0.0178279 0.00158205 -0.0320559 0.304541 0.139581  9.81935
1.77464e+09   0.0170689 0.00309925 -0.0314265  0.30744 0.137179  9.79683
1.77464e+09   0.0131767 0.00452808 -0.0242543  0.29186 0.135108  9.79332
1.77464e+09   0.0123695 0.00550874 -0.0242085 0.275245 0.140385    9.805
1.77464e+09    0.0114714 -0.00071575  -0.0256726 0.267363 0.161535   9.8237
1.77464e+09   0.0106616 0.00462354 -0.0254227 0.261748 0.189225  9.81339
1.77464e+09    0.00628123 -0.000125953   -0.0189733 0.277057  0.20016  9.79912
1.77464e+09  0.00538488 0.00142393 -0.0144608 0.283111 0.184127  9.78264
1.77464e+09   0.00573399 0.000851735  -0.0115609 0.278152 0.168667  9.78929
1.77464e+09  0.00292226 0.00104192 -0.0142016 0.259982   0.1652  9.79227
1.77464e+09  0.000935905 0.000327781 -0.00974654 0.258798 0.162953  9.78894
1.77464e+09   0.00298729 0.000991738 -0.00829669 0.277892 0.173559  9.78427
1.77464e+09    0.00420743 -0.000487163  -0.00405909 0.290076 0.180189  9.78369
1.77464e+09   -0.0058419  0.00213433 -0.00218614 0.285707 0.161932  9.78214
1.77464e+09   -0.0043618  -0.0027778 -0.00372168 0.259749 0.162234   9.7785
1.77464e+09  -0.00385752  0.00246134  0.00525943 0.251814 0.161316  9.78059
1.77464e+09   -0.006437 0.00085276 0.00431954 0.253893 0.164782  9.79167
1.77464e+09  -0.00667247 -7.2174e-05  0.00799316 0.258588 0.166757  9.80743
1.77464e+09  -0.00859286 -0.00184115  0.00860023 0.279482 0.162809  9.80675
1.77464e+09   -0.0104826 -0.00525249   0.0181452 0.294742 0.161226  9.80734
1.77464e+09  -0.00929056  0.00244515   0.0158285 0.293144 0.169403  9.80723
1.77464e+09   -0.0121084 -0.00240693   0.0172188 0.274823 0.161104  9.80188
1.77464e+09  -0.0104749 0.00313434   0.019489  0.2537 0.15429 9.80004
1.77464e+09    -0.012501 0.000401229   0.0223173 0.264146  0.14922  9.78451
1.77464e+09   -0.0120331 -0.00292793   0.0208099 0.287749 0.142124  9.79096
1.77464e+09   -0.0186355 -0.00186606   0.0223239 0.282537 0.147965  9.79284
1.77464e+09   -0.0170882 -0.00656709   0.0274275 0.268865 0.134776  9.79534
1.77464e+09    -0.018256 -6.1341e-05   0.0281947 0.263523 0.139974  9.79586
1.77464e+09   -0.0182759 -0.00356687   0.0317025 0.251037 0.153374  9.80339
1.77464e+09   -0.0167412 -0.00363201   0.0250311 0.241809 0.133422  9.79981
1.77464e+09   -0.0177337 -0.00315492   0.0332355 0.253588 0.117288  9.79595
1.77464e+09  -0.0230692 0.00196953  0.0362982  0.267108 0.0950853   9.79539
1.77464e+09    -0.016134 -0.00328332   0.0323655  0.267016 0.0910406    9.8044
1.77464e+09   -0.0197187 0.000755207   0.0340484 0.262771 0.101836  9.79268
1.77464e+09    -0.0196677 -0.000125922    0.0281653   0.26818 0.0975685    9.7826
1.77464e+09    -0.0194143 -0.000398211    0.0282846  0.258339 0.0929891   9.79049
1.77464e+09  -0.0183266 0.00251003  0.0359661  0.259316 0.0909571   9.80417
1.77464e+09    -0.0189644 -0.000715656    0.0295899   0.27396 0.0874455   9.81068
1.77464e+09   -0.0177614 -0.00446812   0.0270808   0.28098 0.0888474   9.80612
1.77464e+09   -0.0158322 -0.00243868   0.0314956  0.280958 0.0720868   9.80503
1.77464e+09   -0.0152692 -0.00424277   0.0297806  0.272782 0.0686461   9.80967
1.77464e+09  -0.0172637 0.00171905  0.0278422  0.262452 0.0542813   9.80048
1.77464e+09     -0.012347 -0.000691002    0.0249442  0.249792 0.0389515   9.78356
1.77464e+09    -0.014072 -0.00151663   0.0330993  0.239733 0.0369523   9.78124
1.77464e+09   -0.0154155 -0.00383125   0.0239294  0.245108 0.0421605   9.80125
1.77464e+09   -0.0146261 -0.00563868    0.023512  0.269305 0.0412492   9.81201
1.77464e+09   -0.0139535 -0.00127275   0.0194084   0.29303 0.0364252   9.82787
1.77464e+09   -0.0119753 -0.00759949   0.0223546  0.307275 0.0264348   9.82704
1.77464e+09      -0.0107 -0.00328459    0.020163  0.313175 0.0225905   9.82095
1.77464e+09  -0.00821667 -0.00107061    0.019989  0.321605 0.0117046    9.8091
1.77464e+09  -0.00415356 -0.00434896   0.0153758   0.315533 0.00195934     9.8008
1.77464e+09  -0.00803916  -0.0024376   0.0156071   0.292057 0.00330825    9.80411
1.77464e+09  -0.00517773 -0.00307609   0.0104408  0.283089 0.0041557   9.81244
1.77464e+09   -0.0014538 -0.00609049  0.00921818  0.286897 0.0156523   9.80588
1.77464e+09  -0.0056987 0.00358623 0.00809413  0.288293 0.0231801   9.80554
1.77464e+09  -0.00321448  -0.0017263  0.00873849   0.290743 0.00347205    9.80407
1.77464e+09  -0.00436001  -0.0037731  0.00325004   0.288112 -0.0128567    9.81732
1.77464e+09  -0.000360218 -0.000886978 -0.000762416    0.287859 -0.00326843     9.81787
1.77464e+09  -0.000179643 -0.000651083  0.000412894    0.29699 -0.0121781     9.8123
1.77464e+09    0.00578915 -9.82124e-05  -0.00337424   0.304854 -0.0085262    9.80539
1.77464e+09   0.00473366 -0.00310354 -0.00235061    0.316148 -0.00405001     9.80522
1.77464e+09    0.00761538 -0.000992828   -0.0093547   0.291831 0.00452551     9.7943
1.77464e+09     0.0083902 -2.03171e-05   -0.0119943   0.261761 0.00363481    9.79586
1.77464e+09  0.00790694 0.00432421  -0.011425    0.261606 0.000118743     9.80838
1.77464e+09    0.0111461 0.000296993  -0.0166067  0.283833 0.0123681   9.81533
1.77464e+09    0.00978348 -0.000715169   -0.0126844  0.306691 0.0101949   9.81397
1.77464e+09   0.0129271 0.00190525 -0.0148102    0.30007 0.00744575    9.81933
1.77464e+09   0.0134562 0.00429333  -0.014904    0.30151 0.00694544    9.81242
1.77464e+09     0.0137032 -0.000897084   -0.0217794 0.310284 0.010939  9.80699
1.77464e+09   0.0140744 0.00323038 -0.0195662  0.296049 0.0197376   9.80317
1.77464e+09     0.0184593 -0.000377324   -0.0241658 0.290741 0.036662  9.80643
1.77464e+09   0.0169821 0.00153273 -0.0223418  0.297669 0.0315172   9.80854
1.77464e+09   0.0222569 0.00190614 -0.0282041  0.285734 0.0283971   9.80889
1.77464e+09    0.0185931 -0.00135108  -0.0279358  0.276193 0.0430032   9.80909
1.77464e+09     0.0207929 -0.000533666   -0.0325105  0.271744 0.0430154   9.80219
1.77464e+09   0.0191379 0.00333255 -0.0303828  0.268177 0.0535787   9.80933
1.77464e+09   0.0196693 0.00306827 -0.0326208  0.283374 0.0522127     9.802
1.77464e+09   0.0197616 0.00765933 -0.0299613  0.302554 0.0624705   9.80362
1.77464e+09    0.0233599 0.000519084  -0.0297449  0.303205 0.0662462   9.80218
1.77464e+09     0.020782 -0.00126021  -0.0371719  0.297649 0.0713067   9.80332
1.77464e+09    0.0193737 0.000681771  -0.0336518  0.291287 0.0719505    9.8026
1.77464e+09   0.0205618 0.00300708 -0.0355281 0.284805 0.080077  9.80559
1.77464e+09   0.0217041 0.00626338  -0.034143  0.264621 0.0866572   9.80807
1.77464e+09   0.0207353 0.00419362 -0.0337644  0.264274 0.0944008   9.80629
1.77464e+09   0.0197618 0.00142369 -0.0347986  0.269148 0.0908495   9.80884
1.77464e+09    0.0171523 -0.00450766  -0.0340637 0.269749 0.100847  9.81456
1.77464e+09    0.0186447 0.000248463  -0.0314199 0.280945  0.11797  9.81208
1.77464e+09     0.0168116 -0.000562668   -0.0273634 0.281749 0.122208  9.80406
1.77464e+09    0.0172948 -0.00271851  -0.0307925 0.282628 0.122803  9.80455
1.77464e+09   0.0190828 0.00018911 -0.0278863 0.289433 0.127398  9.79929
1.77464e+09    0.0105175 -0.00165864  -0.0299281 0.287425 0.128072  9.81361
1.77464e+09    0.0101326 0.000911986  -0.0251186 0.275894 0.148178  9.80118
1.77464e+09    0.0115792 4.73295e-05  -0.0232663  0.26186 0.160083  9.80182
1.77464e+09    0.0106006 0.000555715  -0.0192972 0.258872 0.156802  9.80131
1.77464e+09    0.0102518 0.000113904   -0.018968 0.265417 0.147605  9.80413
1.77464e+09  0.0095905 0.0021118 -0.019461 0.281001  0.15528  9.80233
1.77464e+09   0.00905058 0.000398635 -0.00993198 0.300964 0.167731  9.80183
1.77464e+09   0.00910013  0.00152667 -0.00745628 0.271959 0.164871  9.80983
1.77464e+09    0.00246776 -0.000755029  -0.00832134 0.248289 0.166839  9.81173
1.77464e+09   0.00128886 0.000748768 -0.00200048 0.246421 0.167798  9.80305
1.77464e+09   0.00330036 -0.00558512 -0.00169688 0.268329 0.157421  9.80567
1.77464e+09  -0.000168709  -0.00571517    0.0017167 0.269749 0.157836  9.81387
1.77464e+09  0.000766824 -0.00711959  0.00170171 0.267406 0.152634  9.81774
1.77464e+09  -0.00172252 0.000501398  0.00417198 0.264821 0.161088  9.80493
1.77464e+09  -0.00245102  0.00332035  0.00813835 0.255224 0.169812     9.79
1.77464e+09  0.000832305  0.00272639   0.0111519 0.258052 0.159619  9.79114
1.77464e+09  -0.00563855 -0.00178874   0.0116527 0.259046 0.160268   9.8052
1.77464e+09  -0.00949928 -0.00373445   0.0191425 0.249518 0.174828  9.80483
1.77464e+09   -0.0108158 -0.00225718   0.0188012  0.25408 0.172096  9.80983
1.77464e+09  -0.00724061 -0.00423705   0.0149529 0.264555 0.170946  9.80664
1.77464e+09  -0.00809764 -0.00441679   0.0164081 0.267346 0.163018  9.79835
1.77464e+09   -0.0127544 -0.00228296    0.021949 0.269397 0.162994  9.80812
1.77464e+09   -0.0128143 -0.00441777   0.0257471 0.271723 0.169908  9.81191
1.77464e+09  -0.0165469 0.00160291  0.0272751 0.262488 0.153255  9.82487
1.77464e+09   -0.0124964 -0.00280376   0.0254572 0.248147 0.139587  9.82327
1.77464e+09  -0.0137532  -0.002258  0.0282754 0.260773 0.131439  9.81928
1.77464e+09   -0.0171726 -0.00279252   0.0269511 0.282879 0.127609  9.81558
1.77464e+09   -0.0158797 -0.00388045   0.0325438  0.29371 0.125286  9.80985
1.77464e+09   -0.0146498 -0.00114412   0.0282176 0.303094 0.112962  9.82671
1.77464e+09   -0.017236 0.00253041  0.0299688 0.296616 0.106442  9.83729
1.77464e+09   -0.0222603 -0.00505661   0.0299395 0.280692 0.118981  9.81887
1.77464e+09   -0.0169474 -0.00333124   0.0296812 0.275533 0.122953  9.81364
1.77464e+09   -0.0165155 -0.00423811   0.0309369 0.277408 0.106858   9.8113
1.77464e+09   -0.0179876 -0.00581016   0.0308259  0.281618 0.0825767   9.80836
1.77464e+09  -0.0166213 -0.0053401  0.0284775  0.293751 0.0649274   9.80715
1.77464e+09   -0.0161073 -0.00410019   0.0269561  0.295414 0.0826728   9.80369
1.77464e+09    -0.018569 -0.00382289   0.0252572  0.296987 0.0932383   9.80365
1.77464e+09   -0.0175094 -0.00388868   0.0272367   0.29796 0.0800735   9.80295
1.77464e+09   -0.0157935 -0.00323814   0.0254102  0.280401 0.0766613   9.81116
1.77464e+09    -0.0179993 -0.000651537    0.0259995  0.271852 0.0545205   9.82681
1.77464e+09   -0.0167347 -0.00455033   0.0255797  0.278032 0.0483523   9.82683
1.77464e+09   -0.0168653 -0.00139469   0.0236701   0.28722 0.0339148    9.8144
1.77464e+09   -0.0162446 -0.00262813   0.0190783  0.296289 0.0393686   9.79946
1.77464e+09  -0.0155939  0.0067267   0.018758  0.295475 0.0439378    9.7934
1.77464e+09   -0.0118882 -0.00298797   0.0205461  0.295425 0.0395426    9.8034
1.77464e+09   -0.0087872 0.000127652   0.0121292  0.289416 0.0401201   9.80569
1.77464e+09  -0.00715456   0.0047462    0.011327  0.289354 0.0369525   9.81341
1.77464e+09  -0.0125751 0.00105458  0.0142448  0.295864 0.0285101   9.81634
1.77464e+09  -0.00684594 0.000875593   0.0130713  0.29036 0.029014  9.81892
1.77464e+09  -0.00795366  0.00220271  0.00720772 0.292597 0.026498  9.81292
1.77464e+09  -0.00793796 0.000575916  0.00872386    0.29026 0.00792127    9.79525
1.77464e+09  -0.00699001 -0.00115633  0.00416296    0.299614 -0.00691575     9.79007
1.77464e+09   -0.00651883 -0.000371409   0.00393092    0.300759 -0.00252311     9.79494
1.77464e+09  -0.00260986 -0.00197025  0.00492625    0.291272 -0.00236069     9.80204
1.77464e+09    -0.0035287 -0.000601062  -0.00151737   0.283425 0.00922316    9.80611
1.77464e+09  -0.000901201   0.00224776  -0.00539989  0.295381 0.0198574   9.80192
1.77464e+09  0.000768246  0.00142206 -0.00785443  0.306269 0.0269155   9.80457
1.77464e+09   0.00294046 -0.00372105 -0.00741851 0.302045  0.02459  9.81219
1.77464e+09  -0.00137482  0.00702361    -0.01133  0.303242 0.0205703   9.81051
1.77464e+09   0.00583509    0.003482 -0.00847943  0.289046 0.0127088   9.80115
1.77464e+09  0.00515829 0.00177288 -0.0104196  0.277666 0.0101536   9.78537
1.77464e+09     0.0075118 -0.000533848   -0.0143697  0.275922 0.0301213   9.79626
1.77464e+09  0.00707688 0.00281569 -0.0162334  0.280194 0.0217575   9.80938
1.77464e+09   0.00901731 -0.00297889  -0.0161703   0.282145 0.00669661    9.79854
1.77464e+09   0.00915713 -0.00231227  -0.0157678    0.29185 0.00991706    9.79858
1.77464e+09   0.0108426 0.00206506 -0.0179421  0.295492 0.0115633   9.80305
1.77464e+09    0.0125736 0.000433561  -0.0196163  0.287681 0.0183587   9.79428
1.77464e+09    0.0169831 -0.00261841   -0.020777  0.278439 0.0305886   9.79466
1.77464e+09   0.0137272 0.00173018 -0.0224692  0.284882 0.0387224   9.80479
1.77464e+09   0.0189239 0.00184883 -0.0251568  0.281802 0.0483328   9.81463
1.77464e+09   0.0153122   0.003259 -0.0241693  0.278278 0.0563941   9.82201
1.77464e+09    0.0141824 -0.00408764  -0.0273665 0.279939 0.042565  9.82754
1.77464e+09   0.0165877 0.00300563 -0.0231558  0.270997 0.0358507   9.81659
1.77464e+09    0.0161764 -0.00148786  -0.0245876  0.266446 0.0561531   9.81134
1.77464e+09   0.0163845 0.00118572 -0.0275525  0.263251 0.0435738   9.80345
1.77464e+09    0.0162006 -0.00325884  -0.0247299 0.263149 0.045765   9.8009
1.77464e+09   0.0169065 0.00203788 -0.0250011  0.277719 0.0540333   9.81138
1.77464e+09    0.0153414 0.000770615  -0.0245777 0.278941 0.055792  9.81068
1.77464e+09    0.0165827 -0.00239114  -0.0305385  0.278121 0.0765265   9.80606
1.77464e+09    0.0202894 -0.00299484  -0.0271603  0.280647 0.0859799   9.80269
1.77464e+09   0.0178481 0.00712836 -0.0243271  0.285864 0.0908924   9.79007
1.77464e+09   0.0190268 0.00289355 -0.0277407    0.2866 0.0929294   9.79055
1.77464e+09   0.0218783   -0.00189 -0.0245682 0.292779 0.107081  9.80001
1.77464e+09    0.0185148 3.59798e-05  -0.0215786 0.277377 0.106793  9.81447
1.77464e+09   0.0162784 0.00149839 -0.0275591 0.261431 0.113897  9.83071
1.77464e+09    0.0150151 -0.00100739  -0.0261906 0.259439 0.116776   9.8213
1.77464e+09     0.0165829 -0.000328412   -0.0204768 0.274167 0.126213  9.79914
1.77464e+09   0.0132464 0.00147109 -0.0237583 0.283267 0.141411  9.77949
1.77464e+09     0.011864 -0.00208139  -0.0178128 0.283852 0.140461  9.78776
1.77464e+09   0.0151722 0.00106465 -0.0195135 0.266852 0.137271  9.79675
1.77464e+09    0.0136481 -0.00328888  -0.0166178 0.258811 0.137363  9.80472
1.77464e+09     0.0142521 -0.000501171   -0.0145573 0.265284  0.13254   9.8013
1.77464e+09    0.0108109 -0.00433209  -0.0165455 0.276778 0.127461  9.80147
1.77464e+09   0.0132425  0.0013161 -0.0130498 0.278257 0.133165  9.80063
1.77464e+09   0.00636065 -0.00597817  -0.0110378 0.278975 0.159333  9.80743
1.77464e+09   0.00597258 -0.00215917  -0.0118731  0.26884 0.154685   9.8055
1.77464e+09   0.00545944 -0.00117656  -0.0060284 0.275323 0.158907  9.81096
1.77464e+09   0.00549785 -0.00395119 -0.00314781 0.288946 0.162745  9.81767
1.77464e+09    0.0042472 -0.00303881 -0.00423514 0.290547 0.161371  9.81177
1.77464e+09    0.00127526    -0.007206 -0.000545713 0.283847 0.162374  9.79432
1.77464e+09   0.000327155 -4.61866e-05   0.00663975 0.291339 0.149633  9.79101
1.77464e+09   0.00170075 -0.00145757  0.00241496 0.293455    0.147  9.78568
1.77464e+09  -0.00204704 -0.00460025  0.00232809 0.290798 0.153784  9.79699
1.77464e+09   0.0021579 -0.0039768  0.0049676 0.292415 0.149515  9.79686
1.77464e+09  -0.00383606 -0.00844354  0.00620933  0.29912 0.161383  9.79608
1.77464e+09   -0.00398878 -0.000721828    0.0101635 0.302986 0.166126  9.81744
1.77464e+09  -0.00354858 -0.00320964  0.00771625 0.298708 0.160275   9.8271
1.77464e+09   -0.00963391 -0.000281981    0.0135371 0.276495 0.147283  9.81967
1.77464e+09  -0.00979335   0.0012938   0.0148391 0.272777 0.141156  9.80148
1.77464e+09  -0.0099771  -0.005237  0.0161678 0.269268 0.145143  9.80341
1.77464e+09  -0.00856448 -0.00214491   0.0167396 0.280871 0.152242  9.82699
1.77464e+09  -0.00924836  0.00210718   0.0194474 0.287447 0.143337  9.83083
1.77464e+09   -0.0152479 -0.00626926   0.0197154 0.283496 0.136133  9.82008
1.77464e+09   -0.0112885 -0.00312087   0.0202105 0.289406 0.140633  9.81673
1.77464e+09   -0.0156073 -0.00141996   0.0202787 0.281759 0.153147  9.80449
1.77464e+09  -0.0124436 0.00042068  0.0215536 0.280073 0.143306  9.80677
1.77464e+09    -0.015679 -0.00110078   0.0207756 0.284478 0.118555  9.80389
1.77464e+09  -0.0123375 0.00139258  0.0229053 0.289552 0.117101  9.80143
1.77464e+09  -0.0161435 -0.0046478  0.0206052 0.290321 0.117496    9.794
1.77464e+09   -0.0161072 -0.00506655    0.020757 0.293755 0.120453   9.7872
1.77464e+09  -0.0159669 0.00104573  0.0246063 0.290761 0.116009  9.79762
1.77464e+09  -0.0213219 0.00023529  0.0206552 0.290856 0.109163  9.80627
1.77464e+09  -0.0132962 0.00116006  0.0224448 0.290743 0.113258  9.80197
1.77464e+09   -0.0177124 -0.00222415   0.0248565 0.284203 0.100759  9.80574
1.77464e+09   -0.016841 0.00195065  0.0193309  0.300447 0.0796008   9.82026
1.77464e+09    -0.0207113 -0.000328704    0.0249192  0.278622 0.0668962   9.83804
1.77464e+09    -0.01781 0.00214612  0.0233703   0.27408 0.0516772   9.84223
1.77464e+09  -0.0136468 0.00686798  0.0242129  0.275474 0.0491344   9.82711
1.77464e+09    -0.013389 -0.00234109   0.0199044  0.283411 0.0653039   9.81374
1.77464e+09  -0.0152705 0.00145859  0.0170531  0.287916 0.0613913   9.78518
1.77464e+09   -0.0160288 -0.00212979   0.0189822  0.282034 0.0645615   9.77099
1.77464e+09  -0.013779 0.0027618 0.0168648   0.28435 0.0592146   9.78777
1.77464e+09  -0.0150547 0.00110052  0.0199654  0.294575 0.0459633    9.8029
1.77464e+09  -0.00887848   0.0013963   0.0172678  0.290069 0.0360902    9.8086
1.77464e+09  -0.0141515 0.00210347  0.0128668  0.286225 0.0339316   9.80588
1.77464e+09  -0.00954924 -0.00122168   0.0112011  0.271031 0.0375242   9.79924
1.77464e+09  -0.00869637  0.00210463   0.0136409  0.273719 0.0306846   9.79631
1.77464e+09   -0.0101306 -0.00064819   0.0141965  0.286781 0.0246691     9.801
1.77464e+09  -0.00812544  0.00479367  0.00514661  0.287841 0.0375024    9.8024
1.77464e+09  -0.00453298  0.00313369  0.00716257  0.290077 0.0331408   9.80633
1.77464e+09  -0.00519673 -0.00424251  0.00363742  0.293965 0.0276882   9.80823
1.77464e+09  -0.00518152 -0.00227446  0.00595519 0.279222   0.0275  9.81285
1.77464e+09    -0.002131 0.000751284  0.00646029  0.275142 0.0289829   9.81831
1.77464e+09   -0.00571091  -0.00101662 -0.000363038  0.274301 0.0295653   9.82112
1.77464e+09  -0.00352554  0.00103772  0.00216726  0.274144 0.0169648   9.81879
1.77464e+09  -0.000559071  0.000646573  -0.00107011  0.271825 0.0238484    9.8213
1.77464e+09  -0.00235881 -0.00343951 -0.00121911  0.271853 0.0260146   9.81394
1.77464e+09   0.00376521 -0.00174094  -0.0043535  0.279544 0.0148145   9.81461
1.77464e+09    0.00172462 -4.68614e-05  -0.00731828  0.275055 0.0145099   9.80932
1.77464e+09    0.00460587 -2.57754e-05  -0.00464955  0.259353 0.0181437   9.80798
1.77464e+09    0.00650486 -0.000826349  -0.00886118  0.253593 0.0164359   9.80747
1.77464e+09   0.00921619  0.00106202 -0.00792832  0.256454 0.0167458   9.80725
1.77464e+09    0.00661156 -0.000614328  -0.00838501   0.277957 0.00161639    9.80916
1.77464e+09   0.0126621 0.00216229 -0.0124129   0.293452 0.00551484    9.81428
1.77464e+09    0.00915541 -0.000658389   -0.0153733  0.295144 0.0209642   9.81325
1.77464e+09   0.0122095 0.00194048 -0.0153442  0.298662 0.0291435   9.80582
1.77464e+09   0.0145462  0.0022558 -0.0106987  0.292305 0.0315186   9.80168
1.77464e+09    0.0138639 -0.00330763  -0.0176921  0.294506 0.0368669   9.79723
1.77464e+09    0.0102623 -0.00397917  -0.0164695  0.290542 0.0318418   9.81297
1.77464e+09    0.0167396 6.76254e-05   -0.021026  0.291507 0.0294286   9.82678
1.77464e+09   0.0143771 0.00144592 -0.0178959  0.283932 0.0403814   9.81397
1.77464e+09    0.0131713 -0.00446686  -0.0213575  0.264324 0.0445845   9.81042
1.77464e+09     0.018204 -0.00434463  -0.0227196  0.267218 0.0721499   9.79844
1.77464e+09    0.018163 0.00240444 -0.0180555  0.264953 0.0845036   9.78182
1.77464e+09   0.0183579 0.00456304 -0.0228856  0.272088 0.0872796   9.78631
1.77464e+09    0.0188234 -0.00166262  -0.0231878  0.276816 0.0956544   9.80033
1.77464e+09    0.0143596 -0.00234038  -0.0219264  0.270564 0.0956187   9.81486
1.77464e+09   0.0172248 0.00143233 -0.0232015   0.27889 0.0799963     9.809
1.77464e+09    0.0165454 -0.00100606   -0.021468  0.284851 0.0702125   9.79861
1.77464e+09   0.0173659 0.00013747 -0.0267882 0.283696 0.081811  9.80467
1.77464e+09   0.0176781 0.00141985 -0.0240125 0.279302 0.100488  9.80004
1.77464e+09    0.0173745 -0.00317795  -0.0241816 0.283654 0.105556  9.78593
1.77464e+09    0.0173532 -0.00694506  -0.0255663 0.272574 0.115788  9.79324
1.77464e+09      0.01459 -0.00684441  -0.0209368 0.268925 0.112739  9.79592
1.77464e+09     0.0149852 -0.000365129   -0.0205566  0.270347 0.0959141   9.80429
1.77464e+09    0.0152262 0.000648001  -0.0205073   0.2706 0.105608  9.81168
1.77464e+09   0.0127016 0.00173944 -0.0210092 0.269428 0.108554  9.81728
1.77464e+09    0.0125917 -0.00123601  -0.0191579 0.271589  0.11465  9.81189
1.77464e+09    0.0126058 -0.00141119  -0.0159271 0.272336  0.13346  9.81733
1.77464e+09    0.013531 0.00101649 -0.0207062 0.284928 0.132174  9.81072
1.77464e+09    0.011999 0.00137307 -0.0178135 0.283974  0.12849  9.80696
1.77464e+09  0.00590551 0.00168489 -0.0134469 0.291381 0.127315  9.79528
1.77464e+09   0.00815146 3.89049e-05  -0.0146586 0.297714 0.128224  9.78614
1.77464e+09    0.0109057 -0.00151266  -0.0100162   0.2918 0.128258   9.7868
1.77464e+09    0.00913636 -0.000610918    -0.013024 0.287156 0.144168  9.78953
1.77464e+09  0.00663044 0.00277061 -0.0107742 0.275929 0.167996  9.80455
1.77464e+09   0.00327064  0.00419609 -0.00518442 0.274383 0.180587   9.8033
1.77464e+09   0.00119679 -0.00379718 -0.00665334 0.277488 0.174293  9.80722
1.77464e+09   0.00114453   0.0025839 -0.00620264 0.27262 0.16443 9.79973
1.77464e+09  0.000474334 0.000127456 -0.00381828 0.292971 0.144398  9.80545
1.77464e+09    0.0005489  0.00105728 -0.00200307  0.29574 0.136565    9.809
1.77464e+09    0.00143274 -0.000617706   0.00097333 0.289815 0.144174  9.81292
1.77464e+09   -0.00360554   0.00399409 -0.000225129 0.284398 0.156561  9.80969
1.77464e+09  -0.00322225  0.00219854   0.0031306 0.284651 0.151442   9.8035
1.77464e+09  -0.00701793  0.00326855  0.00283319 0.279065 0.152724   9.7852
1.77464e+09  -0.00459248 -0.00101917  0.00629469 0.287495 0.147815  9.78337
1.77464e+09  -0.00659587 -0.00165171  0.00901973 0.288919 0.148315  9.79376
1.77464e+09    -0.0076258 -0.000954086   0.00883017 0.274846 0.147564  9.80653
1.77464e+09  -0.00684372 0.000798336   0.0143341 0.278897 0.132022  9.81257
1.77464e+09  -0.00821548 3.51432e-06  0.00937385 0.281457 0.132692   9.8057
1.77464e+09    -0.0133873 -0.000592334    0.0132113 0.274311 0.133179  9.79941
1.77464e+09   -0.0133241 -0.00367178   0.0114908 0.281059 0.135702  9.80141
1.77464e+09   -0.0122969 -0.00543345   0.0146427 0.27482 0.13559 9.80418
1.77464e+09  -0.0118631 0.00223135   0.020268 0.267873 0.134061  9.82442
1.77464e+09  -0.0114533 0.00564498  0.0180971 0.265206 0.138571  9.82577
1.77464e+09  -0.00929975 -0.00233762   0.0204244 0.267441 0.127665    9.822
1.77464e+09  -0.0147606 0.00149854  0.0165248 0.280224 0.127156  9.81342
1.77464e+09   -0.0192211 -0.00654833   0.0195311   0.2693 0.122218  9.80984
1.77464e+09   -0.0167105 -0.00116078   0.0212999 0.274121  0.10818   9.8042
1.77464e+09   -0.0121278 0.000572697   0.0234123 0.286233 0.109007    9.811
1.77464e+09    -0.0131035 -0.000753449    0.0236504 0.299019 0.103871  9.82034
1.77464e+09   -0.0188296 -0.00125023   0.0250431  0.306927 0.0877726   9.82948
1.77464e+09   -0.0171987 0.000463527   0.0197458  0.311081 0.0832766   9.82775
1.77464e+09    -0.0147226 -0.000576444    0.0216595 0.295038 0.074906  9.79216
1.77464e+09  -0.0166235 0.00281648  0.0191703  0.284941 0.0774109   9.78733
1.77464e+09  -0.0167935 -0.0036239  0.0204421  0.277309 0.0889048    9.7927
1.77464e+09    -0.013591 -0.00113998   0.0201359  0.270222 0.0764731   9.79442
1.77464e+09  -0.0141705 0.00247761  0.0221784  0.258901 0.0682188   9.79767
1.77464e+09    -0.016334 -0.00121329   0.0218198  0.248572 0.0464799   9.80025
1.77464e+09   -0.0128218 0.000595082   0.0189838 0.233548  0.03162  9.81211
1.77464e+09   -0.0134045 -0.00119344   0.0165224  0.237659 0.0250097   9.81891
1.77464e+09   -0.0132233 0.000668376   0.0150927  0.248014 0.0237459    9.8003
1.77464e+09  -0.0132755 0.00115952  0.0169501  0.275165 0.0256307   9.78709
1.77464e+09  -0.0118652  -0.003058  0.0173111  0.292537 0.0100354   9.81235
1.77464e+09  -0.00919388 0.000185263    0.013442  0.287405 0.0162523   9.82742
1.77464e+09  -0.00776363 -0.00181568   0.0125201  0.281489 0.0231485   9.82521
1.77464e+09  -0.00689126 -0.00139131  0.00799956  0.289245 0.0364927   9.81922
1.77464e+09  -0.00962143 -0.00344445   0.0152484 0.272416 0.042286  9.82249
1.77464e+09   -0.0029599 -0.00244191  0.00945168  0.275105 0.0422872   9.81778
1.77464e+09  -0.00488373 -0.00328154  0.00565578  0.269157 0.0317766   9.81222
1.77464e+09  -0.0057364 0.00187698  0.0054655  0.285587 0.0216442    9.8139
1.77464e+09  -0.00428134  -0.0016117  0.00725032   0.28748 0.0315249   9.81416
1.77464e+09  -0.00480279 -0.00357388  0.00663007  0.296254 0.0383468   9.81578
1.77464e+09   -0.0037249 -0.00315026  0.00723763   0.29769 0.0408147   9.81086
1.77464e+09  -0.00355597 -0.00331882  0.00725747  0.288766 0.0355465   9.81498
1.77464e+09   0.00166483 4.45909e-05  0.00430136  0.272441 0.0209817   9.81579
1.77464e+09   0.00194869 -0.00598341 -0.00416392  0.264377 0.0172568   9.79489
1.77464e+09    0.00593978  -0.00761508 -2.36213e-05   0.266055 0.00561698    9.78971
1.77464e+09    0.00677209 -0.000728863  -0.00259993  0.262401 0.0159216    9.8071
1.77464e+09   0.00415915 -0.00197322 -0.00580027  0.264321 0.0213856   9.82487
1.77464e+09   0.00533263 -0.00312412 -0.00411957  0.277384 0.0208124   9.82739
1.77464e+09   0.00464184 -0.00207198  -0.0077717  0.290207 0.0138965   9.81344
1.77464e+09    0.0063728 0.000636155 -0.00527864  0.287355 0.0148216   9.80195
1.77464e+09   0.00967011 -0.00446244  -0.0114491  0.282995 0.0109443   9.79674
1.77464e+09    0.0100828 -0.00344643  -0.0123205  0.282109 0.0240215   9.79433
1.77464e+09    0.0138466 -0.00316575  -0.0115319  0.289077 0.0453109   9.79209
1.77464e+09    0.0156593  0.00463459 -0.00959828    0.3005 0.0664135   9.79176
1.77464e+09   0.00969276 -0.00463866  -0.0175768  0.295135 0.0760925   9.78578
1.77464e+09    0.0124962 0.000466395  -0.0165942  0.293666 0.0694392   9.78661
1.77464e+09    0.0149438 -0.00380531  -0.0181549 0.291633 0.074476  9.79884
1.77464e+09   0.0130641 -0.0028985  -0.013729  0.291171 0.0880063   9.79597
1.77464e+09    0.0171049 -0.00227785  -0.0212446  0.294566 0.0933769   9.79766
1.77464e+09   0.0156022 0.00455019 -0.0209126  0.293789 0.0799648   9.79728
1.77464e+09    0.0154851 -0.00307836  -0.0192027  0.290788 0.0777969   9.80121
1.77464e+09    0.0174951 -0.00227133  -0.0225562  0.286328 0.0878384   9.79585
1.77464e+09    0.0176465 0.000670302  -0.0233133 0.287893 0.101227   9.8011
1.77464e+09     0.0129757 -0.000793064   -0.0240184  0.285275 0.0928295   9.80675
1.77464e+09   0.0171022 0.00141821 -0.0230515  0.281139 0.0832825   9.80768
1.77464e+09   0.0164115 -0.0012529 -0.0233508  0.290417 0.0808272   9.79531
1.77464e+09    0.0199268 0.000893917  -0.0216215   0.28952 0.0781427   9.79991
1.77464e+09    0.0164338 -0.00161392  -0.0272364  0.296748 0.0812974   9.81465
1.77464e+09   0.0136045 -0.0021803 -0.0222566   0.28887 0.0863738   9.81828
1.77464e+09    0.012951 0.00477877 -0.0156752 0.290241 0.109102  9.82352
1.77464e+09   0.0165017 0.00326774 -0.0251819 0.289793 0.110073  9.81069
1.77464e+09    0.0112348 -0.00301821  -0.0207645  0.300989 0.0987866   9.81811
1.77464e+09     0.014362 -0.00555976  -0.0218088 0.311107 0.105391  9.83409
1.77464e+09    0.0121837 0.000941601  -0.0243544 0.285863  0.12337  9.81941
1.77464e+09    0.0140301 -0.00190396  -0.0184247 0.273961 0.124509  9.79962
1.77464e+09   0.0119174 0.00270692 -0.0217936 0.286879 0.141137  9.79553
1.77464e+09   0.00985778 0.000611955  -0.0189475 0.291069 0.142865  9.79497
1.77464e+09     0.0111645 -0.000217096   -0.0205455 0.289882 0.133888  9.79907
1.77464e+09  0.00897454 0.00271361 -0.0154935 0.288592  0.11508  9.80829
1.77464e+09    0.00649463 -0.000906554   -0.0183048 0.277619 0.112095  9.81887
1.77464e+09  0.00970964 0.00200043 -0.0098861 0.265354 0.127546  9.82489
1.77464e+09     0.0074357 -0.000678047   -0.0157963 0.270626 0.142617  9.82439
1.77464e+09  0.00302478 0.00177176 -0.0108745 0.290394 0.141773  9.81367
1.77464e+09   0.00423176 0.000620008 -0.00973839 0.291381 0.152127  9.79921
1.77464e+09   0.00200391 -0.00212788 -0.00795316 0.290108   0.1561  9.79819
1.77464e+09   0.00117742 -0.00318914 -0.00889745 0.284797 0.149941  9.80251
1.77464e+09   0.00266168  0.00305697 -0.00259427 0.269848  0.14869  9.79917
1.77464e+09  -0.000362416   0.00260309 -0.000891858 0.271793 0.156873  9.80113
1.77464e+09   -0.0028668 -0.00159477 -0.00271502 0.290865 0.169222  9.79959
1.77464e+09  -0.00338599 0.000199162  0.00370503 0.303949 0.157779  9.81494
1.77464e+09   -0.0029969 -0.00275518  0.00367839 0.302752 0.141217  9.82076
1.77464e+09   -0.00524967 -0.000389976   0.00165336  0.29958 0.131294  9.81696
1.77464e+09   -0.00709745 -0.000468099   0.00214963 0.280477 0.142629  9.80652
1.77464e+09  -0.00591343 -0.00405653  0.00507868 0.273657 0.159154  9.80811
1.77464e+09  -0.00689331  -0.0040592  0.00988549 0.277331 0.151053  9.81139
1.77464e+09  -0.00527623  0.00574633   0.0112718 0.270349  0.13809  9.80289
1.77464e+09   -0.0106696 -0.00127271   0.0138829 0.260675 0.125756  9.80836
1.77464e+09  -0.0143082 0.00127577  0.0146309  0.25618 0.123476  9.81473
1.77464e+09   -0.0123316 -0.00268751   0.0168216 0.256957 0.121508  9.81218
1.77464e+09   -0.0132507 -0.00242456   0.0165793 0.252665 0.123546  9.79505
1.77464e+09   -0.0123414 -0.00479823   0.0152407 0.273555 0.121524  9.79691
1.77464e+09   -0.0105845 -0.00311667   0.0164303 0.287108  0.10062  9.79321
1.77464e+09    -0.012295 -0.00401546   0.0211956 0.297307 0.101941  9.79434
1.77464e+09   -0.0134179 -0.00374501    0.018342 0.303459  0.10407  9.80432
1.77464e+09  -0.0131939 0.00227222  0.0186466 0.288907 0.110038  9.81093
1.77464e+09   -0.0171287 -0.00285208   0.0201831  0.271217 0.0997654   9.80933
1.77464e+09   -0.0107389 -0.00154773   0.0225318 0.266384 0.101442  9.79729
1.77464e+09  -0.0126324 -0.0020457  0.0205914  0.270098 0.0990766   9.80237
1.77464e+09    -0.015585 -0.00485725   0.0211066  0.276309 0.0933391   9.81159
1.77464e+09  -0.0153989 0.00175221  0.0247721  0.289152 0.0854971   9.81323
1.77464e+09   -0.0119892 -0.00125401   0.0222393   0.28827 0.0792125    9.8198
1.77464e+09   -0.0144935 -0.00139792   0.0251983 0.290936 0.074468  9.82394
1.77464e+09    -0.0155023 -0.000856676    0.0257291  0.287876 0.0601682   9.82032
1.77464e+09    -0.0124976 -0.000802179    0.0209098  0.285479 0.0539156   9.80653
1.77464e+09     -0.01629 -0.00396379   0.0210993  0.282343 0.0555849   9.80531
1.77464e+09   -0.0139649 -0.00149495   0.0210882  0.277195 0.0630157   9.80338
1.77464e+09   -0.0108628 -0.00294477    0.019494  0.264591 0.0697766   9.80922
1.77464e+09   -0.0071858 -0.00302118   0.0204751   0.27351 0.0631924   9.80512
1.77464e+09   -0.0113916 -0.00404608   0.0232273  0.283732 0.0478178   9.80428
1.77464e+09   -0.0106922 -0.00432972   0.0179651  0.297358 0.0396697   9.80958
1.77464e+09   -0.004022 0.00190239  0.0182213  0.280349 0.0308405   9.80869
1.77464e+09   -0.0112608 -0.00308311   0.0170559  0.275723 0.0268742   9.80703
1.77464e+09  -0.00911801  -0.0014806   0.0183708  0.284367 0.0231256   9.81098
1.77464e+09  -0.00781637 -0.00464089   0.0151083  0.304306 0.0171412   9.82085
1.77464e+09  -0.00418818 -0.00557327   0.0144284   0.30436 0.0254482   9.81343
1.77464e+09   -0.00399665 -0.000337244    0.0099281 0.292374 0.033928  9.81131
1.77464e+09  -0.00246838 -0.00186406  0.00829428  0.301937 0.0233829   9.81598
1.77464e+09  -0.00547968  -0.0042208  0.00651767  0.282139 0.0131474   9.82096
1.77464e+09  -0.00237579  0.00344387  0.00775364  0.276501 0.0167973   9.82237
1.77464e+09   -0.00177827 -0.000397571   0.00902595  0.288367 0.0202105   9.81745
1.77464e+09  0.00304238  0.0015927 0.00165795  0.303766 0.0224439   9.81564
1.77464e+09   0.00315894 -0.00217823  0.00603584  0.303212 0.0198859   9.81697
1.77464e+09    0.00133652  -0.00337386 -0.000580736   0.296488 0.00887464    9.81501
1.77464e+09    0.00312526  -0.00360747 -0.000974165   0.288473 0.00118981    9.81134
1.77464e+09    0.0071647   0.0036497 -0.00469905   0.286732 0.00593705    9.80633
1.77464e+09   0.00839032  0.00202096 -0.00528369  0.294258 0.0168178   9.79657
1.77464e+09   0.00735346  0.00034738 -0.00315148  0.296966 0.0297919     9.788
1.77464e+09   0.00764986 0.000349678 -0.00854839  0.294639 0.0348531   9.78888
1.77464e+09   0.00691312 -0.00145982  -0.0125072  0.286841 0.0408429    9.7905
1.77464e+09   0.00661345  0.00016785 -0.00772433  0.269913 0.0393003   9.78396
1.77464e+09   0.00963896 -0.00103984  -0.0155572  0.274041 0.0324025   9.77685
1.77464e+09   0.0047947  -0.003701 -0.0168171 0.278778 0.043836  9.78085
1.77464e+09  0.00662771 0.00347013 -0.0148512  0.273387 0.0538854    9.7932
1.77464e+09   0.0117306   0.001807 -0.0171983  0.260316 0.0516361   9.80974
1.77464e+09    0.0090969 -0.00440535  -0.0197362  0.276898 0.0422134   9.80934
1.77464e+09   0.0182014 0.00339522 -0.0183896  0.290786 0.0383995    9.8102
1.77464e+09     0.0112854 -0.000564434   -0.0187109 0.290535 0.041472  9.81653
1.77464e+09    0.0167603 -0.00165643  -0.0213374  0.287663 0.0471567   9.81477
1.77464e+09    0.0148531 -0.00423649  -0.0217004  0.282252 0.0499303   9.80664
1.77464e+09   0.0158478 0.00295584 -0.0244251  0.275848 0.0509425   9.80131
1.77464e+09    0.013399 0.00178085 -0.0213601  0.276107 0.0486756   9.79705
1.77464e+09    0.0149437 -0.00542733   -0.025778  0.269426 0.0613132   9.80174
1.77464e+09   0.0133868 0.00421925 -0.0231964  0.273938 0.0734171    9.8047
1.77464e+09   0.0122063 0.00113282 -0.0237597 0.295366 0.082155  9.81286
1.77464e+09    0.0143386 0.000725229  -0.0266166  0.301449 0.0820362   9.80811
1.77464e+09   0.0148629  0.0015696 -0.0221761  0.294316 0.0797269   9.81287
1.77464e+09      0.012302 -0.000528276   -0.0220116   0.28586 0.0851218   9.81846
1.77464e+09    0.0156574 -0.00501338  -0.0238903  0.284373 0.0977899   9.80494
1.77464e+09   0.0138433 0.00356663 -0.0225024  0.29218 0.111563  9.79407
1.77464e+09   0.0119994 0.00736129 -0.0222387  0.29337 0.109778  9.79645
1.77464e+09     0.0126674 -0.000564621   -0.0201234 0.288536 0.103991   9.8122
1.77464e+09   0.0133575  0.0033505 -0.0240737 0.289692 0.102071  9.81389
1.77464e+09   0.0131601 0.00275645 -0.0240688  0.28568 0.102443  9.81225
1.77464e+09   0.0112246 0.00297829  -0.016179 0.282554 0.108305  9.80983
1.77464e+09   0.0106522 0.00217375 -0.0181961 0.280618  0.12101  9.80015
1.77464e+09    0.0104527 0.000674823  -0.0224779 0.290148 0.121074  9.80143
1.77464e+09  0.00964718 0.00500851 -0.0193151 0.281459 0.132617  9.81218
1.77464e+09   0.00480761 0.000548867  -0.0133239  0.26033 0.136596  9.80725
1.77464e+09  0.00417968 0.00151261 -0.0151315 0.244371 0.125982  9.79593
1.77464e+09    0.0078595 -0.00077238  -0.0154565  0.23575 0.133913  9.78029
1.77464e+09  0.00695828 0.00335671 -0.0145962 0.253884 0.131464  9.77422
1.77464e+09   0.00539519 -0.00419976  -0.0084493 0.273834 0.129745  9.78753
1.77464e+09   0.00405703 0.000103949 -0.00487857 0.283148 0.132605  9.81731
1.77464e+09  0.00338592 0.00188472 -0.0061507 0.288318 0.128901  9.82065
1.77464e+09   0.00669421  -0.0020278 -0.00437104 0.286314 0.127366  9.82767
1.77464e+09    -0.0028491  -0.00728326 -0.000849402 0.278313 0.128473  9.81291
1.77464e+09   -0.00284706 -0.000699748   0.00239541 0.262758 0.129416    9.793
1.77464e+09  0.00137289  0.0045322  0.0033206 0.255527 0.123504  9.78946
1.77464e+09   0.00165841 -0.00232467  0.00304087 0.268234 0.140407  9.78097
1.77464e+09  -0.00559668  -0.0040092  0.00487078 0.270167 0.143014  9.78376
1.77464e+09  0.000927138 -0.00627533  0.00769611 0.262028   0.1484   9.8038
1.77464e+09  -0.00660881  0.00201288     0.01192 0.257091 0.147653  9.79832
1.77464e+09  -0.00828701  0.00139062  0.00881283 0.251287 0.145052  9.79008
1.77464e+09   -0.0076383 -0.00211215   0.0139172 0.250695  0.13902  9.80266
1.77464e+09  -0.00302786 -0.00299541  0.00964345 0.263919 0.133651  9.82365
1.77464e+09  -0.00695518 -0.00204521   0.0142822 0.264666 0.124618   9.8085
1.77464e+09   -0.0097879 -0.00173784   0.0184616 0.243977 0.120365  9.80208
1.77464e+09   -0.0102485 -0.00244327   0.0198229 0.252267 0.128453  9.80654
1.77464e+09  -0.00861056 -0.00432977   0.0210031 0.268508 0.124628  9.81472
1.77464e+09   -0.0117621 -0.00398976   0.0186347 0.285576 0.111937  9.82158
1.77464e+09  -0.00976861 -0.00331424   0.0196202 0.284315 0.112247   9.8179
1.77464e+09  -0.00687709 -0.00203103   0.0226691 0.265016 0.123701  9.80584
1.77464e+09   -0.0175355 -0.00655341    0.019459  0.26216 0.119808   9.7926
1.77464e+09  -0.00690368  0.00265812   0.0172522 0.275053 0.117071    9.799
1.77464e+09  -0.00833929 -0.00210665   0.0260394 0.292908 0.119886  9.79089
1.77464e+09   -0.0128053 -0.00255983   0.0251732 0.296553 0.117589  9.80182
1.77464e+09    -0.0126092 -0.000890787     0.020423 0.296337  0.10925  9.79591
1.77464e+09   -0.0133841 -0.00482816   0.0205956 0.298535 0.111133  9.79664
1.77464e+09   -0.0109136 0.000123363   0.0193329  0.307009 0.0969084   9.80235
1.77464e+09  -0.0105152 -0.0045769  0.0215689  0.300735 0.0897919   9.80322
1.77464e+09   -0.0123069 -0.00303883    0.017896  0.296844 0.0962008   9.81137
1.77464e+09  -0.0126488 0.00339969  0.0152068  0.307279 0.0929425   9.81422
1.77464e+09   -0.0118523 -0.00275824   0.0194175  0.301893 0.0756035   9.80936
1.77464e+09   -0.0127649 -0.00445434   0.0162686  0.279022 0.0612739   9.81169
1.77464e+09  -0.0135037 0.00421198  0.0194597  0.285702 0.0605176   9.81934
1.77464e+09   -0.0116631 -0.00225618   0.0148812  0.306086 0.0696576   9.79821
1.77464e+09   -0.0107748 -0.00161436   0.0169942  0.313356 0.0752942   9.78644
1.77464e+09   -0.0122876 -0.00550408   0.0126834 0.305023 0.067515  9.79948
1.77464e+09    -0.0115143 -0.000728498    0.0117576  0.273687 0.0298102   9.81008
1.77464e+09  -0.00959356 -0.00100768   0.0118084  0.257832 0.0290839    9.8055
1.77464e+09   -0.0106073 -0.00164404  0.00900896  0.259586 0.0492564   9.81268
1.77464e+09   -0.00437287 -3.73438e-05    0.0105392  0.268232 0.0569091   9.81259
1.77464e+09  -0.00265273 -0.00254041  0.00817726  0.295184 0.0493254    9.8103
1.77464e+09  -0.00835853 -0.00128599  0.00655557 0.306928 0.042947   9.8195
1.77464e+09  -0.00335728 -0.00137885  0.00147475 0.290627 0.034902  9.81232
1.77464e+09   -0.00141302 -8.85736e-05   0.00800914  0.285202 0.0387848   9.80888
1.77464e+09  -0.00634885 -0.00256404  0.00206522  0.275888 0.0364601   9.81408
1.77464e+09  -0.00458455  0.00108692 -0.00371853  0.272876 0.0371162   9.80383
1.77464e+09  -0.00052534  0.00341433  0.00371489  0.279238 0.0346673   9.80684
1.77464e+09   0.00382528  0.00176456 -0.00302104  0.298755 0.0222358   9.79694
1.77464e+09  -0.00225625 0.000815387 -0.00334687  0.300923 0.0168186   9.78541
1.77464e+09   0.00334197   0.0021787 -0.00375799  0.298024 0.0173581   9.78613
1.77464e+09  8.24376e-05  0.00123878 -0.00668872 0.298655  0.01502  9.78798
1.77464e+09   0.00509748  0.00655718 -0.00517122  0.293832 0.0238431   9.79275
1.77464e+09   0.00181827 -0.00105669 -0.00668967  0.302713 0.0366632   9.80705
1.77464e+09   0.00657901  0.00195298 -0.00815215  0.308424 0.0454502   9.80932
1.77464e+09   0.0061803 0.00171481 -0.0125017  0.295474 0.0389219    9.8076
1.77464e+09  0.00586705 0.00216658 -0.0119175  0.277915 0.0278845   9.80192
1.77464e+09    0.00912649 -0.000148821   -0.0129495  0.275106 0.0305807   9.79268
1.77464e+09  0.00869706  0.0020736 -0.0134711  0.282563 0.0465507    9.7982
1.77464e+09   0.00897889  0.00610296 -0.00939359  0.282829 0.0572495   9.79748
1.77464e+09  0.00979017 0.00117935 -0.0174943  0.273118 0.0502489   9.80762
1.77464e+09    0.0099476 -0.00124351  -0.0167993  0.266649 0.0421227   9.80633
1.77464e+09    0.0161418 0.000723682  -0.0179042 0.274001 0.043768  9.79551
1.77464e+09    0.0140111 0.000891669  -0.0205863  0.289182 0.0419822   9.79237
1.77464e+09   0.00982488 -0.00343912  -0.0188774  0.304122 0.0550647   9.78495
1.77464e+09    0.0138782 -0.00172535  -0.0226922  0.299949 0.0607987   9.78509
1.77464e+09    0.0138576 0.000971647   -0.020101   0.29375 0.0686474    9.8071
1.77464e+09    0.0114208 -0.00031834  -0.0218817 0.287268 0.060939  9.81257
1.77464e+09   0.0108675 0.00117467 -0.0229065  0.279938 0.0524179   9.81387
1.77464e+09   0.0123269 0.00105985 -0.0217575  0.267549 0.0644566   9.81463
1.77464e+09   0.0137495 0.00385053 -0.0195014  0.271323 0.0725507   9.81443
1.77464e+09    0.0141519 0.000147906   -0.020518  0.276889 0.0706335   9.81688
1.77464e+09    0.0113465 -0.00352488  -0.0186155  0.281163 0.0756001   9.82672
1.77464e+09   0.0122074 0.00303803 -0.0235209  0.263824 0.0819715   9.82256
1.77464e+09   0.0125764 0.00525624 -0.0174704 0.256922 0.083777  9.81627
1.77464e+09   0.0129954 0.00306143 -0.0176023  0.261877 0.0886704   9.80393
1.77464e+09    0.0135873 0.000888905  -0.0166043 0.260846 0.102836  9.80181
1.77464e+09    0.0151701 0.000835955  -0.0205444 0.252016  0.10205  9.80104
1.77464e+09    0.0144501 -0.00174535  -0.0183725  0.250744 0.0936479   9.78865
1.77464e+09   0.0140608 0.00200459 -0.0177546 0.249479 0.079655  9.78972
1.77464e+09     0.0132189 -5.52162e-05   -0.0167417  0.244716 0.0931352   9.80744
1.77464e+09     0.010985 0.000327158  -0.0169385 0.259882 0.103751  9.81069
1.77464e+09     0.008381 -0.00222974  -0.0127367 0.275314 0.114381   9.8068
1.77464e+09   0.00984061 -0.00354059  -0.0141832 0.279341 0.116025  9.81165
1.77464e+09   0.00991239 0.000433522  -0.0127333 0.270924 0.126112    9.813
1.77464e+09  0.00919867 0.00088485 -0.0123318 0.272788  0.12826   9.8082
1.77464e+09   0.0084986 0.00242522 -0.0101562 0.290543 0.131634  9.81403
1.77464e+09   0.00688036 -0.00100249  -0.0112473  0.30159 0.127995  9.81603
1.77464e+09    0.0071283 -0.00669003 -0.00583239 0.295723 0.125997  9.81635
1.77464e+09   0.00912811  0.00260537 -0.00631943 0.286582  0.13394  9.79904
1.77464e+09   0.0049058 -0.0030861 -0.0030792 0.289934 0.135291  9.77438
1.77464e+09   0.00418294 -0.00298186 -0.00518179 0.290605  0.12939  9.78028
1.77464e+09  0.000465131 -0.00483189 -0.00397291 0.290823  0.13843  9.79349
1.77464e+09  0.000812702 -0.00364034  0.00259711   0.3008 0.150132  9.81126
1.77464e+09   0.00293943 2.35908e-06 0.000912953   0.3004 0.146036  9.81187
1.77464e+09  -0.00213771 -0.00112263  0.00350284 0.301747 0.129107  9.81047
1.77464e+09  -0.00101354  -0.0010076  0.00422254 0.295467 0.123086  9.79674
1.77464e+09  3.42115e-05  0.00225329   0.0113364 0.280585 0.130322  9.78946
1.77464e+09  -0.00422839 -0.00284163   0.0107684 0.272485  0.13628  9.78208
1.77464e+09  -0.00145625 0.000738673   0.0133228 0.262304 0.134414  9.77802
1.77464e+09  -0.00522923 -0.00169011   0.0138033 0.252085 0.123357  9.78041
1.77464e+09  -0.00246619 9.93889e-05   0.0124465 0.258539 0.109967  9.78161
1.77464e+09  -0.00483833  0.00078355   0.0164716 0.258393 0.117554  9.78479
1.77464e+09  -0.00399053  0.00589129  0.00949179  0.25635 0.125375  9.78516
1.77464e+09   -0.00431911 -0.000393002    0.0152801 0.263964 0.128453  9.78885
1.77464e+09  -0.00998434 -0.00347879   0.0162744 0.268798 0.124476  9.79602
1.77464e+09  -0.0122383 0.00492416  0.0188369 0.283863 0.110491  9.79548
1.77464e+09  -0.00390088  0.00145126   0.0185517 0.295193 0.109189  9.79704
1.77464e+09  -0.0154909 0.00081333  0.0216633 0.295431 0.119185  9.80334
1.77464e+09   -0.0079616 -0.00539228   0.0198758 0.308144 0.110873  9.81702
1.77464e+09   -0.0119678 0.000301009   0.0218986  0.298288 0.0992387    9.8235
1.77464e+09  -0.0147227 0.00180499   0.017771  0.279652 0.0971589   9.81576
1.77464e+09  -0.00913604 -0.00110347    0.019688 0.281412  0.10665  9.79518
1.77464e+09  -0.0119839 0.00595916  0.0179455 0.293412 0.110076  9.79989
1.77464e+09   -0.0141322 -0.00148767   0.0200846 0.299537 0.113759  9.79525
1.77464e+09  -0.0153733 -0.0038273  0.0159603 0.307257 0.113856  9.79138
1.77464e+09   -0.0118483 -0.00383534   0.0183054 0.300798 0.110681  9.79602
1.77464e+09   -0.0106706 0.000504097   0.0151212 0.282127 0.105264  9.79168
1.77464e+09  -0.0109178 0.00170185  0.0170064 0.281452 0.102269  9.78966
1.77464e+09    -0.0126545 -0.000385363    0.0185851 0.275699 0.084044  9.80596
1.77464e+09   -0.0112811 -0.00249094    0.011145  0.271421 0.0620723   9.80811
1.77464e+09   -0.0125074 -0.00297846    0.011067  0.272225 0.0668327   9.79465
1.77464e+09  -0.00916225   0.0020827   0.0157642  0.273053 0.0657023   9.78577
1.77464e+09  -0.010774 0.0034844 0.0125127  0.271169 0.0681008   9.77355
1.77464e+09  -0.00966195 -0.00085639   0.0154605  0.271481 0.0509819   9.78765
1.77464e+09   -0.0112171 0.000225514   0.0053693 0.268545  0.04462  9.81189
1.77464e+09  -0.00855255 -0.00226319   0.0114078  0.268167 0.0468868   9.81325
1.77464e+09  -0.00806055  -0.0014816  0.00815863   0.25631 0.0390665   9.81019
1.77464e+09   -0.00828624 -0.000587252   0.00799414  0.248326 0.0427906    9.8161
1.77464e+09   -0.0113114 7.82421e-05  0.00816593  0.274673 0.0428767   9.81765
1.77464e+09    -0.0042771 -0.000287777   0.00487883  0.289863 0.0512319   9.80689
1.77464e+09  -0.00811581  0.00103871  0.00121323  0.271894 0.0415053   9.80343
1.77464e+09  -0.00977997 -0.00148578  0.00371112 0.257368 0.043395  9.80222
1.77464e+09   -0.0068866  -0.0012041 -0.00213333 0.256234 0.054245  9.81248
1.77464e+09  -0.00211993 -0.00179575 -0.00220746  0.268978 0.0494153   9.81383
1.77464e+09  -0.00462524 -0.00359583  0.00163831   0.27256 0.0362732   9.81025
1.77464e+09  -0.000759262   0.00478997   -0.0027776  0.274936 0.0372957   9.79937
1.77464e+09   0.00231927 -0.00133029 -0.00361067  0.264591 0.0332318   9.79186
1.77464e+09   0.00054467  0.00184322 -0.00343097  0.255884 0.0188406    9.7924
1.77464e+09   0.00320411 -0.00790043 -0.00816301  0.241565 0.0117524   9.80253
1.77464e+09   0.00368249 -0.00376282 -0.00410006  0.253994 0.0147232   9.81983
1.77464e+09   0.00364459   0.0050697 -0.00373147   0.272191 0.00751608    9.81424
1.77464e+09   0.00414604 -0.00145821 -0.00444444    0.290727 -0.00376782     9.81445
1.77464e+09   0.00282233  0.00611542 -0.00424269   0.283176 0.00761697    9.81603
1.77464e+09    0.0102457 -0.00023194  -0.0104482 0.265224 0.027613  9.81043
1.77464e+09   0.00599529 -0.00173283 -0.00405246  0.255604 0.0330947     9.796
1.77464e+09   0.00540354  -0.0016374 -0.00884071 0.257466 0.039205  9.80756
1.77464e+09   0.00546279 -0.00436702  -0.0097365   0.27584 0.0471798   9.81644
1.77464e+09   0.00818624  0.00233566 -0.00993501  0.273608 0.0477211     9.818
1.77464e+09  0.00752611 0.00221682 -0.0112744  0.261595 0.0460193   9.81154
1.77464e+09    0.0123721  0.00296492 -0.00986917  0.246179 0.0511439   9.81135
1.77464e+09     0.0118684 -0.000834569  -0.00989196  0.240452 0.0508086    9.8084
1.77464e+09    0.0107403 -0.00386453  -0.0117459  0.259665 0.0481751    9.7989
1.77464e+09    0.0127161 0.000783056   -0.011881   0.27615 0.0434288    9.8074
1.77464e+09    0.0110343 -0.00159198  -0.0148467  0.267242 0.0344106   9.81741
1.77464e+09     0.0126494 -0.000137498   -0.0100396  0.267802 0.0463153   9.82765
1.77464e+09    0.0128231 -7.4026e-05  -0.0138359  0.269912 0.0556615   9.83221
1.77464e+09   0.0159873 0.00644821 -0.0144925  0.277553 0.0659252   9.83525
1.77464e+09  0.00906679 0.00159624 -0.0127515  0.281871 0.0722214   9.82558
1.77464e+09    0.0131019 0.000243654  -0.0144774  0.267433 0.0589626   9.80673
1.77464e+09    0.0144973 -0.00187226  -0.0128992  0.258368 0.0684766   9.80503
1.77464e+09    0.014521 -0.0012683  -0.014424  0.250488 0.0803646   9.79958
1.77464e+09     0.012839 0.000738019  -0.0126298 0.264206 0.105857  9.79098
1.77464e+09     0.0135426 -0.000566975   -0.0134734 0.277639 0.111337   9.7967
1.77464e+09     0.0126633 -0.000189769   -0.0143954  0.281415 0.0972508   9.80333
1.77464e+09    0.0157756 -0.00335972  -0.0135812  0.286469 0.0923578   9.80206
1.77464e+09   0.0129384 -0.0019534 -0.0137678 0.286291 0.100598   9.8019
1.77464e+09    0.0116058 -0.00436652 -0.00962773 0.288529 0.112478  9.81261
1.77464e+09   0.0117595 0.00354876 -0.0113249 0.296421 0.117574  9.81398
1.77464e+09    0.0116148 -0.00171801  -0.0119849 0.288689 0.124688  9.80673
1.77464e+09   0.00824598 0.000274412  -0.0127482 0.286328 0.115863  9.79632
1.77464e+09     0.0104947 -0.000280297   -0.0139172 0.291691  0.10863  9.79597
1.77464e+09   0.00837151 -0.00354287 -0.00919663  0.30612 0.103657  9.78463
1.77464e+09    0.0112809  0.00074594 -0.00840081 0.30461 0.11044 9.79204
1.77464e+09   0.0115296 0.00260699 -0.0128026 0.294657 0.123408   9.8039
1.77464e+09    0.00657065 -0.000795096  -0.00526494 0.283781 0.136668  9.79065
1.77464e+09    0.00566828 -0.000298582   -0.0100253 0.283424 0.134918  9.79525
1.77464e+09    0.0072941 -0.00241798   -0.011299   0.2836 0.126649  9.80207
1.77464e+09   0.00441176 -0.00272805 -0.00956767 0.280856 0.125007  9.80377
1.77464e+09    0.0049847 -0.00145387 -0.00918744 0.275132  0.13237  9.81138
1.77464e+09   0.00275377  0.00186173 -0.00343209 0.276517 0.150739  9.81371
1.77464e+09   0.00326533  0.00100042 -0.00647376 0.290395 0.154045  9.81271
1.77464e+09  0.00154308 0.00166933 -0.0043945 0.286542 0.157857  9.81003
1.77464e+09   -0.00138831 -0.000681037   -0.0042439 0.280233 0.138463  9.79841
1.77464e+09  -0.00044331 -0.00010823 -0.00308412 0.277933 0.115681  9.79156
1.77464e+09    0.00106708   0.00226884 -0.000994388  0.26538 0.125064  9.79711
1.77464e+09  -0.000850765   0.00150583  -0.00296869 0.268782 0.130153  9.79849
1.77464e+09   -0.00210759   0.00128143 -0.000878497 0.281522 0.140032  9.80866
1.77464e+09  -0.00318008  0.00246092  0.00150317 0.294775   0.1436  9.81085
1.77464e+09  -0.00401632 0.000547407 0.000635983 0.293479 0.129705  9.82975
1.77464e+09  -0.00331361 -0.00100836  0.00445931 0.288658 0.141076  9.83131
1.77464e+09  -0.00219277   0.0013393  0.00591768 0.287116 0.142299  9.81444
1.77464e+09  -0.00507309 -0.00440994 0.000727616 0.281932 0.129469   9.8028
1.77464e+09  -0.00662546  0.00207542  0.00743857 0.287429 0.135473  9.82349
1.77464e+09   -0.00734575 -0.000909708    0.0085788 0.287598 0.135296  9.83383
1.77464e+09   -0.00473429 -2.31866e-05      0.01228 0.284866 0.126271  9.83026
1.77464e+09  -0.00714945  0.00325922  0.00520429 0.284094  0.12557  9.82726
1.77464e+09   -0.0140212 -0.00502023  0.00911826 0.287373 0.121836     9.81
1.77464e+09   -0.0110551 0.000844304  0.00911086 0.297613 0.112274  9.80763
1.77464e+09  -0.0090107  0.0014287   0.011135   0.30115 0.0847686   9.80004
1.77464e+09   -0.0112876 0.000600257   0.0139352  0.287397 0.0683388   9.78343
1.77464e+09    -0.0108768 -0.000981345    0.0141952  0.276236 0.0761352   9.78551
1.77464e+09  -0.00977591 0.000649555   0.0147092  0.261829 0.0860929    9.8006
1.77464e+09   -0.0093598 -0.00109528   0.0152462  0.252715 0.0942853   9.81505
1.77464e+09   -0.0114963 -0.00274741   0.0148478  0.264793 0.0948371   9.80777
1.77464e+09  -0.0108454 0.00370474  0.0128866  0.275114 0.0839645   9.81136
1.77464e+09   -0.00930547 -0.000739665    0.0137386  0.292966 0.0681379   9.81085
1.77464e+09    -0.011728 -0.00104207   0.0156842  0.294471 0.0721069   9.80894
1.77464e+09  -0.00754858 -0.00257909    0.019021  0.291756 0.0800087   9.81075
1.77464e+09     -0.013878 -0.000463538    0.0139232  0.279795 0.0817675   9.80413
1.77464e+09   -0.0117537 0.000876974   0.0155468  0.279248 0.0731872   9.79397
1.77464e+09   -0.010102 0.00419984  0.0183213  0.281663 0.0589895   9.80002
1.77464e+09  -0.00778681  0.00164435   0.0136015  0.279204 0.0556054   9.80073
1.77464e+09  -0.00852035 -0.00261798   0.0150723  0.280839 0.0433131   9.79993
1.77464e+09  -0.00608384 -0.00055672   0.0148447  0.283406 0.0341514   9.80122
1.77464e+09  -0.00411317  0.00226546   0.0165682  0.278978 0.0306158   9.80512
1.77464e+09  -0.00874083 4.74896e-05   0.0129903  0.286403 0.0418575   9.80076
1.77464e+09  -0.00823892 -0.00418016    0.013088  0.289021 0.0505189   9.79663
1.77464e+09  -0.00826604 0.000220865   0.0126573  0.289059 0.0458268   9.80939
1.77464e+09  -0.00683891 -0.00401146   0.0147631  0.273339 0.0342472   9.80556
1.77464e+09  -0.00720341 -0.00318833   0.0108275  0.268881 0.0427854   9.79768
1.77464e+09  -0.00147424 -0.00316285   0.0128012  0.272736 0.0524383   9.81249
1.77464e+09  -0.00138761 -0.00401945  0.00874758  0.282146 0.0502287   9.82017
1.77464e+09  -0.00274388 -0.00433843    0.010867  0.307087 0.0443234   9.81268
1.77464e+09  -0.00133036  0.00126741  0.00591118  0.314884 0.0348294    9.8118
1.77464e+09  -0.00448375 -0.00171163  0.00657852  0.299604 0.0230147   9.79906
1.77464e+09  -0.000564504  -0.00356232    0.0038869  0.285627 0.0258985   9.78813
1.77464e+09  -0.00439975 0.000477195 0.000224557     0.268 0.0356961   9.78504
1.77464e+09  -0.000658876  -0.00320296   0.00510825  0.251012 0.0440228   9.80109
1.77464e+09   0.00537279 -0.00118016  0.00181446  0.254297 0.0395417    9.8099
1.77464e+09    0.00136538 -0.000354899   0.00257572  0.277996 0.0390766   9.80319
1.77464e+09    0.0043234 -0.00112362 -0.00425424  0.280198 0.0357807   9.79698
1.77464e+09   0.00422704 -0.00163996 -0.00210075  0.279771 0.0292288   9.80606
1.77464e+09   0.00872753 -0.00631686 -0.00601956  0.279226 0.0349151   9.80323
1.77464e+09   0.00670397 -0.00211084 -0.00632403  0.288851 0.0507245   9.80865
1.77464e+09   0.00451098 -0.00626674 -0.00896164  0.293046 0.0684051   9.80694
1.77464e+09    0.00606959 -0.000610374  -0.00568904  0.279487 0.0567393    9.8162
1.77464e+09   0.00773904  0.00162179 -0.00924017  0.263009 0.0402324   9.81429
1.77464e+09  0.00902833 0.00129449 -0.0119014   0.26694 0.0359631   9.79685
1.77464e+09    0.0099363 -0.00236552  -0.0137349 0.282644 0.038482  9.79949
1.77464e+09    0.00974457 -0.000737622   -0.0127301  0.282068 0.0512146   9.79944
1.77464e+09   0.0104091 0.00343562 -0.0118652   0.28853 0.0469103   9.80177
1.77464e+09    0.0149495 -0.00240618  -0.0139838  0.285038 0.0350744   9.80465
1.77464e+09   0.00967568 -0.00155365  -0.0126677  0.262609 0.0367086   9.80638
1.77464e+09    0.0103544 -0.00344853  -0.0118902 0.275367 0.052717  9.80613
1.77464e+09   0.00609821 -0.00125502  -0.0154511 0.289358 0.040982  9.80584
1.77464e+09    0.0123012 0.000365353  -0.0167209  0.300451 0.0438466   9.80847
1.77464e+09   0.0138021 0.00440336 -0.0191258  0.300423 0.0494737   9.80292
1.77464e+09    0.0110282 0.000425606  -0.0167429  0.295781 0.0664443   9.79281
1.77464e+09    0.0119914 -0.00575318  -0.0183231  0.286824 0.0862608   9.79691
1.77464e+09    0.0140381 -0.00635084  -0.0197718 0.282776 0.103491  9.80119
1.77464e+09   0.00913375 -0.00274677  -0.0172393  0.28387 0.104583  9.79745
1.77464e+09   0.0124249 -0.0017622 -0.0215795 0.306954 0.100678  9.79845
1.77464e+09   0.0147675 0.00135123 -0.0162381  0.300806 0.0997525   9.79308
1.77464e+09    0.0138741 -0.00280762  -0.0204832  0.289752 0.0983817    9.7959
1.77464e+09     0.0131675 -0.000253011    -0.023672   0.27639 0.0976059   9.79322
1.77464e+09   0.0122896 0.00212197 -0.0211209 0.267832 0.116162  9.80293
1.77464e+09   0.0145212 0.00174923 -0.0162656 0.264293 0.125314  9.79698
1.77464e+09    0.0111116 -0.00332606  -0.0177687 0.262286  0.13139  9.78813
1.77464e+09   0.00963004 0.000647834  -0.0145696 0.277622 0.135294  9.80011
1.77464e+09   0.00871073 0.000771009   -0.017837 0.281499 0.137494  9.79957
1.77464e+09    0.0115144 -0.00140318  -0.0117454 0.268345 0.115202  9.78867
1.77464e+09  0.00892709  0.0013369 -0.0143092 0.274402  0.10492  9.77587
1.77464e+09   0.00613289 -0.00162773  -0.0102501 0.280201 0.103624  9.79094
1.77464e+09   0.00263566 0.000111757  -0.0104379 0.286419 0.104906  9.80225
1.77464e+09   0.00395322 -0.00143697 -0.00971602  0.288919 0.0982545   9.80007
1.77464e+09  0.00573765 0.00734837 -0.0080505 0.280279  0.10214  9.79805
1.77464e+09   0.00366644 -0.00250491 -0.00691342 0.273541  0.11717  9.82027
1.77464e+09   0.00247879 -0.00184408  -0.0112949 0.260689 0.124377  9.81717
1.77464e+09   0.00167983 -0.00329556 -0.00498136 0.273092 0.131341  9.81047
1.77464e+09   0.00229545 -0.00187325 -0.00536085  0.27648 0.138149    9.798
1.77464e+09   0.00335071  0.00183479 -0.00398515  0.27475 0.129602  9.79847
1.77464e+09   0.00136553  0.00237892 -0.00146202 0.294395 0.123183  9.80172
1.77464e+09  -0.000503199   0.00192574   0.00108313 0.291846 0.130521  9.80272
1.77464e+09   0.00319989 -0.00206322 -0.00311876 0.285243 0.138456  9.81835
1.77464e+09  -0.00369886 -0.00223214   0.0067007 0.290962 0.138994  9.82014
1.77464e+09  -0.00452223  0.00155537 0.000140482 0.288446 0.127779  9.79892
1.77464e+09  -0.00478626  0.00375532  0.00662146 0.279087 0.118051  9.80267
1.77464e+09  -0.00165975   0.0010195  0.00718936 0.277635 0.120893  9.80079
1.77464e+09  -0.00312446 -0.00266479  0.00903866 0.273261 0.122647  9.80334
1.77464e+09  -0.00552024 -0.00255538  0.00696432 0.270466 0.115306  9.80457
1.77464e+09   -0.00451781 -0.000983525   0.00614237 0.280192 0.108708  9.82008
1.77464e+09  -0.00629681 -0.00157004  0.00928313 0.293521 0.112429  9.83008
1.77464e+09  -0.00956424  0.00122712   0.0116546 0.270397 0.123901  9.81625
1.77464e+09   -0.0119367 0.000561471   0.0115227 0.258242  0.12157  9.80392
1.77464e+09  -0.00410085 -0.00295805   0.0141748 0.252111 0.114747  9.81164
1.77464e+09   -0.0120914 -0.00415148   0.0155375  0.278149 0.0958215   9.81928
1.77464e+09  -0.0106568 0.00216739  0.0115018  0.283093 0.0931628   9.83294
1.77464e+09   -0.0119149 -0.00333083   0.0148765  0.284182 0.0795924   9.82548
1.77464e+09   -0.0113024 -0.00377847   0.0150676  0.275142 0.0759537   9.80852
1.77464e+09  -0.00825149   0.0007471   0.0194252  0.257123 0.0906525   9.80369
1.77464e+09  -0.0113088 0.00115802  0.0125337 0.259915 0.111688   9.8029
1.77464e+09  -0.0102967 0.00171672  0.0187777 0.274569 0.115985  9.80106
1.77464e+09   -0.0149024 -0.00283298    0.017781 0.293879 0.100218  9.80265
1.77464e+09    -0.0120886 -2.41201e-05    0.0176679  0.286745 0.0833132   9.81075
1.77464e+09  -0.0102512 -0.0047994  0.0152025  0.279171 0.0650444   9.80715
1.77464e+09   -0.0143831 -0.00191332   0.0165647  0.285145 0.0655039   9.79804
1.77464e+09   -0.0101564 0.000751081   0.0163207  0.275077 0.0700556   9.79471
1.77464e+09  -0.00724978  -0.0012706   0.0197262  0.273046 0.0792188   9.80161
1.77464e+09   -0.0105856 -0.00200477   0.0125396   0.27708 0.0654955    9.8045
1.77464e+09  -0.00846759 -0.00140474    0.014272  0.279278 0.0494551   9.79792
1.77464e+09  -0.00985086  -0.0021437   0.0150613  0.274063 0.0556144   9.80483
1.77464e+09   -0.00868538 -0.000852908    0.0140984  0.265095 0.0566679   9.80436
1.77464e+09    -0.0069399 -0.000504709    0.0125555  0.271118 0.0509116   9.80554
1.77464e+09  -0.00696057   0.0019433  0.00934175 0.281155 0.054697  9.79769
1.77464e+09   -0.00933229 -0.000208683    0.0155017  0.287569 0.0551102   9.80478
1.77464e+09  -0.00681886 -0.00344216  0.00982769  0.289056 0.0578554   9.81541
1.77464e+09  -0.00942991 0.000910717   0.0118628  0.276586 0.0587101   9.81828
1.77464e+09  -0.00413348  0.00269683  0.00838673   0.28564 0.0479237   9.81102
1.77464e+09   -0.0086413 -0.00310254  0.00732845   0.27812 0.0460093   9.79933
1.77464e+09  -0.00342965 2.18838e-05   0.0055439  0.263213 0.0504349   9.79831
1.77464e+09  -0.000115331 -0.000588954   0.00448675  0.268951 0.0417868    9.7984
1.77464e+09  -0.00215991   0.0037275  0.00924894   0.28106 0.0457881   9.79226
1.77464e+09  -0.00242346 -0.00461752  0.00463744  0.268308 0.0535375   9.78757
1.77464e+09   -0.00555117 -0.000113115   0.00313478  0.268664 0.0482786   9.79587
1.77464e+09    0.00160881 -0.000280006 -0.000166823  0.284396 0.0384464    9.8013
1.77464e+09   -0.00239982 -0.000645557   0.00270792  0.280756 0.0326193   9.79277
1.77464e+09   0.000901929   0.00397074 -0.000615757 0.275654 0.033051  9.79376
1.77464e+09  0.00267999 0.00251732 0.00456484  0.263261 0.0343961   9.79859
1.77464e+09   0.00124038 -0.00514094 -0.00681828 0.272542 0.037218  9.80519
1.77464e+09    0.00198876 -0.000298464  -0.00129691  0.286037 0.0411036   9.81368
1.77464e+09   0.00818803  0.00174621 -0.00186824  0.267442 0.0328496   9.80064
1.77464e+09   0.00483555 0.000581241 -0.00461389  0.271207 0.0204259   9.78885
1.77464e+09   0.00620051 -0.00225088     -0.0071  0.268534 0.0235542   9.78078
1.77464e+09     0.005142 0.000465997 -0.00432901  0.272965 0.0268763   9.80116
1.77464e+09   0.00616009  0.00293326 -0.00737985 0.281402 0.033555  9.82206
1.77464e+09  0.00475376 0.00464511 -0.0103948  0.281746 0.0311608   9.81802
1.77464e+09   0.00378358 -0.00121759   -0.011364  0.298334 0.0470565   9.79682
1.77464e+09    0.011933  0.0016433 -0.0132732  0.306413 0.0489454   9.79954
1.77464e+09    0.0114443 -0.00308829  -0.0110456  0.298482 0.0396699   9.80139
1.77464e+09   0.00761583 0.000601125  -0.0127877   0.29842 0.0453372   9.81183
1.77464e+09    0.0107402 0.000246748  -0.0156258   0.29007 0.0490272   9.81356
1.77464e+09   0.0125959 0.00124698 -0.0128355  0.272172 0.0650943   9.80708
1.77464e+09  0.00669746 0.00120756 -0.0138846  0.287426 0.0745896   9.81251
1.77464e+09   0.0131436 0.00258721 -0.0127567  0.301655 0.0716075   9.81212
1.77464e+09    0.0101257 -0.00280672   -0.017405 0.295557 0.070263  9.81352
1.77464e+09   0.00958855 0.000613845   -0.015967  0.276209 0.0769006   9.82245
1.77464e+09  0.00853668  0.0052038 -0.0144311  0.271929 0.0917545   9.82174
1.77464e+09    0.0120389 -0.00214778  -0.0214919 0.272453 0.103447  9.79907
1.77464e+09    0.0105948 0.000314136  -0.0142061 0.277992 0.102637  9.79666
1.77464e+09   0.0143695 0.00460427 -0.0185116  0.289031 0.0907884    9.7966
1.77464e+09   0.00914965 0.000253112  -0.0151915  0.289609 0.0738148   9.80162
1.77464e+09    0.0119921 -0.00496241  -0.0191323  0.279242 0.0814989   9.80166
1.77464e+09  0.00978778 0.00396849 -0.0175418  0.266245 0.0846122   9.79644
1.77464e+09   0.0135691 0.00102283 -0.0176816  0.259061 0.0983264   9.79232
1.77464e+09  0.00685751 0.00274588 -0.0167715  0.260191 0.0974645   9.80639
1.77464e+09   0.0106689 0.00322668 -0.0123921  0.272337 0.0999017   9.81001
1.77464e+09    0.012854  0.0068648 -0.0115011 0.276846 0.112248  9.80556
1.77464e+09   0.00764213 -0.00127482  -0.0176175 0.275938 0.110244  9.81954
1.77464e+09  0.00523162 0.00168106 -0.0132602 0.280146 0.103313  9.80876
1.77464e+09   0.00824178 0.000236324  -0.0157915 0.266457 0.133093  9.80496
1.77464e+09    0.00980406 -0.000338169   -0.0157879 0.253193 0.133528  9.80911
1.77464e+09   0.00616218 -0.00256711  -0.0107124 0.254094  0.12337  9.79911
1.77464e+09    0.0077323 -0.00156474  -0.0108083 0.261009 0.119894  9.78636
1.77464e+09   0.00624627 -0.00177108 -0.00972985 0.256012 0.123827  9.79274
1.77464e+09   0.00538608 -0.00103638 -0.00906377 0.261558 0.120862  9.79407
1.77464e+09  0.00840856  0.0010483 -0.0121927 0.273048  0.10832  9.79533
1.77464e+09  5.95119e-05 -0.00282829 -0.00929299 0.270548  0.10272  9.79992
1.77464e+09   0.00207181  0.00056448 -0.00507744 0.257188 0.101066  9.80544
1.77464e+09  -0.00142131 -0.00150114 -0.00605065 0.255656 0.104476  9.81004
1.77464e+09   0.00264935 -0.00277226 -0.00406789 0.238969 0.106388  9.78737
1.77464e+09    0.00111343 -0.000617742 -0.000585668  0.23836 0.114153  9.78024
1.77464e+09  0.00136549  0.0027432 -0.0046053 0.252246 0.128432  9.78892
1.77464e+09  -0.00116536 -0.00267827  0.00268317  0.26191 0.131064  9.78773
1.77464e+09  -0.00148796 -0.00216461  0.00131231  0.26685 0.139841  9.78785
1.77464e+09  -0.00141438 -0.00160813 -0.00194128 0.276446 0.129998  9.78778
1.77464e+09  -0.00446684 0.000680115  0.00552498 0.255902 0.123981  9.78617
1.77464e+09  -0.00131634 -0.00225835  0.00416825  0.25091 0.145994  9.79003
1.77464e+09   -0.0047143 -0.00149435  0.00320975 0.252134 0.139117  9.81111
1.77464e+09  -0.00709716 0.000135363  0.00534829 0.269765 0.137011  9.82419
1.77464e+09  -0.00863442 -0.00603397  0.00726247 0.271795 0.134329  9.82299
1.77464e+09   -0.00704049 -0.000995789   0.00918273 0.257734 0.114534  9.82026
1.77464e+09  -0.00988067 -0.00481449  0.00787494 0.261879  0.11872  9.81693
1.77464e+09  -0.00309556  0.00265896   0.0111559 0.268768 0.106009   9.8098
1.77464e+09   -0.0093412 -0.00113249   0.0147112  0.284359 0.0989629   9.80717
1.77464e+09  -0.00595512 -0.00272091   0.0121375  0.296307 0.0902219   9.80145
1.77464e+09   -0.00812668 -0.000300719    0.0151782   0.30437 0.0791109   9.79452
1.77464e+09  -0.00673694  -0.0026332   0.0141362  0.311112 0.0765309   9.80594
1.77464e+09   -0.0117296 -0.00740185   0.0139159  0.294906 0.0969696   9.79869
1.77464e+09   -0.0106306 -0.00386376   0.0180699  0.300029 0.0961418   9.78622
1.77464e+09  -0.0103118 0.00152278   0.016076  0.298176 0.0798157   9.78713
1.77464e+09  -0.00633241 0.000270959   0.0162893  0.281538 0.0743313   9.78831
1.77464e+09   -0.0111205 -0.00438213   0.0194563  0.275144 0.0682019   9.79437
1.77464e+09   -0.0092638 -0.00710104   0.0126714  0.267702 0.0801556   9.80767
1.77464e+09  -0.0101029 0.00572559  0.0123392 0.250659 0.081099  9.80269
1.77464e+09  -0.00862364 -0.00284156   0.0141664  0.244889 0.0809455   9.78275
1.77464e+09   -0.0102721 -0.00456113    0.016012  0.260648 0.0760266   9.78784
1.77464e+09  -0.00989965 5.10714e-05   0.0176851  0.278748 0.0773191   9.80635
1.77464e+09  -0.00834693  -0.0046885   0.0119926  0.290387 0.0953175   9.80956
1.77464e+09   -0.0084025 -0.00133932   0.0115648  0.290156 0.0973366   9.80579
1.77464e+09  -0.00548224 0.000734312   0.0163131  0.294612 0.0858154   9.80166
1.77464e+09  -0.00831997 -0.00257657    0.010917  0.310622 0.0775866   9.79753
1.77464e+09  -0.00804614 -0.00230702  0.00979604  0.300048 0.0745633   9.80749
1.77464e+09  -0.00973442 -0.00250002  0.00921248  0.289413 0.0752757   9.81988
1.77464e+09  -0.00545707 0.000326129   0.0106947  0.296155 0.0845568   9.81768
1.77464e+09  -0.00873029 -0.00252446  0.00842202  0.307406 0.0893345   9.80064
1.77464e+09  -0.00656566 -0.00420463   0.0109296 0.315155 0.077277  9.79304
1.77464e+09  -0.00727065 -0.00106217  0.00634773  0.319291 0.0665709    9.7927
1.77464e+09   -0.00292848 -0.000864162   0.00762837   0.29947 0.0530642   9.79633
1.77464e+09  -0.00626388 -0.00216258  0.00669847  0.267367 0.0427781   9.80427
1.77464e+09  -0.000317606  -0.00282308   0.00369473  0.251395 0.0463339   9.80542
1.77464e+09  0.000158229   0.0017465  0.00464063  0.266823 0.0644629   9.80636
1.77464e+09  -0.00187721 -0.00419654  0.00412553  0.278975 0.0592445   9.80994
1.77464e+09   0.0015724 0.00308719 0.00297898  0.296849 0.0508064   9.82233
1.77464e+09   -0.00312263 -0.000872872   0.00196448 0.299057 0.034244  9.82734
1.77464e+09  -0.00359183 -0.00236007 -0.00356658  0.295048 0.0269519   9.81915
1.77464e+09  -0.00205718 -0.00107516  0.00109804  0.270638 0.0244462   9.80181
1.77464e+09   4.67428e-05 -0.000863835  -0.00511761  0.264234 0.0452225   9.79626
1.77464e+09   0.00397002  0.00197604 -0.00208832  0.278865 0.0468833   9.80604
1.77464e+09    0.00223612 -2.80441e-05  -0.00913005  0.286488 0.0360201   9.81179
1.77464e+09   0.00639718 -0.00375333 -0.00080316  0.286578 0.0473294   9.81654
1.77464e+09   0.00492597  0.00474937 -0.00333911  0.280575 0.0405422   9.81531
1.77464e+09   0.00240386  0.00127303 -0.00314677  0.295593 0.0386262   9.82869
1.77464e+09   0.00613991 0.000170175 -0.00806723  0.284665 0.0437182    9.8229
1.77464e+09   0.00475446  0.00112967 -0.00683786  0.291827 0.0620482   9.80901
1.77464e+09   0.00279635 0.000181964 -0.00984622 0.293399 0.066849   9.7985
1.77464e+09   0.00913431 4.72234e-05 -0.00937604  0.275514 0.0585698   9.80193
1.77464e+09    0.0078003  0.00141611 -0.00947949  0.266126 0.0677685   9.79975
1.77464e+09   0.00508243 0.000810652 -0.00951471  0.264075 0.0678451    9.8177
1.77464e+09   0.0106859 0.00429299 -0.0126804  0.277011 0.0602361   9.83187
1.77464e+09   0.00758799 0.000866817  -0.0133913  0.292817 0.0612963   9.83373
1.77464e+09   0.0117327 0.00205402 -0.0120068  0.295234 0.0463938   9.82318
1.77464e+09    0.010047 0.00101987  -0.011161  0.300787 0.0401188   9.79752
1.77464e+09  0.00840265 0.00530318 -0.0150697  0.285905 0.0489496    9.7853
1.77464e+09  0.00938588 -0.0024049 -0.0188901  0.274132 0.0583226   9.79881
1.77464e+09   0.0112177 0.00386303 -0.0133513 0.26594 0.08758 9.80964
1.77464e+09   0.00910692 0.000734813  -0.0152154  0.279245 0.0863006   9.80592
1.77464e+09   0.00966164 -0.00384523  -0.0121609  0.276715 0.0672113   9.80059
1.77464e+09   0.0084047 0.00349495 -0.0121463  0.270031 0.0611851   9.81442
1.77464e+09   0.0110658   0.004533 -0.0136487 0.262627 0.068717  9.80909
1.77464e+09    0.0098019 -0.00108243  -0.0147441  0.265935 0.0833613   9.79813
1.77464e+09   0.0110137 0.00313599 -0.0140747  0.271701 0.0960894   9.78728
1.77464e+09   0.0103521 0.00189536 -0.0150059  0.268581 0.0903921   9.79184
1.77464e+09    0.00858868 -0.000588085   -0.0159253  0.285044 0.0808751   9.79466
1.77464e+09   0.00739479 -0.00213954  -0.0121864 0.294073 0.083198  9.79678
1.77464e+09   0.00674402 -0.00067005  -0.0131417  0.296231 0.0962715   9.79846
1.77464e+09  0.00982898 -0.0006626 -0.0151287 0.286023 0.100791  9.79497
1.77464e+09    0.00698346 -0.000982017   -0.0104519 0.277289 0.113361   9.8033
1.77464e+09    0.0105666 -0.00285778   -0.014737 0.289552 0.118749  9.81605
1.77464e+09   0.0103215  0.0027268 -0.0103651 0.282012 0.109124  9.80897
1.77464e+09   0.00524001 0.000647415  -0.0101951   0.2682 0.102988  9.80102
1.77464e+09   0.00354494 -0.00506871 -0.00828828 0.249363 0.103252  9.80814
1.77464e+09   0.00849121 -0.00380089 -0.00889445  0.258176 0.0929282   9.80856
1.77464e+09   0.00616823  0.00016731 -0.00956839 0.279906 0.101585  9.80553
1.77464e+09   0.00333669 -0.00213587 -0.00386577    0.2817 0.0890333   9.80338
1.77464e+09   0.00486263 -0.00423399 -0.00938566 0.288323 0.101888  9.79606
1.77464e+09   0.00347137 0.000126381 -0.00601862 0.278424 0.105453  9.80868
1.77464e+09   0.00118315  -0.0007763 -0.00293997 0.268299 0.107802  9.82387
1.77464e+09   0.00348097 -0.00219721  -0.0026628 0.264896  0.11741  9.81408
1.77464e+09  -5.7791e-05 -0.00354112  0.00271058 0.265703 0.121633    9.808
1.77464e+09   -0.00102802   -0.0038488 -0.000516331 0.269159 0.129079  9.81106
1.77464e+09  -0.000716966 -0.000281874  0.000897707 0.281381 0.133552    9.819
1.77464e+09   0.00207859 -0.00194379  0.00209119 0.274789 0.141323  9.82101
1.77464e+09  -0.00351006 -0.00554296  0.00600625 0.275575 0.157219  9.82071
1.77464e+09   0.00155984 -0.00936294  0.00322983 0.282913 0.158286  9.81304
1.77464e+09   -0.0026622 -0.00445019  0.00476544 0.294876  0.14261  9.79792
1.77464e+09  -0.00502105 0.000477152  0.00602499 0.285256 0.123023  9.78908
1.77464e+09  -0.00252054 -0.00107479  0.00345233 0.274049 0.119001  9.79519
1.77464e+09  -0.00123732 -0.00493162   0.0109094 0.279679  0.11906  9.79471
1.77464e+09  -0.00870819  -0.0011823  0.00755333 0.286339 0.111346  9.80225
1.77464e+09  -0.00622152  0.00249965  0.00907284  0.29926 0.118804  9.81205
1.77464e+09   -0.00406651 -0.000497372    0.0145774 0.304716 0.116577  9.82308
1.77464e+09   -0.0065374 0.000468958  0.00863852 0.294253 0.121204  9.82414
1.77464e+09  -0.00281548  -0.0066981  0.00963745 0.292583 0.115604  9.80619
1.77464e+09  -0.00829367 -0.00482752   0.0119279 0.283915 0.111028  9.79523
1.77464e+09  -0.00700746 -0.00710313  0.00863676 0.276535 0.111589  9.78983
1.77464e+09   -0.00513052 -0.000177795    0.0135419 0.285528 0.107553  9.79351
1.77464e+09   -0.0109856 0.000557234   0.0167925  0.282688 0.0907918   9.79242
1.77464e+09  -0.0103556 0.00421656  0.0157727  0.264875 0.0937479     9.792
1.77464e+09   -0.00715461 -0.000446607    0.0111783 0.263575 0.107275  9.81035
1.77464e+09  -0.00975991 -0.00347006    0.015153 0.275444 0.109987  9.81993
1.77464e+09  -0.00783745 -0.00406631   0.0127321  0.276466 0.0995437   9.81605
1.77464e+09    -0.0100853 -0.000158225    0.0141714 0.278739 0.090919  9.80186
1.77464e+09   -0.0101953 -0.00417596   0.0117405  0.280725 0.0764505   9.80269
1.77464e+09   -0.0104369 -0.00106798   0.0147697  0.291875 0.0651477    9.7947
1.77464e+09  -0.00492843  0.00153406   0.0125241  0.299648 0.0698297   9.78413
1.77464e+09  -0.00856127 0.000443842   0.0128023  0.281669 0.0756251   9.78291
1.77464e+09    -0.0101154 -0.000270256    0.0119815  0.271616 0.0743876   9.78823
1.77464e+09  -0.00786519  0.00102522   0.0168593  0.262094 0.0699498   9.80504
1.77464e+09   -0.0071533 -0.00146439   0.0120139  0.281116 0.0810814    9.8053
1.77464e+09   -0.00572274 -4.02449e-06   0.00802598  0.295041 0.0646661   9.81049
1.77464e+09  -0.00873292 -0.00105094    0.012917  0.303795 0.0544091   9.81649
1.77464e+09  -0.00461908 -0.00139278  0.00873468  0.311276 0.0666013   9.81275
1.77464e+09   -0.0110757 -0.00100743   0.0107949  0.312456 0.0665831   9.81789
1.77464e+09   -0.0082459 -0.00141543  0.00877592  0.308221 0.0657646   9.81779
1.77464e+09  -0.00305125  0.00037329  0.00199887 0.295393 0.058066  9.83113
1.77464e+09  -0.00633689 0.000998074   0.0103312  0.283484 0.0560509   9.83301
1.77464e+09   -0.0024279 0.000684971  0.00359545  0.269171 0.0511516   9.82587
1.77464e+09  -0.00136221 -0.00226505  0.00485462  0.243076 0.0485166   9.81256
1.77464e+09  -0.00243071 -0.00453298  0.00117987  0.227189 0.0529478   9.80111
1.77464e+09  -0.00193496 -0.00394176  0.00115796  0.241041 0.0378732   9.79002
1.77464e+09  -7.02923e-05   0.00181174   0.00262266    0.2502 0.0451657   9.78555
1.77464e+09  -0.00208915   0.0010978  0.00102903 0.281521 0.044473  9.78913
1.77464e+09  -0.00135791 -0.00231557   0.0012904  0.295987 0.0238047   9.79026
1.77464e+09   0.00268237 0.000757738 -0.00284486  0.292175 0.0191661   9.81063
1.77464e+09   0.00245064  -0.0033444 -0.00160784  0.260628 0.0283884   9.80016
1.77464e+09   0.00255343 -0.00226605 -0.00868243  0.251846 0.0348535   9.78676
1.77464e+09    0.0031023 -0.00069422 -0.00266936  0.273963 0.0373371   9.78634
1.77464e+09    0.00234391 -0.000221999  -0.00345146  0.278676 0.0333294    9.7953
1.77464e+09    0.00259467   0.00242136 -0.000993441  0.268622 0.0325849   9.80627
1.77464e+09   0.00490713   0.0019795 -0.00639046  0.260084 0.0253817       9.8
1.77464e+09   0.00306702 -0.00109048   -0.011907  0.265841 0.0243578   9.79233
1.77464e+09   0.00463347 -0.00151457  -0.0100376  0.263258 0.0444277   9.80685
1.77464e+09   0.00265716  0.00169791 -0.00639722  0.268369 0.0432507   9.80535
1.77464e+09   0.00188554 -0.00124091   -0.012499  0.294749 0.0559453   9.79648
1.77464e+09   0.00933838 -0.00102478 -0.00660235  0.296428 0.0715379   9.82228
1.77464e+09    0.00662507 -0.000274672   -0.0114123  0.265252 0.0824189   9.82817
1.77464e+09   0.00861091 0.000812832  -0.0121517 0.247316  0.08128  9.83479
1.77464e+09   0.00881244  0.00160311 -0.00919084  0.239927 0.0649127   9.81635
1.77464e+09   0.00664179 -0.00182998   -0.014272  0.234307 0.0632497   9.80013
1.77464e+09    0.00568703 -0.000292006   -0.0110423  0.242273 0.0660386   9.79082
1.77464e+09    0.0101561 -0.00377501  -0.0156406  0.250287 0.0632675    9.7798
1.77464e+09   0.0109919 -0.0028377  -0.013265 0.272142 0.063304  9.78378
1.77464e+09   0.0114994 0.00248786 -0.0102604 0.305095 0.054827  9.78797
1.77464e+09   0.00953251 -0.00156656  -0.0145473  0.312692 0.0597814   9.79378
1.77464e+09   0.0107153 0.00078462 -0.0103383  0.316342 0.0694441   9.80467
1.77464e+09  0.00554665  0.0023483  -0.014432  0.305242 0.0746028   9.80649
1.77464e+09    0.0109511 -0.00376885  -0.0135053  0.288399 0.0891877   9.80028
1.77464e+09  0.00918647  -0.001892 -0.0137993  0.260721 0.0885213   9.80444
1.77464e+09   0.0124513 0.00312271 -0.0126738  0.261865 0.0865259   9.80597
1.77464e+09   0.00693422 -0.00327493  -0.0118433  0.264818 0.0865153   9.80676
1.77464e+09   0.00845602 -0.00348068 -0.00946584 0.268048 0.089669  9.81015
1.77464e+09   0.00855029 -0.00106688 -0.00986438 0.268609 0.102449  9.81291
1.77464e+09   0.00417496 -0.00345581  -0.0136539  0.276061 0.0921866   9.82193
1.77464e+09   0.00942062  0.00322736 -0.00977692  0.282213 0.0809097   9.82685
1.77464e+09   0.00689252 0.000607542 -0.00661374  0.282962 0.0898112    9.8196
1.77464e+09   0.00674066 -0.00710354 -0.00996005  0.290936 0.0953773   9.79711
1.77464e+09    0.0124101 -0.00229552  -0.0137963   0.28865 0.0942515   9.79608
1.77464e+09   0.00961011 0.000837769 -0.00871148 0.266145 0.107011  9.79046
1.77464e+09   0.00495787 -0.00118465 -0.00557945  0.28259 0.106765  9.79348
1.77464e+09   0.00454678 -0.00776198  -0.0102159 0.289668 0.109777   9.8037
1.77464e+09  0.00738327 0.00169639  -0.010621 0.295275  0.11023  9.81646
1.77464e+09   0.00467228 0.000731841  -0.0025567 0.293365 0.112772  9.82523
1.77464e+09    0.00464478 -0.000189264  -0.00454929  0.28111 0.117075  9.81829
1.77464e+09   0.00784433 -0.00426527 -0.00771424  0.28039 0.113883   9.8094
1.77464e+09   0.00368818 -0.00273023 -0.00326241 0.287846  0.11284  9.80068
1.77464e+09    0.0034509  -0.0019144 -0.00408985 0.299446 0.104727  9.80748
1.77464e+09    0.0014912 -0.00413372 -0.00331635  0.288988 0.0952281   9.80464
1.77464e+09   0.00205914 -0.00334887  0.00208096  0.292527 0.0929878   9.78793
1.77464e+09   0.00344736 0.000859453 -0.00124737  0.286657 0.0946086   9.80186
1.77464e+09   0.00197015 0.000695444 -0.00281146 0.294291 0.105425  9.80899
1.77464e+09    0.00249279 -0.000247055  -0.00244426 0.286175 0.122881  9.79694
1.77464e+09  -0.000734114   0.00114894   0.00437451 0.282531 0.131516  9.79464
1.77464e+09  -0.00455861 -0.00158237 0.000820407 0.289405 0.133854  9.81094
1.77464e+09  -0.00271269  -0.0013212  0.00227333 0.294427 0.126751  9.81538
1.77464e+09  -0.00248797   0.0022199  0.00676143 0.283036 0.132506  9.81724
1.77464e+09  -0.00364394 0.000284213  0.00965883 0.268161 0.137131  9.81587
1.77464e+09  -0.00236278 -0.00353435  0.00508415  0.25438 0.131722  9.81484
1.77464e+09    -0.0027694 -0.000781878   0.00155209 0.272948 0.116504  9.81454
1.77464e+09  -0.00796338 -0.00090748   0.0028706 0.289065 0.105181  9.82305
1.77464e+09  -0.00405016 0.000563804  0.00751696  0.294336 0.0993482   9.81599
1.77464e+09   -0.00379037 -0.000634048   0.00864543   0.29078 0.0919295   9.81566
1.77464e+09  -0.00887742 -0.00368999  0.00727198  0.290578 0.0901501   9.82305
1.77464e+09   -0.00762724 -0.000872486   0.00725413 0.277479 0.109486  9.82223
1.77464e+09  -0.00456117 0.000261212  0.00905929 0.271328 0.118181  9.82142
1.77464e+09  -0.00694016  0.00219824   0.0100594   0.2702 0.119388  9.81617
1.77464e+09  -0.00845919 -0.00211467  0.00734548 0.276607 0.124769  9.79471
1.77464e+09  -0.00732633 0.000394067  0.00619474 0.277089 0.127773  9.79143
1.77464e+09  -0.00593633 -0.00234617   0.0142103 0.271143 0.100678  9.78735
1.77464e+09   -0.0111289 -0.00147925  0.00929622  0.257683 0.0825595   9.78817
1.77464e+09  -0.00872901  0.00384282   0.0106947  0.259398 0.0715804   9.79351
1.77464e+09  -0.00553828 -0.00257751  0.00905495  0.258724 0.0706084   9.79739
1.77464e+09   -0.0105183 0.000947665   0.0119426  0.263879 0.0726886     9.804
1.77464e+09   -0.00794327 -0.000221318    0.0104573  0.266363 0.0781369   9.79554
1.77464e+09  -0.0112407 0.00100327 0.00721359  0.264468 0.0826649    9.8008
1.77464e+09  -0.00796607 -0.00216188  0.00802671  0.251639 0.0897351   9.80153
1.77464e+09  -0.00731424 0.000641532  0.00928506  0.255788 0.0789864   9.80875
1.77464e+09  -0.00852371  0.00344333   0.0124296  0.269228 0.0710476   9.81184
1.77464e+09  -0.00695549  0.00161783   0.0102808  0.264191 0.0516413   9.82535
1.77464e+09  -0.00309433  0.00257083  0.00950382  0.268211 0.0521009   9.83078
1.77464e+09  -0.00768622 -0.00029348  0.00646667 0.258401 0.048837  9.81923
1.77464e+09   -0.00633789 -8.80118e-05   0.00836097  0.265875 0.0545913   9.80468
1.77464e+09  -0.00949662 -0.00341811  0.00771802  0.272375 0.0533139   9.80124
1.77464e+09  -0.00351518 -0.00327108   0.0122561  0.276298 0.0657581   9.81206
1.77464e+09  -0.00891899 0.000968871  0.00940287  0.273658 0.0604629   9.81167
1.77464e+09  -0.00925349  0.00213292  0.00964363  0.264798 0.0557953   9.80549
1.77464e+09  -0.00100035  -0.0037233  0.00994558  0.268278 0.0509122   9.80051
1.77464e+09  -0.00166674 -0.00469984   0.0104256  0.269718 0.0429737    9.7947
1.77464e+09   -0.00308455  -0.00117791 -0.000280827  0.261387 0.0594408   9.79635
1.77464e+09  -0.00293873  0.00334646  0.00768496  0.288806 0.0703078   9.79987
1.77464e+09  -0.00122227 -0.00317641  0.00169021   0.29872 0.0648995   9.81383
1.77464e+09   -0.00508857 -3.96458e-06   0.00465063  0.281548 0.0601947   9.80334
1.77464e+09  -0.000784206  -0.00171063   0.00650046  0.263729 0.0427497    9.7907
1.77464e+09  0.000441294 -0.00313664  0.00152337  0.267179 0.0483936   9.80569
1.77464e+09   0.00258026 -0.00280112 0.000700976  0.260581 0.0577107   9.81371
1.77464e+09    0.00317608 -0.000611554   0.00339017  0.269167 0.0648498   9.81198
1.77464e+09   0.00390235 -0.00106349 -0.00173721   0.25955 0.0625841   9.82944
1.77464e+09   0.00462363 -0.00214416 -0.00234462  0.282171 0.0490986   9.83638
1.77464e+09    0.00312626 -0.000344013  -0.00282332  0.296142 0.0384653   9.80421
1.77464e+09    0.0029679 -0.00345016 -0.00356499  0.297241 0.0339153    9.7944
1.77464e+09   0.00373889 -0.00152199 -0.00152591  0.284219 0.0307972   9.78176
1.77464e+09   0.00232413 -0.00626528 -0.00458912  0.272916 0.0447977   9.79413
1.77464e+09   0.00735293  -0.0010124 -0.00575509 0.276705 0.046863  9.81507
1.77464e+09   0.00307417 -0.00713445 -0.00456743  0.284611 0.0548557    9.8087
1.77464e+09   0.00713509 -0.00352352 -0.00704909  0.291403 0.0632432    9.8121
1.77464e+09  0.00939638 0.00189403 -0.0054564  0.286458 0.0648585    9.8061
1.77464e+09   0.00733319 0.000485191 -0.00965345  0.292925 0.0696789   9.78959
1.77464e+09    0.0080247 -0.00176901    -0.01363  0.297215 0.0730748    9.7923
1.77464e+09   0.00983758  0.00149965 -0.00952906  0.295395 0.0699451   9.81732
1.77464e+09  0.00434445  0.0001874 -0.0129116   0.28245 0.0606143   9.81632
1.77464e+09   0.00874205 9.21412e-06 -0.00789402  0.270465 0.0545021   9.81146
1.77464e+09  0.00976772 0.00231806  -0.012257  0.260852 0.0535126   9.80679
1.77464e+09  0.00956909 0.00231334 -0.0115789 0.265241 0.061092  9.78971
1.77464e+09   0.0103308 0.00404954 -0.0091964  0.267416 0.0610556   9.78402
1.77464e+09    0.0082656 1.39328e-05 -0.00991674  0.284505 0.0782498   9.78273
1.77464e+09   0.00889047 -0.00171049   -0.012794  0.296708 0.0977385    9.7949
1.77464e+09   0.00763303 -0.00313445  -0.0110656  0.307799 0.0924949   9.79421
1.77464e+09    0.00905922 -0.000316131   -0.0160476  0.298065 0.0768369   9.80992
1.77464e+09   0.00698097 -0.00621553  -0.0125732   0.28622 0.0819427   9.81266
1.77464e+09    0.00819625 -0.000879328   -0.0101495  0.278084 0.0798135   9.82002
1.77464e+09   0.00798236 -0.00209812   -0.013566  0.269628 0.0753427   9.82494
1.77464e+09   0.00542721 -0.00210257  -0.0155225  0.267486 0.0805146   9.81263
1.77464e+09   0.00851838 0.000739122  -0.0171506  0.260158 0.0886341    9.7962
1.77464e+09    0.0101614 -0.00324763  -0.0135934 0.262916 0.105819  9.80024
1.77464e+09   0.00931683 -0.00653072  -0.0117145 0.273683   0.1037   9.8012
1.77464e+09   0.00905884 -0.00407406  -0.0100537 0.281234 0.105854  9.80636
1.77464e+09   0.00986223  -0.0024832 -0.00952121 0.288146 0.105365  9.80898
1.77464e+09    0.00827067 -0.000346336   -0.0109549 0.293543 0.115306  9.82034
1.77464e+09   0.00476881 -0.00186832  -0.0102993 0.278987 0.113137  9.80662
1.77464e+09    0.00454522 -0.000708778   -0.0130522 0.285346 0.118346  9.80094
1.77464e+09    0.00586731 -0.000403268  -0.00896213 0.293889 0.122127  9.81178
1.77464e+09   0.00176572  0.00123856 -0.00785779 0.274153 0.129904  9.81312
1.77464e+09   0.00783138  0.00239921 -0.00353491 0.274491 0.115092  9.81167
1.77464e+09   0.00629656 -0.00166869  -0.0049083 0.274785  0.11009   9.8095
1.77464e+09   0.00304985 -0.00560964 -0.00985608 0.277359 0.109618   9.8086
1.77464e+09  -1.35744e-05 -0.000739429  -0.00622492  0.28114 0.110539  9.79649
1.77464e+09  7.31804e-05  0.00674851 -0.00313842 0.281619 0.120734  9.79254
1.77464e+09  0.00343271 0.00271916  -0.001858 0.271496  0.10968  9.79457
1.77464e+09  0.000899273  0.00299484 -0.00208266 0.256909 0.106259  9.80978
1.77464e+09  0.000467252 -0.00191176 -0.00292901 0.253778  0.12024   9.8087
1.77464e+09  -0.00529929 0.000801181   0.0044027 0.263257 0.115969  9.80338
1.77464e+09   0.00085563 -0.00161868 -0.00116382 0.281951 0.115799  9.80036
1.77464e+09  -0.00194534  0.00113795  0.00269188 0.288485 0.111782  9.80765
1.77464e+09   -0.00480341   0.00220893 -0.000701163 0.294234 0.101158  9.80229
1.77464e+09  -0.00626324  0.00124884  0.00236946 0.285208 0.104698  9.79043
1.77464e+09  -0.00475988  0.00158781  0.00237421    0.282 0.115837  9.79671
1.77464e+09  -0.0050162  0.0016235 0.00394696 0.262469 0.114625  9.80592
1.77464e+09  -0.00218112  0.00131799  0.00484179 0.280013 0.128093  9.81235
1.77464e+09  -0.00380128 0.000316367  0.00486267 0.292581 0.117409  9.83186
1.77464e+09  -0.00574888 -3.5721e-05   0.0110841 0.296357 0.118986  9.82663
1.77464e+09   -0.00599727 -2.39973e-05   0.00955578 0.303361 0.113853  9.80551
1.77464e+09  -0.00544146 -0.00344162  0.00725571  0.29124 0.109105  9.79778
1.77464e+09  -0.00138607 0.000620163   0.0120961 0.269402 0.113519  9.80477
1.77464e+09  -0.00689458 0.000352951  0.00937968 0.256299 0.118109  9.80188
1.77464e+09   -0.00474933 -0.000845914   0.00398206  0.26347 0.111496  9.81763
1.77464e+09   -0.0115551 -0.00138763    0.014956 0.274186 0.104081  9.81983
1.77464e+09  -0.00597463  -0.0028453   0.0119257  0.273645 0.0828612   9.81395
1.77464e+09  -0.00928844 -0.00185626    0.011865   0.26835 0.0823948   9.81221
1.77464e+09  -0.00890589  0.00206651   0.0107569  0.266419 0.0916229   9.80776
1.77464e+09   -0.0107072 -0.00326481   0.0138537 0.268173  0.08907  9.79802
1.77464e+09   -0.00890696 -0.000178135    0.0110145 0.264704 0.102736  9.79616
1.77464e+09  -0.00324877 -0.00276456   0.0154121  0.264391 0.0945365   9.80733
1.77464e+09   -0.011308 -0.0025588 0.00827436  0.256719 0.0923461   9.79892
1.77464e+09  -0.00812634 0.000393071   0.0158134  0.255664 0.0922653   9.81438
1.77464e+09  -0.00733497  0.00381089  0.00601571  0.261603 0.0785859   9.83034
1.77464e+09  -0.00831869 -0.00183823   0.0103878  0.261045 0.0703145   9.82598
1.77464e+09  -0.00936139 0.000163376   0.0117704  0.262482 0.0674361   9.80695
1.77464e+09  -0.00622614 -0.00337198    0.010239  0.263207 0.0697418   9.80375
1.77464e+09  -0.00710541 -0.00210508    0.011103   0.26643 0.0606663    9.8232
1.77464e+09    -0.0064636 -0.000759592   0.00894052  0.265322 0.0387491     9.827
1.77464e+09  -0.00881706 -0.00107192  0.00517545  0.264027 0.0419685   9.80697
1.77464e+09  -0.00372761 -0.00187142  0.00320697  0.279097 0.0537235   9.80313
1.77464e+09  -0.00281916 -0.00283439  0.00315262  0.292915 0.0499795   9.79449
1.77464e+09  -0.00550219 -0.00355398  0.00731555  0.294059 0.0495246   9.79712
1.77464e+09  -0.00308679  0.00301732  0.00844345    0.2776 0.0488322   9.80045
1.77464e+09    -0.00716  -0.007286 0.00281742  0.266169 0.0555096   9.79508
1.77464e+09  -0.000800185  -0.00319671  6.22188e-05 0.268646 0.066371  9.79588
1.77464e+09   -0.00594325 -0.000479767   0.00680474 0.270452 0.055297  9.80597
1.77464e+09   -0.0036814   -0.003318 0.000492853  0.276682 0.0651891   9.81364
1.77464e+09    0.00172771 -0.000965377   0.00301903  0.286121 0.0573427   9.80375
1.77464e+09  -0.00105102 -0.00186543 -0.00274952   0.27455 0.0415684   9.79482
1.77464e+09  -0.000123146  -0.00589602   0.00236794  0.269218 0.0465474   9.79515
1.77464e+09  0.00283522 0.00550119 0.00398281  0.268646 0.0483909   9.79364
1.77464e+09  -9.30036e-05  0.000431899   0.00153698  0.273622 0.0470228    9.7893
1.77464e+09   0.00111478 -0.00102935 -0.00485347  0.270946 0.0386425   9.78526
1.77464e+09  8.81587e-05 -0.00108174 -0.00367222  0.280552 0.0368834    9.7894
1.77464e+09   0.00391638 -0.00094015 -0.00318754  0.256216 0.0471539    9.7993
1.77464e+09   0.00155176 -0.00489456  0.00162135  0.249732 0.0499928   9.80098
1.77464e+09   0.00475634 -0.00188456 -0.00290925  0.262379 0.0605654   9.81395
1.77464e+09   0.00737758 -0.00187976  -0.0035499  0.276094 0.0743101   9.82755
1.77464e+09    0.00732643 -0.000485116  -0.00464535  0.293267 0.0725592   9.82312
1.77464e+09   0.00573434  0.00306071 -0.00426228  0.295686 0.0577616   9.82897
1.77464e+09   0.00753799 -0.00118501 -0.00915629  0.290584 0.0569395   9.83834
1.77464e+09   0.00784794  -0.0042144 -0.00352873  0.276435 0.0559324   9.82843
1.77464e+09    0.00751015 -0.000126214  -0.00920642  0.277815 0.0755861   9.81189
1.77464e+09   0.00376137 -0.00232723 -0.00534492  0.289925 0.0859343   9.79776
1.77464e+09   0.00519881 -0.00194915  -0.0070011  0.284989 0.0759715   9.79363
1.77464e+09   0.00672047 0.000891095 -0.00560957  0.279857 0.0742026   9.78723
1.77464e+09   0.00726394 -0.00313867  -0.0125749  0.286375 0.0833507   9.79586
1.77464e+09    0.00585209 -0.000388866  -0.00835162  0.271543 0.0803428   9.80324
1.77464e+09  0.00835452 0.00199862 -0.0099907  0.260637 0.0717205   9.81288
1.77464e+09    0.0107519 -0.00184694 -0.00786465  0.253866 0.0714015   9.81783
1.77464e+09   0.00916945  0.00213813 -0.00935997  0.262809 0.0864124   9.81017
1.77464e+09   0.00932725 -0.00234354  -0.0112249  0.289098 0.0781974   9.80156
1.77464e+09   0.00953575 -0.00218696  -0.0120374  0.290415 0.0794154   9.81074
1.77464e+09    0.0102147  0.00019666 -0.00909345  0.280993 0.0855341   9.80016
1.77464e+09   0.0120233 0.00172888 -0.0123729  0.287689 0.0843725   9.80382
1.77464e+09   0.00855617 0.000957161 -0.00853179  0.286839 0.0736496    9.8094
1.77464e+09    0.0106396 -0.00168721  -0.0127367  0.276615 0.0828253   9.80932
1.77464e+09    0.0075118 -0.00281389 -0.00969557  0.268204 0.0812583   9.80687
1.77464e+09    0.00666118 -0.000614798  -0.00860055  0.270326 0.0855646   9.80272
1.77464e+09  0.00690796 0.00295923 -0.0100858 0.281095 0.104637  9.80079
1.77464e+09  0.00832526 0.00111571 -0.0109124 0.293134 0.109552  9.79935
1.77464e+09    0.0109931 0.000240757  -0.0111016 0.292988 0.121973  9.80819
1.77464e+09   0.00967115 0.000881134 -0.00988611 0.288318 0.109446  9.81041
1.77464e+09  0.00400174 0.00212996 -0.0107751  0.286984 0.0978445    9.8214
1.77464e+09   0.00553789 -0.00626563 -0.00988858 0.280416 0.097824  9.82081
1.77464e+09   0.00638335 0.000587772 -0.00867414 0.280687 0.101309  9.81092
1.77464e+09  0.00573434 0.00375364 -0.0125941 0.287948 0.114141  9.80493
1.77464e+09  0.000474145 0.000255405  -0.0081262 0.285443 0.111965  9.79548
1.77464e+09    0.00569588 -0.000934224  -0.00970115 0.278892  0.11475  9.80097
1.77464e+09   0.00378215 -0.00438635 -0.00319979  0.27132 0.118419  9.80463
1.77464e+09      0.003162 -0.000684554   -0.0103359 0.279842 0.116912  9.80093
1.77464e+09    0.00604631 -0.000171118  -0.00303957 0.272605 0.114788  9.80198
1.77464e+09   0.00360362 -0.00251923 -0.00724424 0.263253 0.104116  9.80549
1.77464e+09  0.000591757  0.00321112  -0.0034948  0.265569 0.0914184   9.81089
1.77464e+09   0.00321604  0.00600435 -0.00318466  0.273373 0.0943455   9.82044
1.77464e+09    0.00222729  -0.00114292 -0.000432945  0.282104 0.0997445   9.82223
1.77464e+09    0.00160682  0.000108415 -0.000318947  0.279266 0.0997255    9.8039
1.77464e+09  -0.00416687 0.000118004 -0.00122863 0.267039 0.106301  9.80538
1.77464e+09    0.0010524 -0.00165533 -0.00221116 0.276843 0.117585  9.80816
1.77464e+09   -0.00109438   -0.0015823 -0.000833453 0.27761 0.12767 9.80698
1.77464e+09   0.00145293 -0.00535926  0.00283291 0.267633 0.123821  9.79945
1.77464e+09   -0.00595247  -0.00388499 -0.000390904 0.254487  0.11455  9.80789
1.77464e+09  -0.000316223  -0.00060966  0.000338534  0.26084 0.115125  9.80682
1.77464e+09  -0.00370087 -0.00119565  0.00770936  0.263006 0.0967371   9.80834
1.77464e+09  -0.00168412  0.00510977  0.00172509 0.261254 0.102155  9.80701
1.77464e+09  -0.00695728   -0.002856  0.00490918 0.262057 0.109577  9.79651
1.77464e+09  -0.00574763 -0.00303294  0.00991884 0.260631  0.10428   9.7824
1.77464e+09  -0.00205034 -0.00224062  0.00647663  0.251677 0.0943503   9.78983
1.77464e+09  -0.00738285 -0.00230707  0.00705415  0.25232 0.107837  9.78607
1.77464e+09  -0.00607965 0.000228533  0.00828897 0.265834  0.10903  9.80267
1.77464e+09   -0.0068486 -0.00267979  0.00362605  0.261987 0.0975474   9.81889
1.77464e+09  -0.00781655 0.000874863  0.00749288  0.261368 0.0816069   9.82172
1.77464e+09  -0.00737186 -0.00318042    0.007197  0.264089 0.0833576    9.8263
1.77464e+09  -0.00367909 -0.00132923  0.00831121  0.268394 0.0924595   9.82087
1.77464e+09  -0.00422958 0.000893906   0.0109935  0.266983 0.0904915   9.80053
1.77464e+09   -0.00929017 -8.47906e-05    0.0125149  0.282812 0.0854958   9.78446
1.77464e+09   -0.0100808 -0.00325797    0.016184 0.300158 0.091655   9.7906
1.77464e+09   -0.0058491 0.000833913   0.0105013  0.290014 0.0869074   9.80793
1.77464e+09  -0.00515767  -0.0020756   0.0113045 0.276357 0.094393  9.81925
1.77464e+09  -0.00509972 0.000343976   0.0105862  0.272923 0.0939513   9.82051
1.77464e+09   -0.00415216 -0.000967283    0.0109693  0.269604 0.0951132   9.82436
1.77464e+09  -0.00506921  -0.0034661   0.0140823  0.275143 0.0884646   9.82166
1.77464e+09  -0.00556697  0.00143414  0.00983846  0.276345 0.0699719    9.8038
1.77464e+09  -0.00620535 0.000716704   0.0132567  0.273974 0.0532198   9.78067
1.77464e+09  -0.00854804  0.00239198   0.0120801  0.261515 0.0571052   9.78189
1.77464e+09  -0.00803128 -0.00793197   0.0100873  0.266881 0.0612375   9.79331
1.77464e+09  -0.00638643 -0.00229491  0.00806423  0.263916 0.0576227   9.80723
1.77464e+09  -0.00672221 -0.00854513  0.00973896  0.268997 0.0444284   9.82179
1.77464e+09  -0.000617588  0.000197857   0.00752506  0.271665 0.0463703   9.82251
1.77464e+09    -0.0049462 -0.000324078   0.00885663  0.286095 0.0419914   9.81704
1.77464e+09   -0.00624991 -0.000306374   0.00906548  0.275212 0.0375815    9.8054
1.77464e+09  -0.00216467 -0.00177993  0.00913078  0.264722 0.0492716   9.80414
1.77464e+09   -0.00441984 -0.000282893   0.00891307  0.261773 0.0626435   9.78993
1.77464e+09   -0.00162729 -0.000106404   0.00397303  0.269134 0.0743658   9.79451
1.77464e+09   -0.00320864 -0.000701269   0.00584212  0.284013 0.0739678   9.80529
1.77464e+09  -0.00150461 -0.00242997  0.00612951  0.288324 0.0624817   9.80479
1.77464e+09  -0.00455199 0.000121226    0.002212  0.286365 0.0623394   9.79209
1.77464e+09  -0.00323818 -0.00346625  0.00352588  0.279691 0.0642266   9.79288
1.77464e+09  0.00142227 0.00159838 0.00362754   0.27602 0.0574986   9.80656
1.77464e+09  0.00068925 0.00154429 0.00110572  0.277599 0.0551456   9.80797
1.77464e+09     0.0030958  -0.00128242 -0.000652015  0.284884 0.0545133   9.80589
1.77464e+09   0.00143685  0.00133107 0.000912144  0.288073 0.0647166   9.80189
1.77464e+09    0.00306407  0.000912752 -0.000946742  0.28293 0.061697  9.81445
1.77464e+09   0.00272069 0.000741761 -0.00417884  0.278865 0.0605663   9.81397
1.77464e+09    0.00258192 -0.000463764  -0.00300058  0.271983 0.0666763   9.81463
1.77464e+09   0.00724345  0.00399203 -0.00472375  0.252795 0.0797122   9.81933
1.77464e+09    0.00383912 -0.000328702  -0.00806162  0.259285 0.0800273   9.80956
1.77464e+09     0.0027671 -7.15352e-07  -0.00773451  0.275913 0.0707426   9.81292
1.77464e+09   0.00288372 -0.00213516 -0.00726422  0.284768 0.0547081   9.80032
1.77464e+09    0.00665804 -0.000256419  -0.00694027  0.281742 0.0519582   9.79303
1.77464e+09    0.0070883 0.000398254 -0.00833149  0.274214 0.0592672   9.80029
1.77464e+09  0.00778602  0.0025066 -0.0061265  0.273782 0.0386272    9.8086
1.77464e+09   0.00826036 -0.00178981  -0.0088566  0.278587 0.0305723   9.80871
1.77464e+09  0.00630091 0.00011835 -0.0101908  0.284095 0.0406286   9.81903
1.77464e+09   0.00953275 -0.00371158  -0.0129397  0.289245 0.0400733   9.81662
1.77464e+09     0.004791 -0.00299485 -0.00979389  0.277766 0.0439547    9.8116
1.77464e+09   0.0113706  0.0035638 -0.0131605  0.282413 0.0429352   9.82395
1.77464e+09   0.00678559 -0.00338837  -0.0151797  0.290547 0.0662147   9.82465
1.77464e+09  0.00799047 0.00220517 -0.0096576 0.289593 0.065537  9.80186
1.77464e+09   0.00425883 -0.00259981  -0.0159047  0.272054 0.0504327   9.78302
1.77464e+09   0.00542351 1.97609e-05  -0.0138061  0.265412 0.0571424   9.78637
1.77464e+09  0.00971247   0.004024 -0.0142276 0.274078 0.079039  9.80515
1.77464e+09   0.00570064 -0.00177819  -0.0133901  0.284934 0.0990328   9.80107
1.77464e+09    0.00791554 -0.000544077   -0.0121978  0.289429 0.0907004   9.78874
1.77464e+09  0.00669473 0.00108127 -0.0153996  0.282083 0.0724612   9.78652
1.77464e+09   0.00575931 -0.00590342  -0.0137303  0.264878 0.0800104   9.79544
1.77464e+09  0.00776806 0.00200009 -0.0136887  0.261091 0.0795997    9.7908
1.77464e+09   0.00813802  0.00236085 -0.00892368  0.276255 0.0783832   9.79679
1.77464e+09   0.00656508 0.000205058  -0.0150981 0.267577 0.102391   9.8144
1.77464e+09   0.00875833 0.000189962 -0.00737642 0.271208 0.109424  9.82521
1.77464e+09    0.00378679 -0.000465733  -0.00955945  0.26988 0.102096  9.81686
1.77464e+09   0.00505543 -0.00104018 -0.00793791  0.266653 0.0912051   9.81845
1.77464e+09   0.00916592  0.00221273 -0.00894364  0.259444 0.0841661   9.81183
1.77464e+09   0.00699913 -0.00324207 -0.00891682  0.253995 0.0900438   9.79928
1.77464e+09   0.00627569  0.00464931 -0.00844344  0.264595 0.0938781   9.78999
1.77464e+09  0.00556427 -0.0017092  -0.007553  0.272741 0.0804302   9.79127
1.77464e+09     0.008556 -0.00423541  -0.0060045  0.284876 0.0765208    9.8126
1.77464e+09   0.00233781 -0.00155662 -0.00836698  0.290583 0.0737842   9.82528
1.77464e+09   0.00072229 -0.00478254 -0.00291137  0.272041 0.0665022   9.82818
1.77464e+09   0.00418552 9.48766e-06 -0.00679291  0.254507 0.0870476   9.81745
1.77464e+09   0.00669367 -0.00120291 -0.00843326 0.248413 0.105197   9.8051
1.77464e+09    0.00281756   0.00011513 -0.000837097 0.262396 0.126797  9.80848
1.77464e+09  0.000817652 -0.00059586 -0.00499167  0.28137 0.136698  9.80664
1.77464e+09   0.00545839 -0.00180302 -0.00223657 0.277808 0.122221  9.78638
1.77464e+09     0.0021211 -0.000438836   0.00435871 0.272435 0.114293   9.7852
1.77464e+09  0.000180885  0.00259701  0.00430231 0.265764 0.109498  9.78152
1.77464e+09  -0.000591899  0.000388072   0.00394105 0.254354 0.105467  9.79193
1.77464e+09   0.00178828 -0.00268481 -0.00149037 0.253863 0.125957  9.79607
1.77464e+09  0.00015049 0.00370401 0.00166942 0.279461 0.132647  9.78697
1.77464e+09  -0.00144082 -0.00295719   0.0110183 0.282967 0.131254  9.78423
1.77464e+09  -0.00186354  0.00271025  0.00767043 0.276139 0.134851  9.79335
1.77464e+09   -0.00114855  0.000911581 -0.000596859 0.272448 0.128571  9.79508
1.77464e+09  -0.00191369 -0.00612485   0.0128698 0.279359  0.13485  9.77836
1.77464e+09  -0.00396632 -0.00349941   0.0115789 0.291417 0.128512  9.78221
1.77464e+09  -0.00134755 -0.00138382  0.00696949 0.305764 0.120839  9.78188
1.77464e+09  -0.00135587 -0.00128542  0.00827388 0.291206 0.110726  9.79156
1.77464e+09  -0.000474813  -0.00308726   0.00833806  0.285095 0.0949738   9.79895
1.77464e+09  -0.0054823  0.0011337 0.00931504 0.277916 0.106725  9.80134
1.77464e+09  -0.00212793 -0.00498815   0.0111088 0.285304 0.100685   9.8012
1.77464e+09  -0.00604523 -0.00280702    0.014665 0.287634 0.107649  9.80884
1.77464e+09  -0.00527898 -0.00109525   0.0114631 0.273816 0.106741  9.82073
1.77464e+09  -0.00475982 -0.00303343   0.0102425 0.266181 0.101628  9.81733
1.77464e+09  -0.0059048 0.00385153   0.012738 0.287458 0.103682  9.80522
1.77464e+09  0.000621307  0.00302617   0.0139527 0.283657  0.10735  9.80851
1.77464e+09  -0.00436947 0.000287868  0.00824262  0.28722 0.105701  9.80825
1.77464e+09  -0.00527173  8.3257e-05   0.0120391  0.302747 0.0904415   9.80477
1.77464e+09  -0.00693844   0.0010437   0.0102164   0.30182 0.0769695   9.80194
1.77464e+09  -0.00864522  -0.0052168   0.0114791  0.283515 0.0823848   9.79807
1.77464e+09   -0.0110841 -0.00229252    0.013665  0.269517 0.0958871   9.79955
1.77464e+09   -0.00775617 -0.000580255   0.00803063 0.269658 0.104454  9.79505
1.77464e+09   -0.00488606 -0.000577126   0.00820619  0.260943 0.0967679   9.80182
1.77464e+09   -0.0107176 0.000787228    0.009278  0.282727 0.0898366   9.80908
1.77464e+09   -0.00197291 -0.000966457    0.0093885   0.29333 0.0792146    9.8274
1.77464e+09   -0.00799885 -0.000783834   0.00405728   0.28609 0.0726849   9.81588
1.77464e+09  -0.00614921  0.00105499  0.00841167  0.278205 0.0633919   9.80462
1.77464e+09  -0.00877833 -0.00177879  0.00626708  0.276382 0.0530229   9.80064
1.77464e+09  -0.00341194  -0.0035202  0.00897584  0.292884 0.0610772   9.80608
1.77464e+09  -0.00437656 -0.00134804  0.00806301 0.291497  0.04873  9.80402
1.77464e+09  -0.00468677  0.00185608  0.00169647  0.286627 0.0447636   9.77542
1.77464e+09   -0.00472987  -0.00372198 -0.000582772  0.279111 0.0337069   9.77364
1.77464e+09  -0.00733969 -0.00476086  0.00463773  0.255511 0.0319908   9.77658
1.77464e+09   -0.00336599   -0.0017252 -0.000131321    0.2771 0.0504684   9.77873
1.77464e+09  -0.00420289 -0.00509422  0.00271671   0.29824 0.0575873   9.80698
1.77464e+09  -0.000754801  -0.00164859  -0.00230316  0.302609 0.0712309   9.81548
1.77464e+09   -0.00468647  -0.00497042 -0.000867642  0.303808 0.0603836   9.79598
1.77464e+09  -0.00141395 -0.00132526 0.000695426  0.297873 0.0395106   9.79939
1.77464e+09  -0.000395554  -0.00463664  0.000622536  0.294421 0.0449576    9.8101
1.77464e+09  -0.000687508   0.00392974  0.000316529  0.287901 0.0476479   9.81539
1.77464e+09   -0.00152362 -0.000328314  -0.00422535  0.296018 0.0528497   9.81798
1.77464e+09  -0.000160986   0.00123593  -0.00359722  0.303618 0.0691593   9.80894
1.77464e+09   0.00195705 -0.00467806 -0.00319745  0.291029 0.0651092   9.80541
1.77464e+09   0.00159031  0.00140325 -0.00489958   0.28843 0.0634595   9.81201
1.77464e+09    0.00256002 -1.29305e-05  -0.00414557  0.285326 0.0491671   9.80902
1.77464e+09   0.00359805 -0.00126519 -0.00877395  0.285159 0.0532385   9.79757
1.77464e+09   0.00285301  0.00123841 -0.00778189  0.279874 0.0615845   9.78908
1.77464e+09   0.00358422 -0.00270665 -0.00841868 0.286993 0.055674  9.78903
1.77464e+09   0.00358519 0.000982398 -0.00858273   0.28201 0.0511444    9.7896
1.77464e+09   0.00623659  0.00349563 -0.00708582  0.270308 0.0423858   9.78874
1.77464e+09   0.00614133 0.000482795 -0.00962991   0.25879 0.0321687   9.79248
1.77464e+09   0.00297571  0.00401346 -0.00921182 0.264205 0.063621  9.79291
1.77464e+09   0.00640563  0.00200537 -0.00825804  0.277757 0.0746649   9.78894
1.77464e+09   0.00907251 -0.00525021  -0.0089424  0.286366 0.0709836   9.78668
1.77464e+09    0.0057948 -0.00192687 -0.00981553 0.272694 0.062287  9.79889
1.77464e+09   0.00378632  0.00235453 -0.00784177  0.271063 0.0545453    9.8014
1.77464e+09    0.00377681 -0.000811077   -0.0107368   0.28574 0.0603521    9.8048
1.77464e+09   0.00855482   0.0039464 -0.00846125 0.290439 0.067086  9.80372
1.77464e+09   0.00621733  0.00629241 -0.00937818  0.306452 0.0747149    9.7923
1.77464e+09   0.00756547 0.000509499  -0.0093716  0.301883 0.0844256   9.79279
1.77464e+09   0.00448108  0.00168866 -0.00590298  0.292138 0.0911202   9.80089
1.77464e+09    0.0062334 -0.00113303  -0.0103207  0.289664 0.0891296   9.80836
1.77464e+09   0.00776228 -0.00352247  -0.0126095  0.291738 0.0745856   9.81871
1.77464e+09  0.00535247 0.00242963 -0.0107136  0.289516 0.0537829   9.82056
1.77464e+09  0.00756444 -0.0021927 -0.0100472  0.276703 0.0527772   9.81478
1.77464e+09   0.00906551 -0.00438041 -0.00772481  0.270182 0.0594383   9.81201
1.77464e+09   0.00992573  0.00350116 -0.00720107 0.259823 0.062787  9.80272
1.77464e+09  0.00652212 0.00131564 -0.0102333  0.255565 0.0737702   9.79458
1.77464e+09   0.00965705 -0.00115269 -0.00834839  0.264228 0.0767691   9.78958
1.77464e+09   0.00781187  0.00278454 -0.00849385  0.273123 0.0881502   9.80407
1.77464e+09    0.00480466 -0.000966978  -0.00684201  0.263225 0.0902807   9.79562
1.77464e+09   0.00593039  0.00224352 -0.00631958 0.273636 0.096344   9.8052
1.77464e+09   0.00564039  0.00157456 -0.00635865 0.270579 0.100114  9.80351
1.77464e+09    0.00830513 -0.000171966   -0.0068788  0.282747 0.0990469   9.78713
1.77464e+09   0.00190287 -0.00518666  -0.0105732 0.273339 0.106653  9.79102
1.77464e+09   0.00990938 -0.00169667 -0.00556653 0.261443 0.115657  9.80821
1.77464e+09    0.00540845 -0.000559376  -0.00399015 0.267805 0.114596  9.82197
1.77464e+09    0.0076448 -0.00168206 -0.00630962 0.270146 0.109301  9.81095
1.77464e+09   0.00919919  0.00424835 -0.00215387 0.257749 0.107194  9.79813
1.77464e+09     0.003028   0.0018203 -0.00611322 0.247915 0.109367  9.79477
1.77464e+09   0.00156357 -0.00222703 -0.00228528 0.267941 0.118532  9.81233
1.77464e+09  -0.000916887  -0.00409001  -0.00118829 0.284203 0.111303  9.82407
1.77464e+09  0.000572347 0.000516267 -0.00108126  0.278148 0.0984287   9.82486
1.77464e+09  0.00258247 0.00207982 0.00324299  0.280073 0.0918793   9.83203
1.77464e+09    0.00213505 -0.000507355  -0.00342769  0.286587 0.0822709      9.83
1.77464e+09  0.000258793 -0.00280074  0.00174833 0.283002 0.104114  9.82697
1.77464e+09  0.00230364 0.00102838 0.00272995 0.260896 0.105672  9.81478
1.77464e+09  -0.00237683 -0.00146744  0.00479068  0.258217 0.0983172   9.79546
1.77464e+09  -0.000315722   -0.0042041 -0.000120274 0.258743 0.104682  9.79615
1.77464e+09    0.00044428 -0.000695697   0.00380854 0.267011  0.12145  9.81396
1.77464e+09  0.000369453  0.00124756  0.00417241 0.272332 0.120347   9.8105
1.77464e+09  4.54253e-05 -0.00188751  0.00433206 0.265288 0.117911  9.79851
1.77464e+09  -0.00239875 -0.00275957  0.00203231 0.268546 0.106223  9.78996
1.77464e+09  -0.000796665  -0.00165028   0.00581432 0.278626 0.105988  9.79163
1.77464e+09  -0.00419084  -0.0058017  0.00460518 0.298577 0.115547  9.79534
1.77464e+09  -0.00438411 -0.00155305  0.00595552 0.301099  0.12192  9.79478
1.77464e+09  -0.00857334 -0.00165559  0.00833956 0.296403  0.13125  9.79957
1.77464e+09  -0.00662885 -0.00353123  0.00335405 0.287426  0.13056   9.8073
1.77464e+09  -0.00498233 0.000691858  0.00977758 0.281079 0.127326  9.80702
1.77464e+09  -0.00621746  -0.0081468   0.0085384  0.27157 0.114844  9.80696
1.77464e+09  -0.00335252 0.000691128   0.0066818  0.286748 0.0869358   9.80418
1.77464e+09   -0.00545356 -0.000870184    0.0045534  0.288294 0.0853226   9.79839
1.77464e+09  -0.00843031  -0.0026086  0.00560538  0.283497 0.0870717   9.79558
1.77464e+09  -0.00545047  0.00246421  0.00332124  0.271297 0.0751729   9.79733
1.77464e+09  -0.00650904 -0.00173949  0.00923504  0.281087 0.0874838   9.80817
1.77464e+09   -0.00303167 -0.000451931   0.00586201  0.286008 0.0920388   9.81513
1.77464e+09  -0.00912809 0.000182078   0.0112206  0.278597 0.0805661   9.81452
1.77464e+09  -0.00923242 0.000669294    0.012237  0.264642 0.0912869   9.82198
1.77464e+09  -0.00801419  0.00167024  0.00572561  0.256185 0.0775132    9.8236
1.77464e+09  -0.00646797 0.000789165  0.00753911  0.257431 0.0962903   9.82284
1.77464e+09  -0.00291932 -0.00458092  0.00693991 0.268625 0.102373  9.82122
1.77464e+09  -0.00233632  0.00254155  0.00543417  0.293557 0.0871908   9.81416
1.77464e+09    -0.0089807 -0.000660274   0.00734461  0.293238 0.0828315   9.79698
1.77464e+09  -0.00962105 -0.00335063   0.0062479  0.285466 0.0721159    9.7887
1.77464e+09  -0.00558104  0.00148219   0.0125903  0.278085 0.0593997   9.79024
1.77464e+09  -0.00351056 -0.00289128  0.00860431  0.262493 0.0483952   9.80154
1.77464e+09  -0.00451479  0.00337638  0.00941657  0.26778 0.048072  9.80307
1.77464e+09  -0.00368744  0.00485141  0.00797043  0.281522 0.0555269   9.80836
1.77464e+09  -0.00327622 0.000371803  0.00717726  0.271299 0.0480531   9.80911
1.77464e+09   -0.00341332 -0.000180519    0.0069169  0.262802 0.0520985   9.80142
1.77464e+09  -0.00166152 0.000785595  0.00668439  0.263713 0.0550624   9.79447
1.77464e+09  -0.00228781  0.00181917   0.0028663   0.27872 0.0680359   9.80865
1.77464e+09  -0.00818262  0.00311861  0.00322551 0.289412 0.078024   9.8171
1.77464e+09  -0.00281363  0.00232647  0.00404855  0.303237 0.0733625   9.80862
1.77464e+09   -0.00167847 -0.000686741  0.000482817  0.318869 0.0587654   9.79803
1.77464e+09  -0.00251819  0.00378784  0.00399231  0.303783 0.0362783   9.79639
1.77464e+09  0.000341881  0.00203746  0.00194785  0.295241 0.0332481   9.80767
1.77464e+09  -0.00201109 -0.00347345 -0.00132861  0.294586 0.0480936   9.80766
1.77464e+09  -0.00219194  0.00202493 -0.00133171  0.280831 0.0595969    9.8086
1.77464e+09   0.00077784  0.00101667 -0.00228085  0.277548 0.0609631   9.79139
1.77464e+09  -0.000579225  0.000896547   -0.0032004  0.277829 0.0735061   9.78385
1.77464e+09  -0.00211979  -0.0038355  9.9326e-05  0.270907 0.0794155   9.78494
1.77464e+09     0.0025091 -0.000949231  -0.00228947  0.269304 0.0825318   9.79106
1.77464e+09    0.0012582 -0.00094745 0.000313321  0.284194 0.0741343   9.80828
1.77464e+09  -0.000354543  -0.00226433  -0.00550954 0.302987 0.061398  9.80654
1.77464e+09    0.0018481  0.00178698 -0.00714097  0.296906 0.0691023   9.79635
1.77464e+09   0.00150005  0.00172994 -0.00477929  0.284776 0.0814241   9.80069
1.77464e+09   0.00648483  0.00010731 -0.00417296  0.271983 0.0621242    9.8036
1.77464e+09   0.00337438 0.000649532 -0.00751109  0.272647 0.0614825   9.79178
1.77464e+09   0.00275168 -0.00656688 -0.00592265 0.279401 0.069374  9.78303
1.77464e+09   0.00747979 -0.00237906 -0.00840185   0.29641 0.0686996   9.78454
1.77464e+09   0.00103152 0.000994049 -0.00764228  0.304087 0.0729552    9.7754
1.77464e+09   0.00481148 -0.00251887  -0.0135683  0.317521 0.0722214   9.79001
1.77464e+09   0.00722814 0.000178839  -0.0072863  0.306702 0.0705936   9.80314
1.77464e+09   0.00914719  0.00337814 -0.00613677  0.281331 0.0775487   9.80291
1.77464e+09   0.00359454 0.000302976  -0.0113207  0.263338 0.0676731   9.80345
1.77464e+09    0.0109311 0.000560947  -0.0100287  0.251881 0.0764791   9.79926
1.77464e+09    0.0103834 0.000597964  -0.0104594 0.258048 0.090344  9.79524
1.77464e+09   0.00517655 -0.00668618  -0.0111144  0.273403 0.0846436   9.80552
1.77464e+09   0.00895989  0.00298059 -0.00794319  0.284531 0.0839113   9.80671
1.77464e+09     0.0085999 -0.000502766   -0.0124502  0.285862 0.0554474   9.80083
1.77464e+09   0.00533608 -0.00197658 -0.00789011  0.284732 0.0605695   9.79444
1.77464e+09    0.00708918 -0.000795224  -0.00838032  0.275982 0.0920266   9.78746
1.77464e+09   0.00875521 -0.00141265  -0.0116322 0.271449 0.100267   9.7908
1.77464e+09   0.00546498 -0.00346512 -0.00511617 0.281483 0.106739  9.78813
1.77464e+09   0.00606433 -0.00404706 -0.00760971  0.281168 0.0958606   9.79122
1.77464e+09   0.00597136 -0.00301633  -0.0121955  0.289041 0.0875394   9.79833
1.77464e+09   0.00449026 -0.00328289 -0.00807545  0.292253 0.0893467   9.80019
1.77464e+09   0.00695719 -0.00418501  -0.0108232  0.289302 0.0881577   9.80342
1.77464e+09   0.00378782 0.000929265 -0.00639873  0.284155 0.0834527   9.80194
1.77464e+09   0.00494459 -0.00419255 -0.00883568  0.280855 0.0821708   9.81053
1.77464e+09   0.00711867 -0.00346734 -0.00706294  0.277614 0.0778458   9.80967
1.77464e+09   0.00366532 -0.00600968 -0.00739455   0.29375 0.0930651   9.80111
1.77464e+09   0.00534839 0.000955211 -0.00682614 0.294952 0.123918  9.79502
1.77464e+09  0.00459503 0.00276539 -0.0051166 0.287734  0.11987  9.79998
1.77464e+09   0.00500289  0.00203102 -0.00783675 0.274492 0.111893  9.80705
1.77464e+09    0.0051019 0.000165611 -0.00662271 0.259882 0.105196  9.81776
1.77464e+09    0.0103558 0.000679728 -0.00114203 0.237205  0.10955  9.82011
1.77464e+09   0.00542978 -0.00648715 -0.00259512  0.25028 0.110807  9.81945
1.77464e+09    0.0016273 0.000478378 -0.00124452  0.27361 0.108557  9.80968
1.77464e+09   0.00351477  0.00348766 -0.00419558 0.283599 0.114727  9.79511
1.77464e+09    0.0026705 0.000166171 -0.00277862  0.29083 0.106971   9.7845
1.77464e+09   0.00232852 -0.00226469 -0.00341404  0.281551 0.0900581   9.78636
1.77464e+09  0.000913559  0.00177044 -4.7951e-05 0.269522 0.092796  9.79062
1.77464e+09    0.0037663 0.000397662  0.00268704 0.273335 0.109965  9.79633
1.77464e+09   0.000663967  -0.00429895 -0.000291237 0.276599 0.110863  9.79804
1.77464e+09  -0.00211278 -0.00506085  0.00286115  0.28756 0.106019  9.80182
1.77464e+09   0.000687224  -0.00247539 -0.000807899 0.290316  0.11074  9.80351
1.77464e+09  0.000471385 0.000204396  0.00223562 0.287647 0.116227   9.7943
1.77464e+09  0.00293783 0.00129113 0.00369636 0.282971 0.116852  9.79749
1.77464e+09   0.0013722 -0.0060234  0.0031973 0.282038 0.124203  9.80227
1.77464e+09  0.00294993 0.00390278 0.00173263 0.296459 0.117643  9.80977
1.77464e+09  -0.000623369   0.00103096   0.00611965 0.300375 0.106771   9.8149
1.77464e+09  -0.00356683  0.00755558  0.00359265 0.301482 0.102866  9.83013
1.77464e+09  -0.00427134 9.86741e-05  0.00752631 0.284736 0.108699  9.82017
1.77464e+09   0.000287568 -0.000320772   0.00806844 0.275097 0.115878  9.80708
1.77464e+09  -0.00736639 0.000681257  0.00690282 0.260163  0.11942  9.80094
1.77464e+09  -0.00583632 0.000378442  0.00760563 0.244756 0.108988  9.80336
1.77464e+09  -0.00581376  0.00312408   0.0105633 0.256247 0.106497  9.79931
1.77464e+09   -0.00132283 -0.000741135   0.00534657 0.278065 0.101588  9.79888
1.77464e+09  -0.00268208 0.000574357  0.00352737  0.299958 0.0956513   9.81067
1.77464e+09   -0.0104504 9.07685e-05  0.00964428  0.278341 0.0897138   9.81648
1.77464e+09  -0.00731291  0.00559652  0.00500974  0.271518 0.0946887   9.81677
1.77464e+09  -0.00355601  0.00321938  0.00581284  0.274177 0.0818639   9.80401
1.77464e+09  -0.00629647  0.00112453  0.00659745  0.281415 0.0879868   9.79887
1.77464e+09  -0.0066611 0.00296445 0.00534631   0.30192 0.0905299   9.80453
1.77464e+09  -0.00289648 -0.00259369  0.00751723  0.297349 0.0887122   9.81081
1.77464e+09  -0.00622547 -0.00296421  0.00745084  0.294497 0.0834195   9.82298
1.77464e+09  -0.00686873  0.00231354  0.00797832  0.295726 0.0737989   9.81376
1.77464e+09  -0.00545414  -0.0009731 0.000979842  0.292541 0.0671349   9.80127
1.77464e+09   -0.00879461 -0.000890668   0.00839704  0.285147 0.0650667   9.80345
1.77464e+09  -0.00284375   0.0015364  0.00718348  0.276348 0.0701061   9.79879
1.77464e+09  -0.00741113  0.00129658  0.00571203  0.251555 0.0749353   9.79909
1.77464e+09  -0.00377048 -0.00200751 0.000641638  0.244757 0.0704326   9.80103
1.77464e+09  -0.00367618 0.000378091  0.00544512  0.254102 0.0620718    9.8034
1.77464e+09  -0.00245245   0.0026411  0.00667764  0.27465 0.052657  9.80352
1.77464e+09    -0.0105034 -0.000912729   0.00462449  0.288249 0.0574016   9.80347
1.77464e+09  -0.00348886  0.00196952  0.00987788 0.286392 0.065307  9.81266
1.77464e+09  -0.00109961  0.00139683  0.00420217   0.27423 0.0644321   9.81572
1.77464e+09  -0.00283072  -0.0022686  0.00179043  0.268386 0.0402945   9.80498
1.77464e+09  -0.00282747 -0.00211253  0.00624416 0.273471 0.047912  9.79903
1.77464e+09  -0.00461797 0.000843597  0.00415115  0.280981 0.0526241   9.79663
1.77464e+09  -0.00394655 -0.00351204   0.0048214  0.288249 0.0544002   9.79753
1.77464e+09   -0.00500317 -0.000472618   0.00487379  0.27942 0.055945  9.81046
1.77464e+09   -0.00331463 -0.000879382   4.1573e-05  0.267595 0.0529267   9.79494
1.77464e+09  -0.00278678 -0.00361305  0.00226003  0.254287 0.0682348    9.7953
1.77464e+09  -0.000443455  -0.00286228  0.000353359  0.252275 0.0631465   9.80165
1.77464e+09  0.00125021 0.00257945 0.00306844  0.269623 0.0509509   9.80953
1.77464e+09  0.00077963 0.00173693 0.00564007  0.283944 0.0546761   9.80927
1.77464e+09  0.000893523 -0.00209041 -0.00269996 0.28325 0.05679 9.81746
1.77464e+09   0.00112668 -0.00369875  0.00149092  0.280083 0.0595935   9.81691
1.77464e+09    0.00145351 -0.000663818  0.000860422  0.299142 0.0608204   9.81382
1.77464e+09    0.00168148 -0.000285483  0.000299003  0.304161 0.0526364   9.79876
1.77464e+09   0.00374057 -0.00186069  0.00104761  0.292334 0.0498903   9.79306
1.77464e+09   0.00669031  0.00106374 -0.00249365  0.279706 0.0516004   9.80707
1.77464e+09  0.00662612 0.00393635 -0.0051791  0.282387 0.0584038   9.81024
1.77464e+09  -0.00100027  0.00110615 0.000643302  0.280471 0.0841946   9.79208
1.77464e+09   0.00580371 -0.00136808 -0.00249457  0.265809 0.0813641   9.77242
1.77464e+09   0.00783704 -0.00747643 -0.00218692  0.264632 0.0819986   9.78062
1.77464e+09   0.00575712 -0.00211587 -0.00694366  0.265119 0.0616027   9.80022
1.77464e+09   0.00334485 -0.00465313 -0.00257864  0.263931 0.0582594    9.8183
1.77464e+09   0.00501892  -0.0025268 -0.00413457  0.246085 0.0514961   9.83542
1.77464e+09    0.00756253 -7.47511e-05   -0.0120373  0.249255 0.0403494   9.82322
1.77464e+09   0.00223695 -0.00405547 -0.00521174  0.256669 0.0421344   9.81626
1.77464e+09    0.00801688 -0.000876378  -0.00791596  0.263675 0.0482563   9.81087
1.77464e+09    0.00669084 -0.000193634  -0.00617845   0.28086 0.0398569   9.80353
1.77464e+09   0.00597319 -0.00500481 -0.00544008  0.295534 0.0647926   9.79904
1.77464e+09   0.00781336 0.000231861 -0.00968304  0.301431 0.0921522   9.78957
1.77464e+09    0.00744016 -6.55896e-05   -0.0047445  0.293437 0.0961694    9.7903
1.77464e+09   0.00962129 -0.00839876 -0.00933968 0.297004 0.105984  9.80215
1.77464e+09   0.00861779  0.00376375 -0.00982845 0.295417 0.114934  9.79681
1.77464e+09      0.00396  -0.0020497 -0.00672409 0.305398 0.108309   9.8013
1.77464e+09  0.00828173 0.00345084 -0.0139251  0.297023 0.0917896   9.79209
1.77464e+09   0.00322045 -0.00457406 -0.00633023  0.285693 0.0792648   9.79221
1.77464e+09   0.00885209 -0.00233071 -0.00997622  0.279573 0.0834145   9.79619
1.77464e+09    0.0100449 0.000989372  -0.0100004   0.28246 0.0894211   9.80746
1.77464e+09   0.00540154  0.00343394 -0.00978407 0.287493 0.103006  9.81064
1.77464e+09   0.00597548 -0.00558198  -0.0079973 0.286089 0.106974  9.80051
1.77464e+09   0.00563929 -0.00228013 -0.00502853   0.2766 0.112019  9.80124
1.77464e+09   0.00782095 -0.00445496 -0.00781022 0.260333 0.115761  9.80677
1.77464e+09   0.00390673 -0.00268993  -0.0114092  0.265835 0.0986689   9.79697
1.77464e+09   0.00672804  0.00326668 -0.00796129  0.288118 0.0784665   9.78885
1.77464e+09   0.00824016  0.00258227 -0.00896542 0.275065 0.077665  9.78768
1.77464e+09    0.00998813 -0.000576559  -0.00895532   0.26251 0.0878978    9.7748
1.77464e+09   0.00470505  0.00149247 -0.00422424 0.268687 0.107261  9.77282
1.77464e+09   0.000696121 -0.000279773  -0.00534419 0.262596 0.108766  9.78154
1.77464e+09   0.00419291  0.00376326 -0.00747463 0.255047 0.112317  9.79775
1.77464e+09    0.00138334 -0.000228185 -0.000940756 0.278789 0.121184  9.81005
1.77464e+09   0.00362331  0.00152335 -0.00214248 0.288242 0.115519  9.80046
1.77464e+09   0.00227667  0.00161543 -0.00132157 0.296076 0.111265  9.79679
1.77464e+09  -9.33773e-05 -0.000182665  -0.00330155 0.295016 0.111127  9.80112
1.77464e+09   0.00292791  0.00253455 -0.00579364 0.284199 0.102132  9.79961
1.77464e+09  -0.00055881  0.00330986  0.00143576  0.272304 0.0973197   9.79835
1.77464e+09    0.00219202   0.00407902 -0.000286569  0.288711 0.0950385    9.8023
1.77464e+09  -0.000225624   0.00354861  -0.00314918  0.293642 0.0984747     9.801
1.77464e+09   -0.00112958   0.00145557 -0.000460127 0.279548 0.100085  9.79342
1.77464e+09  -0.00172657 -0.00472424  0.00110109 0.281211 0.102694  9.78628
1.77464e+09   0.000733544 -0.000588357  -0.00215355 0.282485 0.103035  9.78701
1.77464e+09  -0.00297011  0.00271247  0.00724206 0.281983 0.120075  9.78822
1.77464e+09    -0.0070863 -0.000270817 -0.000168685 0.271438 0.123991  9.79026
1.77464e+09  -0.00525798 -0.00156357  0.00610629  0.25743 0.112655  9.79183
1.77464e+09   0.00194615 0.000981343 0.000742598 0.235058 0.109688    9.788
1.77464e+09  -0.00520428  0.00269284 -0.00102383 0.240576 0.121198  9.79691
1.77464e+09  -0.00362879 -0.00344664  0.00420103 0.252286 0.119782  9.80379
1.77464e+09  -0.00111705  -0.0034418  0.00485095 0.272154 0.108461  9.79872
1.77464e+09  -0.00342072  0.00125848  0.00224421 0.270114   0.0998  9.78927
1.77464e+09   -0.0066148 0.000396817  0.00857529  0.258086 0.0882721   9.79446
1.77464e+09  -0.00428531  0.00454734  0.00848321  0.267042 0.0804934   9.80596
1.77464e+09  -0.00823726 0.000202582  0.00725158  0.278605 0.0823792   9.82094
1.77464e+09  -0.00424961 -0.00211578  0.00790682  0.286177 0.0968431   9.81795
1.77464e+09  -0.00254991 -0.00225175  0.00825896  0.283523 0.0884781   9.80954
1.77464e+09  -0.00582835 0.000203119   0.0052655  0.283579 0.0880194   9.79344
1.77464e+09  -0.00645584 0.000208215   0.0092504  0.276037 0.0912292   9.78693
1.77464e+09   -0.00179145 -0.000841527   0.00594477  0.263271 0.0910986    9.8045
1.77464e+09   -0.0065394 -0.00586542  0.00504776  0.253827 0.0874897   9.82051
1.77464e+09  -0.00603566 0.000880881  0.00956218  0.262622 0.0876031   9.82445
1.77464e+09  -0.00369016  0.00106212  0.00565372 0.269842 0.100238  9.81123
1.77464e+09  -0.00397155 -0.00244528  0.00768414 0.278066 0.097182  9.80772
1.77464e+09   -0.00457733 -0.000403944    0.0078547  0.294719 0.0782672   9.81293
1.77464e+09  -0.00429497 -0.00746972  0.00927129  0.292179 0.0927901   9.81571
1.77464e+09   -0.00847911 -0.000207769   0.00643651  0.281799 0.0951726   9.80928
1.77464e+09  -0.00483991 -0.00201861   0.0068935  0.289048 0.0805603   9.79014
1.77464e+09  -0.00545591  -0.0028499  0.00994324  0.294886 0.0817611   9.78859
1.77464e+09  -0.00209377 6.89798e-05    0.010705  0.292957 0.0515505   9.79658
1.77464e+09  -0.00790619 -0.00449403  0.00892503  0.293419 0.0506929   9.80557
1.77464e+09  -0.000954073 -0.000343452   0.00765266  0.280688 0.0640135   9.79864
1.77464e+09   -0.00297635 -0.000360075   0.00817823  0.263614 0.0692384   9.80489
1.77464e+09  -0.00360998 -0.00229646   0.0103045  0.283862 0.0581732   9.80454
1.77464e+09  -0.00162001 -0.00179459  0.00796793  0.282773 0.0513578   9.80158
1.77464e+09   0.000382558 -5.28844e-05   0.00837278  0.275352 0.0492322   9.80438
1.77464e+09  -0.00539384  0.00155028  0.00356335  0.261914 0.0519218   9.80689
1.77464e+09   -0.004663 0.00108939 0.00476558  0.261163 0.0509537   9.80263
1.77464e+09  -0.00309135  0.00330837  0.00471706  0.269035 0.0487488   9.80509
1.77464e+09  0.000791848 -0.00679973   0.0046613  0.272941 0.0668448   9.80369
1.77464e+09   0.00292944   0.0041611 -0.00099252  0.286821 0.0747892   9.80744
1.77464e+09   -0.00305012 -0.000482174   0.00538172  0.311771 0.0643581   9.81567
1.77464e+09  2.93506e-05 -0.00249711  0.00172558   0.32082 0.0576046   9.81093
1.77464e+09  -0.000452012  -0.00333283 -0.000946794  0.308845 0.0638347   9.80704
1.77464e+09   0.000306768 -0.000287506   0.00291208  0.291153 0.0691517   9.79848
1.77464e+09   0.00172498 8.50498e-05 -0.00147961  0.279626 0.0730618   9.80723
1.77464e+09   0.00162363 -0.00623509    0.002717  0.285696 0.0768072   9.81798
1.77464e+09   0.00153155 -0.00147864  0.00246948 0.286127 0.087578   9.8269
1.77464e+09    0.00351383 -0.000354293  -0.00449124  0.279819 0.0723693   9.81355
1.77464e+09   0.00345132 0.000609632 0.000605951  0.282665 0.0601434   9.81915
1.77464e+09   0.00256207  0.00205244 -0.00519634  0.276691 0.0612225   9.82167
1.77464e+09    0.0019718 0.000579043   -0.004237  0.286599 0.0628565   9.81998
1.77464e+09   0.00481739  0.00267274 -0.00565509  0.292183 0.0651846   9.81147
1.77464e+09    0.0031277 -0.00328312 -0.00762588 0.298802 0.065326  9.81878
1.77464e+09   0.00351895 0.000657676 0.000887276  0.296165 0.0732917   9.80773
1.77464e+09    0.0051314  -0.0021416 -0.00384527  0.29721 0.071371  9.79564
1.77464e+09   0.00519945  0.00107585 -0.00516242   0.30276 0.0766405   9.80862
1.77464e+09    0.0059158 -0.00115453 -0.00902514  0.295375 0.0757583   9.81588
1.77464e+09    0.00593474 -0.000153383  -0.00847623  0.300402 0.0730635   9.82848
1.77464e+09   0.00380321 -0.00386265 -0.00871959  0.281854 0.0877237   9.81774
1.77464e+09   0.00865019  0.00122553 -0.00722251  0.271295 0.0977997   9.80367
1.77464e+09    0.0023734 -0.00301245 -0.00887548  0.273052 0.0951212   9.79761
1.77464e+09   0.00808866  0.00326418 -0.00931823 0.287769  0.10475   9.7994
1.77464e+09   0.00893451 0.000782661 -0.00747624 0.306616 0.102738  9.79775
1.77464e+09  0.00839165 0.00171214 -0.0133134  0.308146 0.0898739   9.78231
1.77464e+09    0.00302285 -0.000495188   -0.0087326  0.293944 0.0950518   9.77752
1.77464e+09  0.00914554 0.00192902 -0.0152169  0.287153 0.0827562   9.78787
1.77464e+09   0.0044292 0.00112204 -0.0146738  0.266978 0.0905011   9.79584
1.77464e+09   0.00709674 -0.00100479 -0.00964562 0.255864 0.106046  9.80264
1.77464e+09    0.0103843   0.0024671 -0.00705548 0.286187 0.117806  9.81255
1.77464e+09  0.00664088 0.00388014 -0.0143102 0.298342 0.120085  9.81491
1.77464e+09    0.00588479 -0.000445166   -0.0119813  0.290464 0.0721512   9.81305
1.77464e+09    0.00496473 -5.11278e-05  -0.00959338  0.293285 0.0613923   9.81387
1.77464e+09   0.00579342 0.000630847 -0.00787782  0.287554 0.0647973    9.8083
1.77464e+09     0.005801  0.00482617 -0.00806504  0.282477 0.0819724   9.80437
1.77464e+09    0.0027321 0.000201854  -0.0133628  0.278088 0.0956597   9.79645
1.77464e+09   0.00718024  0.00423118 -0.00701103  0.280409 0.0981678   9.78292
1.77464e+09   0.00333567  0.00441739 -0.00709937  0.279852 0.0976024   9.77983
1.77464e+09      0.001744 -0.000342387    -0.010364 0.285621 0.110884  9.76618
1.77464e+09   0.00439731 -0.00189907 -0.00631996 0.276595 0.109449  9.76909
1.77464e+09    0.00459864 -0.000232658  -0.00600709 0.271776 0.101142  9.77908
1.77464e+09   0.00506916  0.00227232 -0.00261517  0.269064 0.0942405   9.78931
1.77464e+09  0.000858329 -0.00329081  -0.0076717 0.280893 0.104572  9.78878
1.77464e+09  0.000505174 -0.00367793  -0.0083301  0.27609 0.121061  9.79155
1.77464e+09  -0.00017714  0.00105381  5.2649e-05 0.274306 0.113847  9.79857
1.77464e+09  0.0018264 0.0020566 -0.010094 0.270248  0.11505  9.81015
1.77464e+09    0.00137357 -0.000305391  -0.00174669 0.265902 0.108484  9.81944
1.77464e+09   -0.00188209  7.06622e-05 -0.000684082 0.276188 0.118816  9.81452
1.77464e+09   0.00404523  0.00467161 -0.00481892 0.274283 0.120797  9.80789
1.77464e+09  0.000412934 -0.00215639  0.00403331 0.271911 0.122332  9.81023
1.77464e+09  -0.00102392 -0.00534678 -0.00044934 0.271922 0.116941  9.82722
1.77464e+09    -0.0024544  -0.00421546 -0.000996248 0.270203 0.112658  9.82365
1.77464e+09  -0.000294806  -0.00820885    0.0008527 0.277987 0.105511  9.81636
1.77464e+09  -0.00493021 -0.00262939  0.00288562 0.291871 0.103328  9.79988
1.77464e+09  -0.00361654 -0.00171082  0.00617224  0.285424 0.0976217   9.79005
1.77464e+09  -0.000942852  0.000793762   0.00549456  0.286699 0.0807999   9.79431
1.77464e+09  -0.00196083 -0.00310663  0.00673408  0.288701 0.0731124   9.79085
1.77464e+09   -0.0033184 0.000553266  0.00732223 0.282779 0.101901  9.80324
1.77464e+09  -0.00355014 -0.00412874  0.00358356 0.287877 0.105092  9.81558
1.77464e+09  -0.00153851 0.000940058  0.00683971  0.311837 0.0969856   9.81337
1.77464e+09  -0.00290239  0.00312494  0.00752808  0.313591 0.0889954   9.80323
1.77464e+09  -0.00453347 -0.00330893  0.00901264  0.300803 0.0886921   9.80332
1.77464e+09  -0.00372724 -0.00475229  0.00628803  0.25742 0.096048   9.8175
1.77464e+09  -0.00608289 -0.00323443  0.00702033  0.24815 0.079646  9.81675
1.77464e+09  -0.00352182 0.000151121  0.00708005  0.263966 0.0801349   9.80967
1.77464e+09  -9.84329e-05  0.000529181   0.00648784  0.284486 0.0905076   9.80707
1.77464e+09  -0.00671832 -0.00546354     0.01045   0.27703 0.0944483   9.81255
1.77464e+09  -0.00391844 -0.00106473   0.0110786 0.272955 0.104438  9.80949
1.77464e+09  -0.00363622  0.00228099  0.00897844  0.260153 0.0866367   9.80394
1.77464e+09  -0.00646633 -0.00680536  0.00541058  0.248386 0.0796844   9.79944
1.77464e+09   -0.00647847 -0.000715755    0.0124995   0.25959 0.0813516   9.80222
1.77464e+09  -0.00568256  0.00134117  0.00536788  0.294455 0.0757485   9.79991
1.77464e+09  -0.00234712 -0.00438928  0.00734887  0.278548 0.0746968   9.80226
1.77464e+09  -0.00246674  0.00262577  0.00986006  0.267975 0.0739527   9.79269
1.77464e+09  -0.00587566 -0.00051809  0.00800245  0.278065 0.0736257   9.80153
1.77464e+09  -0.00133082 -0.00157004  0.00805051  0.271664 0.0838437    9.8027
1.77464e+09  -0.00624218  0.00112177  0.00886995  0.273126 0.0848414   9.79451
1.77464e+09  -0.00525003  0.00149387     0.01069  0.285547 0.0814523   9.79365
1.77464e+09   0.00134157 -0.00385925  0.00258621  0.278313 0.0735541   9.80259
1.77464e+09  -0.00270214 -0.00359902  0.00377392  0.274609 0.0651574    9.7969
1.77464e+09  -0.00305063 -0.00157014  0.00695312  0.280038 0.0612575   9.79491
1.77464e+09  -0.00423778 -0.00409564  0.00545992  0.286363 0.0606927   9.80303
1.77464e+09  -0.00125458 -0.00428856  0.00445601  0.288289 0.0611606   9.79907
1.77464e+09  -0.00130536 -0.00305636  0.00532338 0.278446 0.067516  9.79804
1.77464e+09  -0.00134264 0.000402338 -0.00103477  0.281801 0.0666907   9.80138
1.77464e+09  -0.00202209 -0.00212698  0.00411849   0.30145 0.0678489   9.80963
1.77464e+09  -0.00192494 0.000757018  0.00568104  0.305454 0.0488629   9.81297
1.77464e+09  -0.00138124  0.00356599 0.000301999  0.288697 0.0491163   9.80099
1.77464e+09  0.000209599 0.000907951 0.000603916  0.272485 0.0553919    9.7965
1.77464e+09   -0.00298398 -0.000873253  -0.00189767  0.284271 0.0569303   9.80776
1.77464e+09  0.000864107 -0.00101511  0.00266932  0.293456 0.0652061   9.81148
1.77464e+09  0.000518452  0.00173638 -0.00183718  0.297076 0.0651484   9.81152
1.77464e+09   0.00130499  0.00241378 -0.00037621  0.292574 0.0596186    9.8108
1.77464e+09    0.00224192 -0.000235383  -0.00505659  0.303478 0.0434052   9.79917
1.77464e+09  0.00370195  0.0026145  0.0031545  0.314405 0.0447416   9.79369
1.77464e+09   0.00240954  0.00432648 -0.00312391  0.318272 0.0558472   9.79906
1.77464e+09   0.00393471 0.000115499 -0.00395333 0.302414 0.051708  9.82068
1.77464e+09   0.00450851 -0.00275966 -0.00392052   0.29669 0.0467265   9.82151
1.77464e+09     0.002079 -0.00141075 -0.00239514   0.30224 0.0537482   9.81935
1.77464e+09  -0.000687282   0.00288444  -0.00475038  0.301443 0.0637986   9.81572
1.77464e+09   0.00286487  0.00187149 -0.00509401  0.298826 0.0499892   9.79637
1.77464e+09   0.00195605 -0.00626372 -0.00408266  0.292414 0.0631546   9.79222
1.77464e+09   0.00746779 0.000297852 -0.00554973  0.271571 0.0678226   9.79622
1.77464e+09   0.00505006 0.000730573 -0.00784955 0.267415 0.080327  9.78695
1.77464e+09   0.00550174 0.000262496 -0.00762735  0.263421 0.0819356   9.78867
1.77464e+09   0.00444519 -0.00162165 -0.00641016  0.258418 0.0857263   9.79901
1.77464e+09  0.00176596 0.00386989 -0.0108171  0.260456 0.0853926   9.80373
1.77464e+09  0.00609377 0.00266155 -0.0101325  0.272022 0.0802336   9.80674
1.77464e+09   0.00471588   0.0026215 -0.00594531  0.280791 0.0640803   9.81227
1.77464e+09   0.00665939  0.00121186 -0.00916721  0.279427 0.0733362    9.8179
1.77464e+09    0.0107007 -0.00106133  -0.0118867  0.272215 0.0798987   9.79708
1.77464e+09   0.00581198 -0.00165136 -0.00858047   0.27562 0.0810094   9.78777
1.77464e+09   0.00573905  0.00240581 -0.00957777  0.284939 0.0804037   9.79697
1.77464e+09    0.00731558 -0.000471099   -0.0137664  0.277065 0.0650312   9.80822
1.77464e+09   0.00627123  -0.0046779 -0.00854241  0.253973 0.0668788   9.81455
1.77464e+09   0.00704219 -0.00179606  -0.0118737   0.25007 0.0794302   9.82497
1.77464e+09   0.00459918 0.000454479 -0.00938846 0.25616 0.08501 9.81404
1.77464e+09   0.00320062  0.00107424 -0.00850934 0.274235 0.102221  9.81376
1.77464e+09    0.00847775 -7.67806e-05  -0.00512784 0.303367 0.102276  9.81247
1.77464e+09   0.00319956 0.000277752 -0.00878797  0.306842 0.0936334   9.79838
1.77464e+09  0.000758069  0.00116843 -0.00573975 0.295568 0.103605  9.80389
1.77464e+09   0.0060948   0.006799 -0.0101085 0.287573 0.114012  9.80885
1.77464e+09   0.00640182 -0.00270101 -0.00527869 0.286202 0.121436   9.8185
1.77464e+09  0.00385119 0.00365747 -0.0097687 0.288582 0.124236  9.81391
1.77464e+09   0.00722379 -0.00138071 -0.00346109 0.294709 0.117458  9.81201
1.77464e+09  0.00506098 0.00161819 -0.0080353 0.284579 0.111606  9.80982
1.77464e+09    0.00303364 -0.000661475  -0.00514511 0.272352 0.105459  9.78978
1.77464e+09   0.000506976 -7.90951e-06  -0.00452236  0.253582 0.0872881   9.77643
1.77464e+09    0.0023994   0.0026426 -0.00722346   0.25146 0.0982869   9.78503
1.77464e+09  0.00526106 0.00237815 -0.0046968  0.264299 0.0972676   9.80201
1.77464e+09    0.00499569 -0.000262646  -0.00238619  0.280844 0.0974431   9.80269
1.77464e+09    0.00085052 -1.66958e-05  -0.00314195  0.292314 0.0945378   9.79713
1.77464e+09    0.00144063 -0.000387288  -0.00338676  0.276809 0.0941209   9.79285
1.77464e+09    0.0043369 -0.00231941 -0.00124148 0.276014 0.112983  9.78979
1.77464e+09   0.00239071 -0.00259966 -0.00281174 0.281431 0.111161  9.80118
1.77464e+09   0.0021922 0.00239944 -0.0024562 0.282504  0.12145  9.80141
1.77464e+09  9.69081e-05 -0.00524137  0.00395111 0.277031 0.114453  9.80542
1.77464e+09   -0.00120763 -0.000731588    0.0018643 0.275512 0.105824  9.82104
1.77464e+09  -0.00247182 -0.00201085  0.00170713 0.267277 0.109495  9.82336
1.77464e+09  -0.00238245  0.00120039 9.15091e-05   0.2738 0.126988  9.82498
1.77464e+09  -0.00252913 -0.00475416 -0.00312452 0.270989 0.122962  9.82543
1.77464e+09  2.04326e-05 0.000991413  0.00181976 0.268257 0.121068   9.8094
1.77464e+09  -0.00181721  0.00224712  0.00199946 0.277512 0.104081  9.80424
1.77464e+09  0.000128726  0.00268616 7.27344e-05   0.27794 0.0932881   9.80138
1.77464e+09   -0.0048242 -0.00101206  0.00291344 0.276931  0.10055  9.81093
1.77464e+09  -0.00358854 -0.00219719  0.00562212  0.285203 0.0978627   9.81527
1.77464e+09  -0.00345784  0.00190879  0.00687964 0.292625 0.107576  9.80577
1.77464e+09  0.000424561  0.00380301  0.00609897  0.298031 0.0885964   9.79937
1.77464e+09   -0.0076057 -0.00397302  0.00772407  0.290684 0.0961603   9.78954
1.77464e+09  -0.00369755  -0.0034069   0.0133621 0.282487 0.102934  9.80394
1.77464e+09  -0.00424143  0.00114714  0.00634581  0.270142 0.0898929    9.8108
1.77464e+09  -0.00444578 -0.00495261   0.0104597 0.271559 0.104604  9.80303
1.77464e+09  -0.000928298  -0.00417955    0.0133266 0.279586 0.109302  9.80893
1.77464e+09  -0.00786669 -0.00378739   0.0084443  0.284492 0.0973792    9.8076
1.77464e+09  -0.00636805 -0.00322454  0.00950253  0.272124 0.0910009   9.79923
1.77464e+09  -0.000837964   0.00191842   0.00508536 0.275039 0.084477  9.79165
1.77464e+09   -0.00502636 -0.000781017   0.00630097  0.280787 0.0801325   9.78251
1.77464e+09  -0.00471126  -0.0036688  0.00969871  0.280435 0.0780718   9.80486
1.77464e+09  -0.00346391 -0.00299529   0.0113105  0.283402 0.0772804   9.82612
1.77464e+09    -0.004935 -0.00197737   0.0103034  0.289941 0.0848418   9.81718
1.77464e+09  -0.00217187   0.0015469  0.00522503  0.288992 0.0912856   9.80511
1.77464e+09  -0.00430242  0.00296668  0.00623305 0.288542 0.103986   9.8025
1.77464e+09  -0.00487232  0.00315138   0.0113339 0.276148 0.103854  9.79925
1.77464e+09  -0.00643306 -0.00240954  0.00661681  0.279531 0.0799568   9.79698
1.77464e+09  -0.00738246  -0.0019097  0.00317298  0.280327 0.0717333   9.80166
1.77464e+09   -0.00588806 -0.000743727   0.00628965  0.286391 0.0676773   9.80434
1.77464e+09   -0.0056194 0.000680916  -0.0007089   0.29735 0.0605545   9.80349
1.77464e+09    0.00014874 -0.000156406   0.00587634  0.284042 0.0655952   9.80223
1.77464e+09   -0.00554007 -7.32141e-05   0.00444886  0.274653 0.0733086   9.80132
1.77464e+09  -0.00352034 -0.00338536  0.00378536  0.284659 0.0738061   9.79542
1.77464e+09  -0.00499409 -0.00206232  0.00295148  0.291112 0.0627591   9.80703
1.77464e+09  -0.00165633 -0.00236112  -0.0016841  0.293912 0.0531198    9.8091
1.77464e+09  -0.00373162 -0.00135774  0.00251032  0.276116 0.0525334   9.81004
1.77464e+09  -0.00291119 -0.00068086  -0.0007264  0.263293 0.0574778    9.8194
1.77464e+09  -0.00614801 -0.00406519  0.00144264  0.258124 0.0611191   9.81977
1.77464e+09  -0.00316923 -0.00122301 -0.00276602  0.249445 0.0716657   9.82298
1.77464e+09  0.000497855 -0.00304573  -0.0016222  0.257689 0.0664368   9.81571
1.77464e+09  -0.00228825  0.00125758 0.000442081   0.27453 0.0766922   9.80629
1.77464e+09  -0.00345888 -0.00418054 -0.00335153  0.281184 0.0803188   9.80488
1.77464e+09   -0.00331553 -0.000790455  -0.00229294 0.288876 0.059422  9.81033
1.77464e+09    0.0025302  0.00235973 -0.00622949  0.287354 0.0627382   9.81312
1.77464e+09   0.00312138 -0.00144971 -0.00515427  0.276849 0.0713424   9.81177
1.77464e+09  0.000568697   0.0016948 -0.00570869  0.268127 0.0736771   9.79987
1.77464e+09    0.00361612 -0.000291876   -0.0013552  0.262301 0.0713239   9.79181
1.77464e+09   0.00310719  -0.0090777 -0.00306213   0.27129 0.0523428    9.7881
1.77464e+09   0.00176187 -0.00348095 -0.00705615  0.268621 0.0483075   9.79225
1.77464e+09    0.00291446 -0.000130768  -0.00322172 0.268863 0.057022  9.80228
1.77464e+09   0.00209346 -0.00303831  -0.0017816  0.284522 0.0743054   9.81137
1.77464e+09    0.00193639 -0.000447588  -0.00713976  0.290985 0.0758148   9.82075
1.77464e+09   0.00524525 -0.00334042 -0.00635037  0.285982 0.0643886   9.81009
1.77464e+09   0.00037269  0.00306451 -0.00537257  0.27719 0.062694  9.79435
1.77464e+09    0.00323289 -5.96323e-05  -0.00715937  0.267991 0.0704169   9.80081
1.77464e+09    0.00482239  -0.00068164 -0.000672201  0.265109 0.0652231   9.82597
1.77464e+09   0.00466392  0.00115698 -0.00228037  0.267562 0.0711061   9.83114
1.77464e+09    0.0049326   0.0037585 -0.00710939  0.285541 0.0620239   9.83254
1.77464e+09   0.00616459 6.78971e-06  -0.0026308  0.290527 0.0540281   9.81936
1.77464e+09   0.00710001 -0.00128041 -0.00575849  0.292379 0.0618029   9.81339
1.77464e+09   0.00590454 -0.00041274 -0.00419659 0.302915 0.073486  9.83047
1.77464e+09   0.00557654 -0.00261756 -0.00591385  0.302044 0.0848197   9.84447
1.77464e+09   0.00279118 -0.00350999 -0.00406673  0.284008 0.0854875   9.83845
1.77464e+09   0.00446173 -0.00211781 -0.00161334  0.281751 0.0745728   9.80376
1.77464e+09   0.00477614 0.000805364 -0.00673558  0.272001 0.0701491   9.78164
1.77464e+09   0.00673558 -0.00025422 -0.00277353  0.262987 0.0743859   9.78014
1.77464e+09    0.00706295 -0.000859134  -0.00968168  0.262353 0.0764738   9.79503
1.77464e+09   0.00352549 -0.00279276 -0.00241948  0.274794 0.0879051   9.80977
1.77464e+09   0.00354797 -0.00141444 -0.00496213  0.281251 0.0835636    9.8107
1.77464e+09   0.00648236  0.00157179 -0.00395269  0.290506 0.0936453    9.8018
1.77464e+09   0.00616811  0.00385207 -0.00610574 0.295279 0.104604  9.78846
1.77464e+09   0.00562255  0.00118061 -0.00127163   0.30073 0.0957863   9.77937
1.77464e+09   0.00622318  0.00325118 -0.00422993   0.27737 0.0914124   9.79588
1.77464e+09   0.00358627  0.00101065 -0.00289082 0.263378 0.094465  9.80042
1.77464e+09   0.00373602  0.00560346 -0.00476112  0.263207 0.0928376   9.80633
1.77464e+09   0.00420313 -0.00266259 -0.00689264  0.253792 0.0877073   9.80819
1.77464e+09     0.0066027 -0.000412476  -0.00765469  0.262298 0.0828367   9.79627
1.77464e+09    0.00271132 -2.65876e-06  -0.00371048   0.25325 0.0960172    9.7916
1.77464e+09   0.00425942 -0.00267254 -0.00678771  0.255926 0.0999384   9.78846
1.77464e+09   0.00428621 -0.00119177 -0.00489277  0.273911 0.0880579   9.78778
1.77464e+09     0.0029667 -0.000190915  -0.00382497  0.298137 0.0957969   9.78776
1.77464e+09   0.00213522 -0.00358645 -0.00482495 0.296486 0.115837  9.80042
1.77464e+09  -0.00146842 -0.00115342 -0.00243272 0.303212 0.124944  9.81638
1.77464e+09   0.00304626 -0.00465188 -0.00226412 0.294284  0.12959  9.81766
1.77464e+09   0.00263048  0.00394266 -0.00490325 0.287721 0.125077  9.80655
1.77464e+09   0.000635607 -0.000609341 -0.000391535 0.275054 0.120733   9.7986
1.77464e+09   0.00401087  -0.0024338 -0.00430925 0.267807 0.121278  9.79781
1.77464e+09   0.00415649   0.0018609 -0.00259601 0.285914 0.110729  9.79577
1.77464e+09  0.000996526 -0.00244224 -0.00216535 0.300909 0.127843  9.79353
1.77464e+09   0.00237172 -0.00112488 -0.00315645 0.311028 0.117879  9.81183
1.77464e+09    0.0021769  0.00165787 -0.00371318   0.29894 0.0981228    9.8089
1.77464e+09  2.59669e-05  0.00218888  0.00166646  0.290013 0.0995265   9.80661
1.77464e+09  -0.00165707 0.000154229   0.0031333  0.286165 0.0892697    9.8112
1.77464e+09  0.000202478 0.000370313 -0.00570742 0.273055 0.100455  9.80779
1.77464e+09   0.00108472 0.000425196 0.000293813 0.274304 0.119801  9.79901
1.77464e+09   -0.0013044  0.00151139 -0.00348587  0.27655 0.110389  9.79632
1.77464e+09  -0.00124748 -0.00184354  0.00357874 0.291567 0.100056  9.79646
1.77464e+09   -0.00389638   0.00345065 -0.000599362  0.289435 0.0936725   9.79027
1.77464e+09  -0.00138857 -0.00379207 -0.00272002 0.280861  0.09095  9.78133
1.77464e+09  -0.00167928 -0.00393489   0.0010506 0.273514 0.103567  9.76777
1.77464e+09  -0.00409343 -0.00685855  0.00110122  0.284964 0.0958639   9.76811
1.77464e+09   -0.00114867 -0.000512097   0.00284728 0.286584 0.104697  9.78992
1.77464e+09  -0.00297385  0.00553332  0.00868114 0.286027 0.109902  9.80934
1.77464e+09  -0.00191036  0.00283143  0.00686232  0.286348 0.0940977   9.81019
1.77464e+09   -0.00846289 -0.000442157   0.00685252  0.284499 0.0819156   9.79954
1.77464e+09   -0.00260508 -8.85818e-05   0.00831597  0.27613 0.077883  9.79341
1.77464e+09  -0.00336227  0.00240083  0.00344291  0.271278 0.0823481   9.79002
1.77464e+09  -0.00495801  0.00124734    0.007058 0.265692 0.083048  9.79577
1.77464e+09   -0.0038221 -0.00398849  0.00419146  0.270323 0.0761654   9.79689
1.77464e+09  -0.00282597  0.00131158  0.00959688  0.291169 0.0889629   9.79545
1.77464e+09  -0.00496953  0.00202445    0.008755  0.313152 0.0974464   9.80405
1.77464e+09  -0.00387156  0.00283102  0.00660851  0.317029 0.0927571   9.79955
1.77464e+09  -0.00396875 -0.00235724  0.00340861  0.302546 0.0787116   9.78053
1.77464e+09  -0.00367415  0.00197001   0.0100875  0.278866 0.0838942    9.7883
1.77464e+09  -0.000343182   0.00127616   0.00496047  0.283626 0.0877839   9.79295
1.77464e+09  -0.00549146 -0.00214993  0.00535883  0.282645 0.0838072   9.78678
1.77464e+09  -0.00403387  0.00109357  0.00575792  0.272748 0.0712297   9.78407
1.77464e+09  -0.00164811 0.000261185  0.00631415  0.276282 0.0573113   9.78915
1.77464e+09   -0.00164122 -0.000391053   0.00927505  0.284654 0.0615998   9.79606
1.77464e+09  -0.00271114  0.00860746  0.00643154  0.288912 0.0674218   9.80315
1.77464e+09  -0.000813014  0.000696156   0.00702976  0.302537 0.0806259   9.79849
1.77464e+09   0.000252262 -0.000677999   0.00713299  0.292891 0.0712379   9.79796
1.77464e+09   -0.00143797 -0.000330568   0.00522311  0.289115 0.0642522   9.80323
1.77464e+09  -0.00543457  0.00062485  0.00345621 0.279224 0.052054  9.80817
1.77464e+09  -0.00202468 -0.00218687  0.00194045  0.277941 0.0513612    9.8179
1.77464e+09  0.00146854 0.00118856 0.00547238  0.272749 0.0570241   9.82415
1.77464e+09  0.000963658 -0.00426252  0.00592761  0.260275 0.0642237   9.82968
1.77464e+09  -0.00114158 -0.00230443  0.00319247  0.265887 0.0563262   9.81869
1.77464e+09   -0.00203701 -8.58292e-05   0.00108749 0.272726 0.045093  9.81493
1.77464e+09  -0.00139206  0.00357603  0.00689211 0.283976 0.044639  9.81388
1.77464e+09   0.00069514 -0.00292263  0.00337716  0.300096 0.0503884   9.80422
1.77464e+09  -0.000261818   0.00424318   0.00570866  0.286965 0.0572674   9.79437
1.77464e+09   0.00124725  0.00358536 -0.00487663  0.290759 0.0583316   9.79139
1.77464e+09  -9.44281e-05 -8.06035e-05   0.00174296 0.292161 0.058651   9.7862
1.77464e+09  -0.00242351 -0.00474148  0.00208032  0.278548 0.0648005   9.79316
1.77464e+09  0.00269055 0.00196382  0.0004756  0.272256 0.0647666   9.79366
1.77464e+09  -4.43643e-05 -0.000477121  -0.00316581  0.273451 0.0686787   9.79488
1.77464e+09   0.00028881 -0.00230956 -0.00388252  0.241716 0.0547584    9.8077
1.77464e+09   0.00088384  0.00414589 -0.00714971  0.237523 0.0510282   9.80877
1.77464e+09   0.00422728  0.00485744 -0.00244478  0.263354 0.0724769   9.80854
1.77464e+09   0.00370571  0.00260462 -0.00746653  0.273548 0.0714455   9.80394
1.77464e+09   0.00335111  0.00291601 -0.00116661  0.275309 0.0580642   9.81002
1.77464e+09   0.00725475 0.000641499 -0.00677711  0.280272 0.0700353   9.82014
1.77464e+09   0.00136306 0.000868925  -0.0025879 0.286057 0.070802   9.8162
1.77464e+09    0.00423784 -0.000258808   -0.0046851 0.275834 0.087139  9.82416
1.77464e+09   0.00295745  -0.0013094 -0.00547174  0.285013 0.0892251   9.83038
1.77464e+09    0.00409462 -0.000844511  -0.00511524  0.289125 0.0808099   9.82406
1.77464e+09   0.00454265  0.00183982 -0.00505082  0.283001 0.0660738   9.80544
1.77464e+09   0.00414898 -0.00313319 -0.00779044   0.27397 0.0717273   9.80439
1.77464e+09   0.00305099 -0.00139089 -0.00825953  0.261288 0.0730821   9.80389
1.77464e+09    0.0021209 -0.00180583  -0.0125416  0.274611 0.0667829   9.79771
1.77464e+09   0.00273341  0.00077258 -0.00440584  0.292804 0.0558241   9.80217
1.77464e+09    0.00337819 -0.000399256  -0.00983915  0.296747 0.0640588   9.80178
1.77464e+09   0.00413177 -0.00320141 -0.00978463  0.297086 0.0658546    9.8031
1.77464e+09   0.00604869 -0.00364244  -0.0108128  0.289698 0.0728307   9.80127
1.77464e+09   0.00823667 -0.00455674 -0.00514206  0.277619 0.0747985   9.78054
1.77464e+09   0.00395265 0.000566466 -0.00809722  0.276955 0.0856947   9.78376
1.77464e+09   0.00789169  0.00118825 -0.00990768  0.269881 0.0836877   9.79668
1.77464e+09   0.00915752  0.00149476 -0.00833031  0.268857 0.0783954   9.80008
1.77464e+09   0.00748427   0.0026272 -0.00239441  0.286064 0.0848551   9.79251
1.77464e+09  0.000927243 0.000711824  -0.0103012  0.278877 0.0913471   9.79429
1.77464e+09   0.00566642 -0.00245841  -0.0084804  0.274331 0.0935492   9.80016
1.77464e+09   0.00499233 -0.00394108 -0.00538379 0.287656 0.102891  9.79946
1.77464e+09    0.00326432 -0.000165285  -0.00839044 0.298082 0.118348   9.8031
1.77464e+09   0.00770084 0.000262973 -0.00514961 0.302935 0.120604  9.80966
1.77464e+09   0.00693078 0.000249451  -0.0116426 0.299123 0.115756  9.79804
1.77464e+09  0.000931927 -0.00116644 -0.00195089 0.302532  0.10634  9.77508
1.77464e+09  0.000804486 -0.00164138 -0.00418612  0.296987 0.0970653   9.77938
1.77464e+09   0.00708615    0.003176 -0.00336636 0.292943 0.111411  9.78276
1.77464e+09  8.88873e-05  -0.0053128 -0.00510564 0.280609 0.108529  9.78517
1.77464e+09    0.0014088 -0.00388064  -0.0051903 0.267576 0.105536  9.80208
1.77464e+09   0.00264705 0.000502073 -0.00329236 0.259165  0.10798  9.81058
1.77464e+09    0.00108718 -0.000305614   -0.0027853  0.26252 0.105205  9.81355
1.77464e+09  -0.00134561  0.00428222 -0.00269461  0.27037 0.117469  9.79654
1.77464e+09   0.00501533  0.00547668 -0.00192062  0.27545 0.131008  9.79936
1.77464e+09    0.00403984   0.00308318 -3.65113e-05 0.270875 0.118854   9.8148
1.77464e+09   0.00278332 -0.00636162 -0.00115138  0.25626 0.124322  9.82595
1.77464e+09   0.00217908 -0.00026395 -0.00116445 0.255234   0.1072  9.82695
1.77464e+09   0.00118919 -0.00203348 -0.00200039  0.258031 0.0982981    9.8025
1.77464e+09  -0.00471775 -0.00138764  0.00213233  0.265833 0.0843831   9.78897
1.77464e+09   -0.00238028    0.0016354 -0.000823428  0.279054 0.0709539   9.79452
1.77464e+09   -0.00281254  -0.00586785 -0.000602343  0.277014 0.0827655   9.79305
1.77464e+09  -0.0023133 -0.0015767 0.00230185  0.272382 0.0950764   9.78426
1.77464e+09    0.00338384 -0.000164269   0.00118106 0.263309 0.103985  9.78887
1.77464e+09  -0.00187678 -0.00194511 0.000198834 0.268842 0.119849  9.81151
1.77464e+09  0.00047033 0.00150514 0.00160238 0.287791 0.113929  9.80904
1.77464e+09  -0.00233594 0.000592395  0.00448515 0.299819 0.113394  9.80872
1.77464e+09  -0.00198559 -0.00221445  0.00504462 0.300776 0.112474  9.81065
1.77464e+09  -0.00600247 -0.00118268  0.00225725 0.293754 0.109363  9.81059
1.77464e+09   0.000305227 -0.000301718  0.000803028 0.292881 0.110114  9.81533
1.77464e+09   -0.00193101 -0.000670591    0.0069299  0.305045 0.0991507   9.81907
1.77464e+09  -0.00547209 -0.00207473  0.00351073  0.314127 0.0934298   9.82998
1.77464e+09  -0.00139332 0.000507902  0.00784124  0.304043 0.0994822   9.82584
1.77464e+09  -0.00834097  -0.0041178  0.00484614   0.28967 0.0943142   9.81029
1.77464e+09  -0.00462027 -0.00260753   0.0042773  0.292812 0.0953484   9.79181
1.77464e+09   0.000850819   0.00306465 -0.000292384  0.282656 0.0880112   9.79581
1.77464e+09  -0.00463852   0.0017525  0.00568071  0.276817 0.0898748   9.79169
1.77464e+09  -0.00510784 -0.00569531  0.00633382  0.266013 0.0928234    9.7836
1.77464e+09  -0.000628209   0.00331031    0.0077845  0.261282 0.0842101   9.78266
1.77464e+09   -0.0029296 -0.00163259  0.00609558  0.268467 0.0768362   9.78268
1.77464e+09  -0.00271748 0.000698309  0.00662159    0.2677 0.0808064   9.80458
1.77464e+09  -0.00248418 -0.00069133  0.00437542   0.25779 0.0807301   9.81556
1.77464e+09  -0.00617614  -0.0001112  0.00372327  0.264479 0.0899149   9.81767
1.77464e+09  -0.0060717 -0.0023413 0.00653364  0.270439 0.0860669   9.81035
1.77464e+09  -0.00304053  0.00175233  0.00310893  0.270952 0.0817624   9.80468
1.77464e+09  -0.00450104 -0.00358051   0.0041952  0.281585 0.0746058   9.80626
1.77464e+09  -0.00307022 8.98667e-05  0.00256131  0.276523 0.0629612   9.80377
1.77464e+09  -0.00281353  -0.0010791  0.00568959  0.262849 0.0618072   9.81265
1.77464e+09  -0.00484397 -0.00332875  0.00423278  0.266262 0.0709434   9.82029
1.77464e+09   0.00140307 -0.00130122  0.00122713  0.283333 0.0718386   9.81464
1.77464e+09   -0.00319997 -3.32275e-05   0.00582394  0.286122 0.0855266   9.81656
1.77464e+09  -0.00279953  0.00027971  0.00581921  0.286253 0.0803827    9.8255
1.77464e+09   -0.00130041 -0.000419486   0.00431071  0.300623 0.0794194   9.81638
1.77464e+09  0.000485493 -0.00120493  0.00122601  0.306801 0.0710875   9.81443
1.77464e+09  -0.00285371 -0.00305222  0.00601852  0.292818 0.0586453   9.80791
1.77464e+09    0.00107056 -0.000425229  0.000961845  0.278347 0.0811174   9.80835
1.77464e+09    0.00144337 -0.000553609   0.00357687  0.289229 0.0791478   9.80828
1.77464e+09  -0.00142072 -0.00137135 0.000974407  0.290133 0.0765367   9.81013
1.77464e+09  -0.00152318  0.00113778  0.00193866  0.277583 0.0776998   9.81578
1.77464e+09   0.00106013 -0.00157769 -0.00044331  0.283183 0.0646603   9.81479
1.77464e+09  -0.000342147 -0.000782933   0.00290721   0.28401 0.0479015   9.80274
1.77464e+09   0.00177864 0.000664592 -0.00318219 0.282588 0.045844   9.7955
1.77464e+09  -0.000292423  -0.00230132  -0.00465431  0.289574 0.0388763   9.79516
1.77464e+09    0.00133556 -0.000860954  0.000433461   0.30626 0.0384957   9.79547
1.77464e+09    0.00410303 -0.000964207  0.000724308 0.304332 0.048128   9.8123
1.77464e+09    0.00314877 -0.000625892   0.00191467  0.286152 0.0538362     9.819
1.77464e+09  0.00445346 0.00149298 0.00312678 0.268739 0.064413  9.82378
1.77464e+09   0.00416334  0.00222495 -0.00102208 0.272856 0.075336  9.81954
1.77464e+09   0.00380646  0.00350406 -0.00560818   0.26591 0.0612919   9.82333
1.77464e+09   0.00376316 -0.00263374 -0.00434673 0.256143 0.059331  9.82081
1.77464e+09    0.0033494  0.00204375 -0.00164379  0.244392 0.0527178   9.81249
1.77464e+09     0.0043797   -0.0023978 -0.000344394   0.24616 0.0540527    9.8122
1.77464e+09   0.00155203 -0.00067666 -0.00748996  0.257614 0.0637136   9.79954
1.77464e+09   0.00499781 -0.00100229 -0.00191171  0.272254 0.0677469   9.79925
1.77464e+09  0.000526018 -0.00227987 -0.00577564   0.27263 0.0710765   9.79411
1.77464e+09   0.00714578 -0.00436495 -0.00590754  0.277313 0.0604559   9.78485
1.77464e+09   0.00499016  0.00209073 -0.00435233  0.276915 0.0804036   9.78674
1.77464e+09   0.000329379 -0.000833552   -0.0018791  0.280178 0.0742426   9.79395
1.77464e+09   0.00593541   0.0039508 -0.00499912  0.292826 0.0743825   9.79098
1.77464e+09    0.00655455 -0.000908271  -0.00751212  0.287079 0.0774878   9.80409
1.77464e+09    0.00512719 -0.000465726  -0.00544427  0.291328 0.0625086   9.80551
1.77464e+09   0.00527009 -0.00184007 -0.00603783  0.275899 0.0711247   9.80074
1.77464e+09   0.00398396 0.000759076 -0.00447939 0.270409 0.076289  9.81519
1.77464e+09    0.00308213 -0.000699738  -0.00822599  0.277444 0.0755283    9.8208
1.77464e+09   0.00654312  0.00144114 -0.00681633 0.276508 0.094466  9.82733
1.77464e+09   0.00200736 -9.2577e-05 -0.00831156  0.282644 0.0988342   9.81763
1.77464e+09   0.00551347  0.00154704 -0.00668524  0.28446 0.101584  9.79791
1.77464e+09   0.00117634  0.00140733 -0.00808006 0.280692 0.101134   9.7903
1.77464e+09   0.00248993  -0.0010396 -0.00563508  0.274087 0.0963887   9.79184
1.77464e+09   0.00760154  0.00234801 -0.00846824  0.269289 0.0985211   9.80256
1.77464e+09   0.00463749 -0.00192288   -0.008994  0.272586 0.0905038   9.80605
1.77464e+09    0.00335683 -0.000725984   -0.0115877  0.285939 0.0781186   9.80163
1.77464e+09    0.0045624 -0.00193515 -0.00778227  0.279659 0.0881276   9.79956
1.77464e+09   0.00788403   0.0059493 -0.00806007  0.264312 0.0925555   9.79161
1.77464e+09   0.00156692  0.00226273 -0.00217003  0.263001 0.0859187   9.78388
1.77464e+09    0.0039428 -0.00066638 -0.00803818  0.259025 0.0880621   9.79886
1.77464e+09   0.00432826 -0.00376922 -0.00462414  0.278033 0.0852566   9.81692
1.77464e+09   0.00366291  0.00388968 -0.00877787  0.274103 0.0887448   9.80836
1.77464e+09   0.00103426 -0.00274474 -0.00346293  0.270597 0.0845778   9.80238
1.77464e+09  0.00282494 -0.0014475 -0.0015671  0.275472 0.0778271   9.80616
1.77464e+09  -0.000225528  0.000691525  -0.00490372  0.278767 0.0791974   9.81233
1.77464e+09     0.0021492 -0.000434882  -0.00805031  0.280013 0.0801132   9.81582
1.77464e+09   0.00202146 -0.00312086 -0.00744017  0.282006 0.0869174   9.80437
1.77464e+09   0.00313865  0.00307253 -0.00176485   0.28595 0.0789842   9.79619
1.77464e+09  0.000450933 -0.00057319  -0.0024296  0.293726 0.0849674   9.78187
1.77464e+09  -0.00199681 0.000548556 -0.00150949 0.280841 0.105378  9.79141
1.77464e+09  0.00221241 0.00136745 0.00351257 0.281726 0.109859  9.80246
1.77464e+09   0.00210375 0.000796522 -0.00326596 0.288605 0.110678  9.79921
1.77464e+09  5.33187e-05 -0.00171617 -0.00242267 0.283098 0.111226  9.78841
1.77464e+09  0.000644874  0.00198963  0.00188956 0.285549 0.109353   9.7884
1.77464e+09  -0.00144767  0.00257848  0.00206177  0.27022 0.111501  9.80044
1.77464e+09  -0.00180381 -0.00193169 -0.00415732 0.254091 0.120391  9.81552
1.77464e+09  -0.00130061 -0.00219247  0.00269796  0.25697 0.113038  9.83064
1.77464e+09  -0.00702513 -0.00140325 -0.00130119   0.2741 0.118176  9.82824
1.77464e+09  -0.00254201  -0.0019435  0.00111786  0.288223 0.0960986   9.82843
1.77464e+09  -0.000640186 -0.000407157   0.00605525  0.285178 0.0792325   9.83319
1.77464e+09  -8.43614e-05  -0.00155497   0.00222616  0.264646 0.0949783   9.82981
1.77464e+09  -0.00257168  0.00474183  0.00762964  0.258837 0.0950838    9.8273
1.77464e+09  -0.00689203 -0.00543356  0.00565322 0.264265  0.10698  9.82632
1.77464e+09  -0.00275825  -0.0012108  0.00835648 0.242991 0.109219  9.80441
1.77464e+09  0.000629044  0.00330769  0.00389444  0.246125 0.0975584   9.78513
1.77464e+09   -0.0012471 -0.00701737   0.0055094  0.264108 0.0972161   9.78491
1.77464e+09  -0.00604028 -0.00319149  0.00502871 0.269359 0.103499  9.78974
1.77464e+09  -0.000341961   -0.0041538   0.00505852 0.272494 0.102536  9.79989
1.77464e+09   -0.00238891 -0.000111036   0.00733822 0.278867 0.103341  9.80413
1.77464e+09  -0.00198105  0.00518241  0.00438971  0.288558 0.0813147   9.81554
1.77464e+09  -0.00519128  -0.0007685   0.0106533 0.297487 0.068531   9.8097
1.77464e+09  -0.00520452  -0.0011533  0.00839548  0.298209 0.0707047    9.7919
1.77464e+09  -0.000586361  -0.00178218    0.0071083  0.282891 0.0722788    9.7747
1.77464e+09  -0.00680909 -0.00080775  0.00420193  0.280351 0.0870288   9.77064
1.77464e+09  -0.00370642 -0.00334959  0.00414618  0.269725 0.0909334   9.76736
1.77464e+09   -0.00129747 -0.000555955    0.0103416  0.284832 0.0775232   9.77469
1.77464e+09  -0.00547538 -0.00104131  0.00415612  0.284791 0.0766895   9.78589
1.77464e+09   -0.00267495 -0.000126086   0.00673322  0.289727 0.0696637   9.79246
1.77464e+09  -0.00143335  0.00364145  0.00783848  0.292422 0.0785884   9.80173
1.77464e+09  -0.00256344 -0.00203175  0.00587041  0.293031 0.0825701   9.80663
1.77464e+09   -0.00299411 -0.000968251   0.00745611   0.27539 0.0876221   9.79721
1.77464e+09  -0.00357302  0.00155422  0.00990832   0.26963 0.0790686   9.77109
1.77464e+09   -0.0045859 -0.00385809  0.00339049  0.272933 0.0747381   9.77451
1.77464e+09   0.000697182 -0.000417462    0.0018367  0.259815 0.0662209   9.78288
1.77464e+09   -0.0030195 -0.00350365  0.00333737  0.265504 0.0808891   9.79315
1.77464e+09  -0.000297312  0.000256042   0.00166815  0.270703 0.0961508   9.79636
1.77464e+09  -0.00300037 -0.00010369  0.00409192  0.276866 0.0855472    9.7893
1.77464e+09  0.000869114 -0.00422313  0.00182555  0.295889 0.0791738   9.78869
1.77464e+09   -0.0031544 -0.00678287 -0.00116811  0.312041 0.0713374   9.78989
1.77464e+09  -0.00156395  0.00143919 0.000774605  0.293323 0.0681641    9.7955
1.77464e+09   0.00124785 -0.00505581  -0.0019468  0.273051 0.0675086   9.80032
1.77464e+09  0.000314246 0.000112208 -0.00115065 0.281369  0.05901  9.80772
1.77464e+09   0.00213753 0.000925513  0.00286143   0.28392 0.0724089   9.80181
1.77464e+09   0.00196516  0.00198813 9.22028e-05  0.290315 0.0573758   9.80195
1.77464e+09   0.00150228  0.00200666 -0.00203811  0.288585 0.0477806   9.79985
1.77464e+09    0.0014225 -0.00330568 0.000412706  0.286082 0.0427102   9.78271
1.77464e+09   0.00196411 0.000457696 -0.00328358  0.283266 0.0420636    9.7924
1.77464e+09     0.0032992  -0.00349744 -0.000461552   0.27887 0.0726026   9.79631
1.77464e+09   0.00383503 -0.00241159 -0.00316934  0.280606 0.0856623   9.80393
1.77464e+09   0.00495071 -0.00740229 -0.00716008  0.281143 0.0800375   9.80686
1.77464e+09    0.0022018 -0.00232796 -0.00350982   0.28474 0.0756957   9.81622
1.77464e+09   0.00191929  0.00483601 -0.00117987  0.287962 0.0633751   9.82016
1.77464e+09   0.00155394 -0.00498116 -0.00730144  0.282851 0.0600463   9.79643
1.77464e+09   0.00631036  0.00104683 -0.00384168  0.274493 0.0723059   9.77384
1.77464e+09  -0.000861741  -0.00414656  -0.00583364  0.284131 0.0727736   9.77794
1.77464e+09   0.00329182 0.000859376 -0.00653063 0.282506 0.068871  9.78554
1.77464e+09   0.00397618  -0.0029538 -0.00221829  0.303993 0.0572311    9.8003
1.77464e+09    0.00580875 -0.000617279  -0.00611066  0.291719 0.0648629   9.80709
1.77464e+09   0.00288334 -0.00593794  -0.0084638  0.286813 0.0754558   9.79792
1.77464e+09     0.0073175 -0.000756201  -0.00692052  0.284722 0.0685892   9.79223
1.77464e+09   0.00438629  0.00102405 -0.00432067  0.275828 0.0744015   9.80566
1.77464e+09   0.00730174 -0.00364501 -0.00669653  0.276919 0.0580146   9.80806
1.77464e+09   0.00408101 -0.00713512  -0.0097984  0.276565 0.0556873   9.80505
1.77464e+09   0.00213229  -0.0028607 -0.00610164  0.299835 0.0746999   9.80465
1.77464e+09  0.00923007 0.00508474 -0.0116305  0.301951 0.0859163   9.81303
1.77464e+09    0.00543919 -0.000371933  -0.00819301  0.296406 0.0829649   9.82354
1.77464e+09   0.00841021  0.00192179 -0.00718328  0.291894 0.0859362   9.82426
1.77464e+09   0.00706747 -0.00377514 -0.00367912  0.286359 0.0724044   9.81795
1.77464e+09  0.000454194 -0.00286081 -0.00524893   0.26845 0.0747344   9.81467
1.77464e+09   0.00464141 -0.00324138 -0.00843561 0.278753 0.073416  9.81474
1.77464e+09   0.00471006  0.00598645 -0.00722896  0.282259 0.0813955   9.81765
1.77464e+09   0.00416237  -0.0019768 -0.00399781  0.272119 0.0919579   9.81203
1.77464e+09   0.00308934  -0.0015392 -0.00760008 0.301647 0.086189  9.81157
1.77464e+09   0.00316756 -0.00128209 -0.00519989  0.294338 0.0862133   9.80406
1.77464e+09   0.00553699  0.00101778 -0.00575555  0.261263 0.0910766   9.80433
1.77464e+09    0.00269339   0.00271237 -0.000985663 0.239923  0.09421  9.80511
1.77464e+09   0.00101512  0.00161986 -0.00530418  0.24398 0.105807  9.80165
1.77464e+09   0.00752157 -0.00329514 -0.00393299 0.270723 0.101511  9.81333
1.77464e+09  0.000731741  0.00233483 -0.00561612  0.270234 0.0890636   9.81621
1.77464e+09  0.000516785  0.00472035 0.000351357  0.281314 0.0798535    9.8002
1.77464e+09   0.00458824 -0.00287448 -0.00616316   0.28349 0.0747765   9.79533
1.77464e+09   0.00667993  0.00117353 -0.00453099  0.268967 0.0993268   9.79847
1.77464e+09   0.00429817  0.00127413 -0.00439867 0.257905  0.11259  9.80484
1.77464e+09   0.00306762 -0.00149288 -0.00404839 0.263798 0.105407  9.80621
1.77464e+09  -0.000756712   0.00065603 -6.69255e-05 0.259857 0.111582  9.80715
1.77464e+09   0.00285935  0.00416793 -0.00164814 0.257375  0.10396  9.77894
1.77464e+09   0.00249812 -0.00266463 -0.00307488 0.274141 0.119343  9.78731
1.77464e+09    0.00300477 -0.000956482   0.00104958  0.27881 0.122367  9.80233
1.77464e+09   0.00480016 -0.00309664  0.00126236 0.284251 0.114376  9.81529
1.77464e+09  -0.00192962 -0.00240473 6.47342e-05 0.295439 0.111829  9.81339
1.77464e+09   0.00513981 -0.00272103 -0.00291679 0.282259 0.105819  9.80184
1.77464e+09  -0.00217873 -0.00665248  0.00332987  0.262046 0.0996362   9.80689
1.77464e+09  -0.00184698 -0.00203365 -0.00183259  0.275849 0.0991936   9.81599
1.77464e+09  0.000548857 -0.00339444  0.00305377  0.277541 0.0916006   9.81995
1.77464e+09  -0.00323197 -0.00353843 -0.00342802  0.280525 0.0833336   9.80326
1.77464e+09  -0.00135637 -0.00652652  0.00275377  0.269293 0.0742145   9.80781
1.77464e+09  0.000324636 -0.00290537 0.000451955  0.282063 0.0674719   9.79583
1.77464e+09  -0.00247781  0.00235585  0.00429335 0.296869 0.085813  9.79852
1.77464e+09   0.00197892 -0.00121451  0.00215337  0.316246 0.0841242   9.80544
1.77464e+09  -0.000429853  -0.00430691   0.00139915  0.323035 0.0926061   9.80532
1.77464e+09   -0.00130624 -0.000484822   0.00179333 0.303782 0.103052  9.79479
1.77464e+09    -0.0019349 -0.000107182   0.00165524 0.292059 0.094372  9.79674
1.77464e+09  -0.00302029  -0.0012891  0.00166053 0.286153 0.103268  9.80376
1.77464e+09  -0.0058168 0.00174506 0.00340797  0.276903 0.0959528   9.80274
1.77464e+09  -0.000712962  -0.00322953   0.00314262  0.278877 0.0908481   9.80011
1.77464e+09  -0.00518852  0.00154471  0.00230513 0.276631  0.09168   9.7998
1.77464e+09   -0.00580796 -0.000202773   0.00425969 0.272306 0.080301  9.80593
1.77464e+09  -0.00357643 -0.00387382  0.00235719  0.279082 0.0835775   9.80917
1.77464e+09  -0.00559342 -0.00438801  0.00285328  0.286997 0.0916189   9.81148
1.77464e+09  -0.000660134 -0.000878392   0.00236382   0.28641 0.0940773   9.80701
1.77464e+09   -0.00250249 -0.000171249   0.00482486 0.269785 0.104835  9.79009
1.77464e+09  -0.00419076 -0.00252838  0.00165752   0.2612 0.109933  9.80466
1.77464e+09  0.000991641 -0.00134136  0.00272818  0.266273 0.0847556   9.81998
1.77464e+09  -0.00325282  -0.0100395  0.00513496  0.270189 0.0910593   9.82063
1.77464e+09  -0.00399364  -0.0011626  0.00368727    0.2921 0.0899753   9.81542
1.77464e+09  -0.00523505 0.000925327  0.00427419  0.277527 0.0902726   9.81635
1.77464e+09  -0.00256981 0.000126074  0.00875283  0.261842 0.0830509   9.80086
1.77464e+09   -0.00307652 -0.000754714   0.00131267  0.263486 0.0757534   9.79741
1.77464e+09  0.00152251 0.00518072 0.00499886  0.264067 0.0738125    9.8043
1.77464e+09  0.000937084  0.00180591  0.00282611  0.267876 0.0642178   9.81228
1.77464e+09   -0.00737874 -0.000305453   0.00138616  0.276605 0.0576185   9.81689
1.77464e+09  -2.02737e-05  0.000374458   0.00434536 0.284827 0.066419  9.81811
1.77464e+09  -0.00376741 0.000926152  0.00219425  0.281483 0.0704279   9.81256
1.77464e+09  -0.00268917  0.00242467  0.00513116   0.27449 0.0747733   9.79637
1.77464e+09  -0.00152629   0.0011718  0.00417536   0.27819 0.0719239    9.7896
1.77464e+09  -0.00219576 -0.00490427  0.00120874  0.272927 0.0626439   9.79721
1.77464e+09  -0.00296837 -0.00548435  0.00325448  0.254957 0.0611731   9.79732
1.77464e+09   0.00145955 -0.00337545 -0.00390159   0.26376 0.0604238   9.80064
1.77464e+09  -0.00372858 -0.00138619  0.00734138  0.260354 0.0587464   9.80472
1.77464e+09  -7.69983e-05  -0.00116605   0.00155579  0.267443 0.0796356   9.80635
1.77464e+09  -0.000800338  -0.00322122  -0.00185707  0.286408 0.0700932   9.80023
1.77464e+09  0.000548829 -0.00258588  0.00210921  0.286236 0.0771245   9.80167
1.77464e+09  0.00376748 0.00244316 -0.0026192  0.276327 0.0861198   9.80805
1.77464e+09  -7.21221e-05  -0.00184068   0.00417721  0.276225 0.0859549   9.81703
1.77464e+09  -0.000281727   0.00331288   0.00313487  0.260235 0.0770401   9.81121
1.77464e+09   0.000125815 -0.000315005 -0.000411793 0.257177 0.068431  9.79838
1.77464e+09   -0.00313583 -0.000550923  -0.00317366  0.257859 0.0700301    9.7847
1.77464e+09   0.00298657 -0.00263505  0.00318336  0.259525 0.0676556   9.78559
1.77464e+09  -0.00103766 1.66977e-05 -0.00282265  0.278827 0.0764025   9.79419
1.77464e+09   0.00187266 -0.00264757 -0.00240529  0.297656 0.0797756   9.79832
1.77464e+09   0.00352569 0.000484312 -0.00148534  0.300714 0.0826308   9.80619
1.77464e+09  -0.00193308  0.00279537 -0.00213708   0.29463 0.0808478   9.81436
1.77464e+09   0.00418341  0.00130216 -0.00214904  0.286459 0.0799679   9.81817
1.77464e+09    0.00288757   0.00111144 -0.000969773  0.283688 0.0819193   9.81382
1.77464e+09   0.00283964 -0.00130779 -0.00684871 0.276921 0.078131  9.80928
1.77464e+09   0.00372729   0.0025307 -0.00350966  0.282925 0.0806085   9.80884
1.77464e+09   0.00149535 -0.00210869 -0.00344849  0.275836 0.0817877   9.80961
1.77464e+09   0.00285305  0.00132539 -0.00313419  0.278917 0.0768441   9.81886
1.77464e+09   0.00614698 -0.00464574 -0.00544818  0.276292 0.0807856   9.83161
1.77464e+09   0.000968051 -0.000558521  -0.00850246  0.282689 0.0734787   9.81852
1.77464e+09   0.00919095 -0.00549216 -0.00621809   0.27379 0.0871676   9.81282
1.77464e+09   0.00700015   -0.004828 -0.00291205  0.271547 0.0842714   9.79989
1.77464e+09   0.00723486 -0.00243721 -0.00904708  0.272404 0.0835463   9.80363
1.77464e+09   0.00422211  -0.0018929 -0.00615622 0.292145 0.103632  9.80588
1.77464e+09   0.00403294 0.000467732 -0.00984837 0.300364 0.098796  9.80189
1.77464e+09   0.00312658  0.00486298 -0.00315944  0.290504 0.0740384   9.79715
1.77464e+09   0.00641479 0.000734274  -0.0073188  0.257906 0.0641084   9.79712
1.77464e+09   0.00223129 -0.00198065 -0.00704074  0.243711 0.0705834   9.79412
1.77464e+09   0.00386934 -0.00131703  -0.0121638  0.245496 0.0743146   9.79353
1.77464e+09    0.00621502 -0.000984913  -0.00424719  0.265814 0.0788344   9.79323
1.77464e+09   0.00480309 -0.00141356 -0.00651087     0.299 0.0809286   9.81534
1.77464e+09   0.00641441 -0.00233048 -0.00906847  0.308785 0.0859794   9.82525
1.77464e+09   0.00288658  0.00167632 -0.00267544  0.283729 0.0790417   9.81256
1.77464e+09  -0.000294739   0.00130192  -0.00054023  0.257975 0.0877812   9.79978
1.77464e+09   0.00612374 0.000307723 -0.00697064  0.245931 0.0854442   9.78356
1.77464e+09   0.00420728 0.000685384 -0.00650366  0.264321 0.0823984   9.78806
1.77464e+09   0.00273077  0.00182765 -0.00205384 0.263763 0.103261  9.79724
1.77464e+09   0.00596273 -0.00187949  -0.0051822 0.290137 0.112264  9.80799
1.77464e+09    0.00540355 -0.000732395  -0.00991144 0.29773 0.10337 9.80279
1.77464e+09    0.00478921 -0.000564474  0.000298362 0.286166 0.107396  9.80552
1.77464e+09   0.00360938  0.00215385 -0.00230246 0.283892 0.107778  9.79958
1.77464e+09   0.00289319  0.00394229 -0.00201448 0.286457  0.10409    9.796
1.77464e+09   0.00105832  -0.0025156 0.000755037  0.295046 0.0893039   9.78846
1.77464e+09   0.00318531  0.00103028 -0.00675411  0.314121 0.0798855   9.79704
1.77464e+09   0.00374945 -0.00194304 -0.00103352  0.305087 0.0906934   9.79676
1.77464e+09    0.00567121 -0.000127677 -0.000989721  0.282027 0.0929884    9.7976
1.77464e+09  -0.00020493 0.000999395 -0.00113229  0.265606 0.0877268   9.80215
1.77464e+09   0.00183907  0.00197653 -0.00273863  0.26505 0.104738  9.80184
1.77464e+09  -0.000479833  0.000800939   0.00332465 0.27967 0.10915  9.7952
1.77464e+09   0.00162868 -0.00110822 0.000922186 0.284193 0.121363  9.79556
1.77464e+09  -0.00309625 -0.00373957  0.00442794 0.289886 0.122692  9.79706
1.77464e+09   0.0010674 0.00262452 0.00436875 0.291306 0.108417  9.79046
1.77464e+09  -0.00413642 -0.00518199  0.00439716  0.28359 0.106818  9.77898
1.77464e+09  -0.00115027 -0.00196024  -0.0045964  0.292075 0.0990385   9.79017
1.77464e+09  -0.00066724  0.00159822  0.00419422  0.299582 0.0772276   9.80101
1.77464e+09   -0.0025101 -0.00011054  0.00497365  0.293699 0.0679667   9.81889
1.77464e+09  0.000653913  0.00276344  0.00376412  0.278796 0.0673182   9.81747
1.77464e+09  -0.00202485  0.00211844    0.002595  0.268787 0.0952771   9.80549
1.77464e+09  0.00144953 -0.0019166   0.005384  0.268583 0.0944424    9.7918
1.77464e+09  -0.00296211 -0.00262576  0.00751571  0.280621 0.0869144   9.79024
1.77464e+09   -0.00212285 -0.000742127   0.00213753  0.285153 0.0929195   9.79888
1.77464e+09  -0.00254952 -0.00110014  0.00263045  0.275879 0.0892648   9.80357
1.77464e+09   -0.00150078 -0.000420893   0.00219769  0.278241 0.0864428   9.80751
1.77464e+09  -0.00205638 0.000530153  0.00383197   0.28449 0.0862212   9.79859
1.77464e+09    -0.0035667 -0.000666076  -0.00125964  0.283617 0.0822924   9.79454
1.77464e+09  -0.00335607 -0.00163307  0.00499694  0.282484 0.0886031   9.79424
1.77464e+09   -0.0028744 -0.00356303  0.00415235  0.279693 0.0711796   9.80844
1.77464e+09   -0.00516681 -3.24351e-05   0.00379091  0.269244 0.0584018   9.80267
1.77464e+09  0.000319123 0.000786551  0.00116684  0.256412 0.0751043   9.80086
1.77464e+09   -0.00456287 -0.000620857   0.00086879  0.273626 0.0713733   9.79918
1.77464e+09  -0.00256861 6.45377e-05  0.00106421   0.27856 0.0898475   9.80024
1.77464e+09   0.00172862 -0.00397824 0.000861524  0.289515 0.0887299    9.8066
1.77464e+09  -0.00621961 -0.00383359  0.00368468  0.298696 0.0861947   9.80586
1.77464e+09  -0.00293537 -0.00259698  0.00538576  0.296816 0.0891059   9.80442
1.77464e+09   -0.00211078  -0.00389937 -0.000356106 0.280251 0.084267  9.80715
1.77464e+09  -0.00418542  0.00281562 -0.00114335   0.26689 0.0826239   9.81099
1.77464e+09  -0.00172749   0.0020762  0.00214177 0.270313 0.084046  9.81035
1.77464e+09  -0.000661005   0.00157503   0.00396801 0.277594 0.090726  9.80061
1.77464e+09  -0.00474108 -0.00906732  0.00134984  0.27134 0.107395  9.79712
1.77464e+09  -0.000260652  -0.00276476 -0.000378713  0.272211 0.0883989   9.79939
1.77464e+09  -0.000793712  0.000822359    0.0046442  0.279586 0.0730092   9.80328
1.77464e+09   -0.00161598 -0.000922506     0.003743    0.2913 0.0715981   9.81399
1.77464e+09   0.00137756 -0.00239293 -0.00104058  0.300657 0.0754961   9.81528
1.77464e+09  -0.00224606 0.000308168  0.00200424  0.298085 0.0783265   9.80784
1.77464e+09  -0.000957362   0.00178352   0.00191894  0.284429 0.0678323   9.79271
1.77464e+09  -0.000343674   -0.0017398    0.0059121  0.286187 0.0563988   9.79359
1.77464e+09  -6.48393e-05  -0.00262571   0.00110452  0.291068 0.0592688   9.79629
1.77464e+09    0.00115191  -0.00027811 -0.000426009  0.285077 0.0742317   9.79607
1.77464e+09  -0.00247252  0.00174227  0.00349612 0.266826 0.083372  9.80418
1.77464e+09  0.00122795 0.00179047 0.00507073  0.268738 0.0711824   9.80734
1.77464e+09  -2.49949e-05  -0.00141333   0.00270827  0.288885 0.0685075   9.80125
1.77464e+09   0.00129688 -0.00637095 0.000260833  0.293432 0.0773164    9.7983
1.77464e+09   0.00162646 -0.00189393  0.00118373  0.292703 0.0968375   9.78086
1.77464e+09   -0.0010246 -0.00579391  0.00156773  0.293419 0.0985615   9.77322
1.77464e+09  0.000145631 0.000234688  0.00041387  0.299977 0.0889605   9.78964
1.77464e+09  0.00176348 0.00194794  0.0058868   0.30221 0.0807752   9.78889
1.77464e+09   0.00154328 5.94644e-05 1.74205e-05  0.294879 0.0769436   9.79045
1.77464e+09   0.00657519 -0.00215025  0.00299678  0.289243 0.0700512   9.79294
1.77464e+09   0.00269032 -0.00143587  0.00505772  0.273311 0.0693754   9.79159
1.77464e+09   0.00250634 0.000339529  0.00056893    0.2771 0.0744797   9.81161
1.77464e+09   0.00362638 -0.00237158  0.00372942   0.28164 0.0777792   9.81495
1.77464e+09   0.00191858 -0.00117326 -0.00519908  0.295192 0.0659036   9.80225
1.77464e+09  0.000269709  0.00163056 0.000706301  0.297198 0.0686896   9.78947
1.77464e+09   0.00253868  0.00410627 -0.00222328  0.282091 0.0669503   9.80442
1.77464e+09   0.00203986 -0.00025576 -0.00451745  0.274935 0.0737858   9.82542
1.77464e+09     0.0021786 -0.000199223  -0.00105586  0.280585 0.0805926   9.81938
1.77464e+09   0.00311504  0.00331293 -0.00103174  0.280415 0.0715635   9.80271
1.77464e+09   0.00289103  0.00157467 -0.00478401  0.283228 0.0613697   9.79959
1.77464e+09    0.00356176 -8.13057e-05  -0.00404162  0.273426 0.0598778   9.79404
1.77464e+09   0.00699104  0.00327127 -0.00479367  0.266871 0.0616714   9.78533
1.77464e+09    0.00325926 -1.22069e-05   -0.0019719  0.257796 0.0676847   9.79578
1.77464e+09    0.0029401  0.00305968 -0.00631779 0.258641  0.08252  9.78902
1.77464e+09   0.00131203  -0.0014045 -0.00430691  0.280328 0.0863117   9.79507
1.77464e+09    0.00505953 -0.000944364  -0.00891428  0.287799 0.0841686   9.80601
1.77464e+09   0.00424668 -0.00144569 -0.00761795  0.288888 0.0746992   9.79659
1.77464e+09   0.00446335 0.000687379 -0.00346522  0.276416 0.0834971   9.80249
1.77464e+09   0.00363471  0.00344389 -0.00847991   0.26165 0.0939064   9.80428
1.77464e+09     0.0011943 -0.000846544  -0.00749801 0.246887  0.10142   9.8081
1.77464e+09   0.00527617 -0.00365144 -0.00814916  0.23802 0.105946    9.816
1.77464e+09   0.00677884  0.00296684 -0.00930174 0.242676 0.097139    9.817
1.77464e+09    0.00306446 -0.000665086  -0.00542506  0.252554 0.0943604   9.80483
1.77464e+09   0.00445622 0.000768247  -0.0105769  0.265748 0.0896029   9.79718
1.77464e+09   0.00593114 -0.00128914 -0.00721047  0.277148 0.0845357   9.80099
1.77464e+09   0.00301586  0.00205751 -0.00785386   0.28451 0.0974382   9.80576
1.77464e+09  0.00423753 0.00369154 -0.0103425  0.297777 0.0928124   9.80377
1.77464e+09   0.00770297 -0.00198318  -0.0128916  0.290706 0.0819264   9.79032
1.77464e+09   0.00202046 -0.00884734  -0.0122442  0.260773 0.0817491   9.79538
1.77464e+09   0.00580262  -0.0073875 -0.00726811 0.259944  0.08683  9.80941
1.77464e+09   0.00417726 4.12322e-05  -0.0099291  0.257547 0.0916037   9.80659
1.77464e+09   0.00524195 0.000487251  -0.0102027 0.267211 0.114071  9.80666
1.77464e+09   0.00171177 -0.00279351 -0.00559685 0.290937 0.109449  9.82422
1.77464e+09  4.30948e-05 -0.00364197 -0.00835645  0.28352 0.108338    9.822
1.77464e+09   6.1447e-05  0.00140231 -0.00785909 0.257102 0.105415  9.82287
1.77464e+09  -0.000175776   -0.0037315  -0.00554303 0.267408    0.104  9.80283
1.77464e+09   0.00413517 -0.00147234 -0.00175998 0.273613 0.109438  9.79356
1.77464e+09  8.42624e-05  0.00121022 -0.00378872 0.279308 0.095264  9.80698
1.77464e+09   0.00406852 0.000908225 -0.00629506 0.284805 0.097728  9.80789
1.77464e+09   0.00237318 -0.00262731 -0.00435143 0.288782 0.111806  9.80957
1.77464e+09   -0.00467153  -0.00621221 -0.000560964  0.28908 0.110766  9.80512
1.77464e+09  -0.00124541  0.00241398 0.000460203 0.282776 0.099819  9.79385
1.77464e+09  0.000702025  -0.0024792 0.000728752  0.268582 0.0900303   9.80314
1.77464e+09  0.000387861 -0.00311011 0.000488124  0.260707 0.0980583   9.81569
1.77464e+09  -0.000850372  0.000287129    0.0028453 0.254617 0.103475  9.81508
1.77464e+09  -0.00213261 -0.00326684 0.000851632 0.268685 0.105733  9.80521
1.77464e+09  -0.00352016  -0.0045428  0.00704992 0.265329 0.118313  9.79844
1.77464e+09  -0.00328275  0.00056834  0.00813698 0.284097 0.114696  9.79966
1.77464e+09  -0.000274634  -0.00154229   0.00354244  0.284265 0.0973301   9.79327
1.77464e+09  -0.00186711 4.24743e-05    0.005618  0.287785 0.0891555   9.80274
1.77464e+09  0.00046278 -0.0020312 0.00632105  0.294142 0.0713987   9.80975
1.77464e+09  -0.000472503  -0.00327547   0.00941737 0.273871 0.082991  9.80527
1.77464e+09   0.00026603 3.33044e-05  0.00844959  0.276798 0.0805138   9.80478
1.77464e+09   -0.00381529 -1.17121e-05   0.00737127 0.278949 0.092913  9.79504
1.77464e+09  -0.00417188 -0.00215345   0.0116673  0.263183 0.0925944   9.79158
1.77464e+09   -0.00386072 -0.000702063   0.00881436  0.260912 0.0890611   9.78474
1.77464e+09    -0.001775 -0.00285318  0.00687993  0.255513 0.0923577   9.77703
1.77464e+09  -0.000297622  -0.00124461     0.010393  0.261066 0.0888544   9.78451
1.77464e+09  -0.00341294 -0.00162782   0.0107658 0.282817 0.094224  9.79281
1.77464e+09  0.00169712 0.00330472  0.0110168  0.292662 0.0987433   9.79922
1.77464e+09  -0.00207092 0.000310108  0.00677434  0.297749 0.0980261   9.79703
1.77464e+09   -0.00476755 -0.000274855   0.00976675  0.295657 0.0916359    9.8034
1.77464e+09  -0.00311065  0.00318048   0.0122914  0.296328 0.0859036   9.81003
1.77464e+09  -0.00186024 0.000631693  0.00964366  0.296394 0.0781696   9.81146
1.77464e+09  -0.00500507 -0.00345258  0.00511873  0.289162 0.0801997   9.81687
1.77464e+09  -0.00156331 -0.00258168  0.00767595  0.277195 0.0857967   9.80792
1.77464e+09  -0.00134967 8.61962e-05  0.00405946  0.287335 0.0826899   9.80013
1.77464e+09  -0.00426824   0.0018978  0.00599784  0.289244 0.0782237   9.79383
1.77464e+09  -0.00422718  0.00186059  0.00378849  0.261187 0.0674133   9.78981
1.77464e+09  0.00115193 0.00136755 0.00576627  0.241546 0.0733821   9.79145
1.77464e+09    -0.002783 0.000590456  0.00145236  0.251413 0.0823858   9.79585
1.77464e+09  -0.00307941  -0.0025323 -0.00033845  0.26556 0.078699  9.79746
1.77464e+09  -0.00357081 -0.00148423  0.00289402  0.262634 0.0811474   9.79459
1.77464e+09  -0.00448727 0.000994972 -0.00112137  0.256629 0.0769966   9.78635
1.77464e+09  -0.00264283 0.000853745 -0.00212869  0.255807 0.0691507   9.79285
1.77464e+09  0.000384743 5.42261e-05 -0.00303186  0.261422 0.0688072   9.78915
1.77464e+09     0.0027074 -2.84613e-05 -0.000504431  0.269727 0.0551348   9.78148
1.77464e+09  -7.84571e-05    0.0027845  -0.00315498  0.286346 0.0543387   9.79441
1.77464e+09  0.000128435  0.00114449  -0.0062063  0.272361 0.0760835   9.79319
1.77464e+09   0.00186534 -0.00314622 -0.00547011  0.270456 0.0711729   9.78692
1.77464e+09   0.00125181 -0.00473946  -0.0105838  0.277919 0.0694611   9.78324
1.77464e+09  0.000878663  0.00136172 -0.00748985  0.281099 0.0669927   9.79066
1.77464e+09    0.00136312 -4.46486e-05  -0.00383493 0.282665 0.058526   9.7943
1.77464e+09  -0.00164032 -0.00193967 -0.00960801  0.280698 0.0656304   9.79195
1.77464e+09  -0.00100501  0.00119871  -0.0066235  0.277079 0.0700115   9.79685
1.77464e+09  -0.00148888  0.00210226 -0.00367485  0.267825 0.0717183   9.80343
1.77464e+09  0.000938549  0.00129797  -0.0045509  0.286052 0.0801726   9.81035
1.77464e+09   -0.00218857 -0.000422377  -0.00517303  0.289273 0.0728131   9.81731
1.77464e+09     0.0031299 -3.73464e-05   -0.0090692   0.29587 0.0743716   9.82942
1.77464e+09  -0.000497991  0.000564853  -0.00856937 0.291961 0.075548  9.82587
1.77464e+09   0.00431303 0.000488731  -0.0088708 0.289354 0.053356  9.80002
1.77464e+09   0.00474138 0.000958777 -0.00818937  0.282703 0.0526743    9.7872
1.77464e+09   0.00406194  0.00131337 -0.00474078  0.272063 0.0553005   9.78714
1.77464e+09    0.00625629 -0.000970066  -0.00494553  0.269504 0.0576782   9.79808
1.77464e+09  0.000265269 -0.00167746 -0.00934488  0.273117 0.0778075   9.80783
1.77464e+09  0.000463105 -0.00260632  -0.0046063  0.285764 0.0693975    9.8235
1.77464e+09    0.00115181 -0.000292694  -0.00681446  0.285466 0.0702482   9.82208
1.77464e+09    0.00253542 -3.36515e-05  -0.00406881 0.274927 0.081287  9.81551
1.77464e+09   0.00514243 -0.00233829 -0.00509698  0.276184 0.0850954   9.81519
1.77464e+09    0.00281291 -0.000271306  -0.00405075  0.279147 0.0869128   9.81446
1.77464e+09   0.00346496  0.00123368 -0.00152029  0.274031 0.0800554   9.82261
1.77464e+09   0.00429706 0.000749846 0.000571153  0.260674 0.0730933   9.82233
1.77464e+09    0.00528556 -0.000523362  -0.00255668 0.260127 0.079146  9.81447
1.77464e+09    0.00334966 -0.000101314  -0.00174107 0.262799 0.072773  9.80419
1.77464e+09  0.00380621 0.00132651 0.00164368  0.263106 0.0841785   9.81696
1.77464e+09     0.0044307  -0.00272126 -0.000948376  0.264617 0.0940839   9.80992
1.77464e+09   0.00591265 -0.00296064 0.000239248 0.262335  0.09201  9.80168
1.77464e+09  0.00282859 0.00114578 0.00157817  0.261095 0.0927215   9.79423
1.77464e+09    0.0055557 0.000277177  0.00172707  0.267896 0.0798408   9.79588
1.77464e+09    0.00652633    0.0017946 -0.000958676  0.273424 0.0757642   9.79589
1.77464e+09   0.00658598 3.49643e-05  0.00367673  0.264016 0.0740779   9.78836
1.77464e+09   0.00597248 -0.00625776  0.00107972  0.254011 0.0827745   9.78715
1.77464e+09    0.00170767  -0.00198233 -0.000907814 0.235094 0.105595   9.8046
1.77464e+09    0.00414519 -8.54224e-06  0.000157451 0.242934  0.10314  9.79869
1.77464e+09   0.00582116 -0.00194158 -0.00385774  0.263108 0.0766553   9.79494
1.77464e+09    0.00158874  -0.00250057 -0.000188829  0.266844 0.0726004   9.80251
1.77464e+09    0.00125909  -0.00115623 -0.000272376 0.265765 0.067484  9.79316
1.77464e+09   0.000924601  0.000136295 -0.000731022  0.262788 0.0726656    9.7927
1.77464e+09    0.0043596  -0.0053065 -0.00150311  0.277711 0.0927824   9.79671
1.77464e+09   0.00406473 -0.00300955  -0.0025454 0.290506 0.105278  9.80371
1.77464e+09    0.00276072 -1.60361e-05   0.00270664   0.28128 0.0965336   9.79631
1.77464e+09   0.00106303 -0.00103814 -0.00443389  0.270968 0.0899922   9.79961
1.77464e+09  8.72472e-05  0.00024711 -0.00621367  0.266402 0.0854624   9.80097
1.77464e+09  -0.000379301   0.00038356  0.000156655  0.272969 0.0811607   9.79588
1.77464e+09   0.00496843  0.00321983 0.000479697  0.279403 0.0754275   9.78184
1.77464e+09    0.0015426   0.0013993 -0.00028528  0.279456 0.0825856   9.77068
1.77464e+09  -0.00136425   -0.002461 -0.00150638  0.289642 0.0920836   9.80089
1.77464e+09   0.00203869 -0.00273984 -0.00272178  0.293294 0.0870187   9.81768
1.77464e+09  -0.00303937 0.000836456 -0.00515998  0.282336 0.0875214   9.82519
1.77464e+09    0.0019169  -0.0016569 -0.00162241   0.27304 0.0861508   9.81866
1.77464e+09  -0.00274209 -0.00157853 -0.00489191  0.277294 0.0904435   9.81074
1.77464e+09   0.00154459 -0.00139053 -0.00279074 0.277051 0.092337  9.80387
1.77464e+09  -0.000681483   0.00381762  -0.00233786  0.274192 0.0967821   9.81052
1.77464e+09  -0.000142252  -0.00183293  0.000325637  0.269902 0.0948047   9.82547
1.77464e+09  -0.00231166 -0.00213529 -0.00439836  0.262424 0.0914117    9.8159
1.77464e+09  -0.00232765 -0.00217116 -0.00485253  0.261084 0.0956577   9.81127
1.77464e+09  -0.000399678  -0.00364478 -0.000498172  0.267135 0.0936522   9.81181
1.77464e+09  -0.000756495   -0.0015371  -0.00231684  0.281769 0.0835908   9.79846
1.77464e+09  -0.000189715    2.201e-05  -0.00437138 0.291735  0.08276   9.7938
1.77464e+09   -0.0025985 -0.00268706  0.00290328  0.28768 0.099914  9.79704
1.77464e+09   0.00190854  0.00312425 -0.00243129   0.28524 0.0993076   9.80025
1.77464e+09  -0.00206551  -0.0062795 -0.00226296  0.284196 0.0974379   9.80173
1.77464e+09  -0.00434182  0.00355046  -0.0018438 0.277338 0.101416  9.79424
1.77464e+09  -0.00451908  0.00125448    0.002372  0.279277 0.0967662    9.7968
1.77464e+09  -0.00137237  0.00283096  0.00578084  0.282314 0.0951583   9.81594
1.77464e+09   -0.00601182   0.00215528 -0.000427536  0.276602 0.0838886   9.83066
1.77464e+09   0.00043524 -0.00186743  0.00249633  0.272176 0.0895531   9.82988
1.77464e+09  -0.00251306 -0.00562383 0.000196612  0.279412 0.0941705   9.82419
1.77464e+09   -0.0021357 -0.00016949  0.00187746   0.28812 0.0959546    9.8016
1.77464e+09  -0.00578242 -0.00238769 -0.00136969  0.293807 0.0791834   9.80455
1.77464e+09  -0.00341697 0.000660469  0.00560496  0.289584 0.0776851   9.81355
1.77464e+09  -0.000644776  -0.00296854   0.00661884  0.270316 0.0712292   9.80615
1.77464e+09  -0.00387011  0.00232841  0.00353013  0.255279 0.0848513   9.80874
1.77464e+09  -0.000728077  0.000917894   0.00608915  0.257038 0.0867596   9.80152
1.77464e+09  -0.00593465 0.000936482     0.00554  0.283288 0.0788438   9.79811
1.77464e+09  -0.000186055  -0.00296514   0.00491678 0.295249 0.071531  9.79041
1.77464e+09  -0.00231062  0.00319764   0.0072117  0.305871 0.0485452   9.78313
1.77464e+09  -0.00570497 -0.00440068  0.00509832  0.308668 0.0498073   9.79006
1.77464e+09  -0.00152635  0.00173365  0.00870845  0.294788 0.0542327   9.79423
1.77464e+09  -0.00115351 -0.00284582  0.00610449 0.278899 0.062609  9.78282
1.77464e+09   -0.0046694 -0.00289469  0.00586288   0.28839 0.0629376   9.79337
1.77464e+09  -0.000122066  -0.00306289   0.00373224  0.300228 0.0645512   9.79677
1.77464e+09  0.00205289 0.00269591 0.00283633 0.293313 0.073898  9.80456
1.77464e+09  -0.00357528 -0.00253355  0.00545488  0.282953 0.0796069     9.812
1.77464e+09  -0.00139754 -0.00510833  0.00124736  0.259267 0.0710809   9.81472
1.77464e+09   0.00115382 0.000743015  0.00403913  0.261666 0.0741423   9.80661
1.77464e+09   0.0025041 0.00545894 0.00465756  0.266087 0.0657809   9.80522
1.77464e+09   0.00113352 0.000388458  0.00303279  0.266398 0.0724374    9.8066
1.77464e+09   0.00129732 -0.00219985  0.00155844  0.274825 0.0740869   9.80218
1.77464e+09  0.00145691  0.0001043 0.00250099  0.275996 0.0674312   9.79938
1.77464e+09  0.000379774 0.000904272  0.00232592  0.279569 0.0693103   9.79701
1.77464e+09  0.00261288 0.00566928 0.00491971  0.276899 0.0722897   9.79282
1.77464e+09  0.00175149 0.00171235 0.00431553  0.268991 0.0672908   9.79261
1.77464e+09   0.00171838 -0.00091188 -0.00169649  0.264067 0.0688168   9.79751
1.77464e+09   0.00310461 -0.00215538 -0.00205382  0.239822 0.0747815   9.81973
1.77464e+09   0.00197048  -0.0022595 -0.00361632  0.248911 0.0725743      9.82
1.77464e+09  0.00532504  0.0013615 -0.0025449  0.260366 0.0615188   9.82831
1.77464e+09  -0.000408751  -0.00226491  -0.00188518  0.261595 0.0532607   9.81887
1.77464e+09   0.00417271  0.00129123 -0.00261951  0.267772 0.0674052   9.82197
1.77464e+09  -0.00131606 -0.00128643 -0.00708186  0.272381 0.0599896   9.83014
1.77464e+09   0.00253418 -0.00117873 -0.00834603  0.270655 0.0658834   9.81292
1.77464e+09  -0.00114335  0.00466475 -0.00531747  0.277964 0.0879395   9.78531
1.77464e+09  0.000908973 -0.00176371 -0.00654981  0.286433 0.0953817   9.78027
1.77464e+09   0.00093981 0.000167159  -0.0091389  0.277841 0.0995526   9.80057
1.77464e+09   0.00509303   0.0012326 -0.00681334  0.279809 0.0839984   9.80133
1.77464e+09   0.00482975 -0.00251876  -0.0076521  0.272724 0.0731631   9.79951
1.77464e+09   0.00294951 -0.00117281 -0.00996009  0.270861 0.0693232   9.78837
1.77464e+09    0.0059749 -0.00450441   -0.011112  0.264425 0.0658507   9.78164
1.77464e+09    0.00283996 -7.31185e-05  -0.00912726  0.282309 0.0669701   9.79634
1.77464e+09   0.00499031  0.00247382 -0.00696118  0.283761 0.0685109   9.80677
1.77464e+09  -0.000800677  0.000942805  -0.00819441  0.289297 0.0794898   9.80971
1.77464e+09   0.00311834 -0.00322179 -0.00897813  0.279641 0.0960187   9.81158
1.77464e+09    0.00432213 -0.000467698   -0.0060979  0.249344 0.0952997   9.82535
1.77464e+09  0.00188743 0.00221443 -0.0107523 0.239811  0.10046  9.83258
1.77464e+09     0.0012356 -0.000337831   -0.0100433  0.244301 0.0900295   9.83711
1.77464e+09  0.000567296  -0.0052659 -0.00857806  0.273203 0.0973155   9.83429
1.77464e+09    0.00470015 -0.000232527  -0.00582021 0.276548 0.096547  9.82595
1.77464e+09    0.00205044 -0.000288768  -0.00692519  0.275293 0.0982474   9.81067
1.77464e+09   0.00411381 -0.00258572 -0.00480165  0.278402 0.0861365   9.80817
1.77464e+09    0.00529042 -0.000355896  -0.00840134  0.279152 0.0967437   9.80699
1.77464e+09  0.00108982 0.00211635 -0.0055455 0.279549 0.106307  9.80355
1.77464e+09   0.00246777 -0.00209858 -0.00651689  0.288918 0.0990494    9.8122
1.77464e+09   0.00349553 0.000995831 -0.00589617   0.28228 0.0909958   9.80465
1.77464e+09   0.00402905 -0.00359608 -0.00546934  0.286845 0.0769397   9.80835
1.77464e+09   0.00290553 -0.00362194 -0.00335511  0.301789 0.0740199   9.80326
1.77464e+09  -0.000620431   0.00106493  -0.00438931    0.3047 0.0795395   9.79479
1.77464e+09   0.00650552 -0.00143732  0.00184528  0.307311 0.0723825   9.78842
1.77464e+09   0.00163732 -0.00456977  -0.0052264  0.292886 0.0726669   9.79082
1.77464e+09  -0.00264747 0.000504811 -0.00184286  0.297332 0.0887625   9.80812
1.77464e+09     0.0011259  -0.00191019 -0.000199902 0.299595 0.102336  9.82425
1.77464e+09   0.00321121 -0.00113171  0.00230221 0.298852 0.103681  9.82015
1.77464e+09  -0.00142593  0.00331527  0.00332303  0.298924 0.0875101   9.81737
1.77464e+09  0.00125764 0.00147497 0.00304811  0.304102 0.0850859   9.79864
1.77464e+09   0.000604745 -0.000980507    0.0018841  0.302884 0.0936147   9.78295
1.77464e+09  -0.0015903 0.00342118 0.00651644  0.300411 0.0869525    9.8026
1.77464e+09   0.00237065 0.000570191  0.00300172  0.293446 0.0975707   9.81381
1.77464e+09   0.00152788 -0.00141709  0.00443357 0.279855 0.104577  9.81074
1.77464e+09  -0.00359977 -0.00431331  0.00194918 0.277641 0.114217    9.786
1.77464e+09   -0.005746 0.00120595 0.00577749  0.27423 0.121304  9.76518
1.77464e+09   -0.00223795 -0.000283885   0.00470333 0.288585 0.108046  9.78163
1.77464e+09  -7.49022e-05   0.00283698 -0.000268181  0.281822 0.0934218   9.79789
1.77464e+09  0.000984625  0.00121556  0.00304912  0.277081 0.0846399   9.80516
1.77464e+09   0.00123448 -0.00196057    0.005496  0.279322 0.0854498   9.80126
1.77464e+09  0.00287475 0.00459848 0.00709826  0.290697 0.0979406   9.80185
1.77464e+09  -0.00179812  -0.0009966  0.00641357  0.292579 0.0977458   9.78882
1.77464e+09   -0.00733064 -0.000179139   0.00287502 0.294935 0.100038  9.79617
1.77464e+09  -0.00122879  0.00233594  0.00646751  0.285771 0.0876863   9.80329
1.77464e+09  0.00161208 0.00173606 0.00415795  0.273779 0.0835998   9.81417
1.77464e+09  -0.00275824 -0.00151927  0.00106673  0.278746 0.0863551   9.81813
1.77464e+09  -0.00122361  0.00175334  0.00335023  0.288213 0.0940531   9.81444
1.77464e+09   0.0012888 0.00135137 0.00344296  0.288944 0.0863053   9.80404
1.77464e+09  -0.00600532  0.00344209 0.000891672 0.276686 0.088657  9.80025
1.77464e+09   -0.00390515 -0.000811235   0.00681086  0.276917 0.0794451   9.79338
1.77464e+09   -0.00178521   0.00258159 -0.000100534  0.281959 0.0759565   9.79051
1.77464e+09  -0.00648307 0.000357349 0.000272618 0.270516  0.10724   9.7882
1.77464e+09    0.00160738 -4.44569e-05   -0.0010724  0.28302 0.113975  9.79193
1.77464e+09  -0.000196304  -0.00426055  0.000505564 0.293825 0.119117  9.79508
1.77464e+09  -0.00318992  0.00320092  0.00759249  0.299131 0.0977705   9.79964
1.77464e+09  0.00325591 0.00131628 0.00122289  0.287933 0.0720614   9.80574
1.77464e+09   -0.00480807 -0.000775685   -0.0024595  0.265339 0.0814763   9.80184
1.77464e+09  -0.00315008 0.000910968  0.00126056  0.255149 0.0864429   9.80902
1.77464e+09   -0.00205958   0.00191994 -0.000980302  0.266291 0.0799369    9.8057
1.77464e+09  -0.000438124   0.00358435 -0.000771749  0.288407 0.0795643    9.8055
1.77464e+09   -0.00457394 -0.000635965 -0.000168259  0.299911 0.0775095   9.80046
1.77464e+09   0.00127479 -0.00435484 -0.00115561    0.2974 0.0733491   9.80103
1.77464e+09  -0.00521433 -0.00328786  0.00150515  0.286569 0.0696553   9.79842
1.77464e+09    -0.002159 -0.00339597 0.000476956  0.282127 0.0772878   9.78648
1.77464e+09  -0.00282565 -0.00531911 -0.00218952   0.27458 0.0855632   9.79322
1.77464e+09  -0.000302189 -0.000426989   0.00047661   0.27862 0.0871253   9.79678
1.77464e+09  -0.00237822  0.00138129 -0.00276995  0.272012 0.0821157   9.78191
1.77464e+09  -0.000186668  -0.00481926  -0.00299091  0.253946 0.0828034   9.78758
1.77464e+09    0.00109082 -0.000677851  0.000349194  0.270276 0.0877769   9.79388
1.77464e+09  -0.00454435 -0.00513427 -0.00199783  0.282825 0.0846811   9.80096
1.77464e+09  -7.47807e-05  -0.00224376  -0.00106872  0.282275 0.0845369   9.80931
1.77464e+09   -0.00113971  -0.00245043 -0.000791665  0.289867 0.0661349   9.80926
1.77464e+09  -0.00445182 -0.00335356  0.00218161  0.291257 0.0564708   9.81838
1.77464e+09  -0.00396885 0.000168995  0.00324133  0.287993 0.0664041   9.83036
1.77464e+09   0.00601345  -0.0024198 0.000988884  0.274473 0.0706075   9.82514
1.77464e+09  -0.000563776  -0.00242202   0.00398337 0.257849  0.08932  9.81129
1.77464e+09  -0.000202406 -0.000959646  0.000865503  0.269376 0.0800204   9.80269
1.77464e+09   0.00112671 -0.00417785 0.000908563  0.282744 0.0758892   9.79053
1.77464e+09   0.00261233 0.000344173 0.000213995   0.29081 0.0838758   9.78997
1.77464e+09  0.000682269  0.00576551  0.00284822  0.292027 0.0883829     9.803
1.77464e+09  0.000333352 0.000754194  0.00116095  0.285381 0.0973778    9.7977
1.77464e+09    0.00067306  -0.00233773 -0.000938279 0.286597 0.086032  9.80107
1.77464e+09    0.00133514  -0.00157983 -0.000139989  0.281332 0.0825715   9.79912
1.77464e+09   0.00180113  0.00125641 -0.00291231  0.291336 0.0781908   9.79921
1.77464e+09  -0.00193763  0.00255718   0.0028217  0.294079 0.0779008    9.8047
1.77464e+09  0.00447805 0.00398495 0.00398992  0.279968 0.0850344   9.79741
1.77464e+09   0.00500229  0.00143507 -0.00131685   0.27787 0.0760547   9.79678
1.77464e+09  0.000972222 0.000118542   0.0019268  0.292311 0.0691218   9.79653
1.77464e+09  0.00150529 0.00014073 0.00202016  0.287925 0.0827722   9.78584
1.77464e+09   0.00192752 -0.00064538  0.00134266  0.280165 0.0776772   9.78575
1.77464e+09    0.00941141   0.00480342 -0.000959601 0.286531  0.08809  9.80611
1.77464e+09    0.00268744   0.00127065 -0.000323649  0.279304 0.0929335   9.80003
1.77464e+09    0.00332522   0.00112742 -0.000854016 0.273789 0.088213  9.80428
1.77464e+09   0.00206209 0.000547709 0.000389442  0.266637 0.0887933   9.80711
1.77464e+09   0.0032224 0.00210772 -0.0048101  0.276769 0.0779999   9.79444
1.77464e+09   0.00186941 -0.00560518 -0.00201835  0.308611 0.0696868   9.78772
1.77464e+09  -0.000260331  -0.00297233   0.00278896 0.304414 0.066472  9.79717
1.77464e+09   0.00546746  0.00118206 -0.00176842 0.292569 0.060108  9.80673
1.77464e+09   0.00733388 -0.00152811  -0.0076149  0.290781 0.0729959   9.79997
1.77464e+09   0.00481392 -0.00184321 -0.00635099  0.289639 0.0907595   9.79585
1.77464e+09    0.00393178  0.000158104 -9.60581e-05  0.284933 0.0884931   9.80245
1.77464e+09   0.00499878  0.00119331 -0.00421965  0.279608 0.0901464   9.79735
1.77464e+09   0.00491278 -0.00160322 -0.00597138  0.272199 0.0928852   9.78527
1.77464e+09   0.00228431 -0.00210545 -0.00670161  0.278095 0.0823487   9.79349
1.77464e+09   0.00560529  0.00242749 -0.00637347  0.286467 0.0772787   9.80564
1.77464e+09  0.000104374 -0.00217418 -0.00308685  0.297986 0.0760022   9.81388
1.77464e+09    0.00321245 -0.000628531  -0.00579982  0.293372 0.0823907   9.80085
1.77464e+09    0.00225296 -0.000868066  -0.00637502  0.277871 0.0906976   9.79349
1.77464e+09   0.00128637  0.00144995 -0.00216425 0.278814 0.104404  9.78878
1.77464e+09   0.00344342 -0.00559721 -0.00843121 0.286584 0.104941  9.80011
1.77464e+09   0.00355422 -0.00192912 -0.00952691  0.284334 0.0967068   9.80972
1.77464e+09   0.00396677 1.16315e-06 -0.00291074  0.293473 0.0932191   9.81274
1.77464e+09   0.00301904 -0.00215755 -0.00406069 0.287494 0.105229  9.81424
1.77464e+09  0.00548169 0.00121866 -0.0117729 0.279896 0.084975  9.80908
1.77464e+09   0.00205382  0.00147515 -0.00553704  0.282059 0.0823014   9.80479
1.77464e+09   0.00186776 -0.00468819 -0.00719322 0.278629 0.093571  9.79425
1.77464e+09  -0.00142589 -0.00557515 -0.00590073 0.286137 0.107919  9.79024
1.77464e+09   0.00556594 -0.00224124 -0.00628929 0.281614 0.123017  9.78093
1.77464e+09   0.00198224 0.000464928 -0.00522673 0.276138 0.114284  9.76195
1.77464e+09   0.00124735  0.00216477 -0.00443764  0.27736 0.109541  9.76063
1.77464e+09   0.00188472 -0.00277015 -0.00429495 0.256285 0.103178  9.78062
1.77464e+09  -0.00197929  0.00121472 -0.00182616 0.267876 0.108852  9.79795
1.77464e+09  0.000783666 4.25586e-05 -0.00262538 0.281834 0.108088  9.79433
1.77464e+09   0.00159817 -0.00302648  0.00230522   0.28402 0.0992187   9.80147
1.77464e+09   -0.00187129  -0.00111093 -0.000629858  0.289481 0.0925827   9.79614
1.77464e+09    0.0016703  0.00308215 -0.00212885  0.293663 0.0839683   9.80155
1.77464e+09  -0.000903788  -0.00330761  0.000695607  0.285438 0.0842649   9.80417
1.77464e+09  0.000706031 -0.00299489 -0.00662966  0.271788 0.0840745   9.79959
1.77464e+09   0.00280399 -0.00135748    0.003041  0.267349 0.0840123   9.79482
1.77464e+09   0.00317245 0.000897896 -0.00319397  0.274969 0.0853569   9.79576
1.77464e+09   -0.00153052 -9.93963e-06  -0.00158528  0.275591 0.0905718   9.80924
1.77464e+09   -0.0049866 -0.00320196  0.00142447  0.278503 0.0893766   9.80645
1.77464e+09   0.000879665   0.00226209 -0.000232145  0.287277 0.0987671   9.80173
1.77464e+09  -0.00299869 -0.00134756  0.00688292 0.277799  0.10083   9.7966
1.77464e+09  -0.00210518 0.000888924   0.0022616  0.268774 0.0971378   9.80608
1.77464e+09  0.000302334  0.00130823  0.00309892  0.281373 0.0928928   9.81251
1.77464e+09  0.000321012 -0.00615843  0.00403794  0.294177 0.0856559   9.80979
1.77464e+09  -0.00431784 -0.00113623 0.000570722  0.292158 0.0782528    9.8062
1.77464e+09  -0.00343208 -0.00284736  0.00614233  0.280283 0.0926819   9.81363
1.77464e+09    0.00246051 -9.11776e-05   0.00474939   0.26921 0.0913054   9.81073
1.77464e+09  -0.00819969 -0.00682491  0.00421835  0.240323 0.0996852   9.81238
1.77464e+09  -0.00180802 -0.00145807  0.00978907 0.244057 0.099176  9.81292
1.77464e+09  -0.00172869  0.00385397  0.00491552  0.272013 0.0877386   9.81623
1.77464e+09  -0.000970024  0.000348971   0.00382096  0.285932 0.0714829   9.81332
1.77464e+09  -0.00402142 -0.00181546  0.00612698  0.285782 0.0826222   9.80861
1.77464e+09  -3.03825e-05  -0.00148881   0.00797471  0.286481 0.0984879   9.80931
1.77464e+09  -0.00348718 -0.00470653  0.00313203  0.281907 0.0928125   9.81096
1.77464e+09  -0.00247569  -0.0021222  0.00240333  0.282615 0.0879572   9.80206
1.77464e+09  -0.00330516 -0.00104153   0.0049216  0.290063 0.0861874    9.8013
1.77464e+09  0.000419017 -0.00291824  0.00677249  0.292029 0.0942142   9.80092
1.77464e+09  0.000592461  0.00359986  0.00602886  0.287385 0.0899396   9.80065
1.77464e+09  -0.00288613  0.00466099  0.00613617  0.272772 0.0782804   9.79659
1.77464e+09   -0.0042314 -0.00418462  0.00727281  0.272978 0.0724162   9.79019
1.77464e+09  0.000505772 -0.00214859  0.00368027  0.267655 0.0737234   9.78753
1.77464e+09  -0.00404173 -0.00103229 0.000746914  0.266498 0.0711285   9.79996
1.77464e+09  -0.00134097 -0.00528891 -0.00035969  0.266113 0.0657391    9.8001
1.77464e+09  -0.00467124 -0.00341332  0.00246319  0.279901 0.0782603   9.79847
1.77464e+09   0.00071138 -0.00141622  0.00596818  0.285642 0.0983229   9.80889
1.77464e+09  -0.00335602 -0.00613308  0.00291661 0.286895 0.083426  9.82581
1.77464e+09   0.00199141 -0.00424582  0.00414807  0.289857 0.0666675   9.82148
1.77464e+09  -0.00263241 -0.00179946   0.0047816  0.282466 0.0633649   9.82607
1.77464e+09  -0.000647703  -0.00283926   0.00123977  0.284435 0.0734016   9.82775
1.77464e+09  -0.000342584  -0.00030995  -0.00206824  0.280172 0.0859619   9.80472
1.77464e+09  -0.00344074 -0.00392237   0.0025059  0.287378 0.0840777   9.79613
1.77464e+09  0.000376733  0.00324882  0.00189114   0.27486 0.0733141   9.78946
1.77464e+09   0.00251148  0.00244843 -0.00147372  0.27659 0.067828   9.7909
1.77464e+09  -0.000216805  0.000655424  -0.00320074  0.300496 0.0481525   9.80258
1.77464e+09  0.00124684 0.00147859  0.0024461  0.309331 0.0514667   9.80863
1.77464e+09   0.00384924 -0.00141251 -0.00411284  0.292554 0.0700041   9.82019
1.77464e+09  -0.00185593 -0.00317867 -0.00446333  0.281049 0.0892244   9.81268
1.77464e+09   0.00263923  0.00361546 -0.00449027  0.291442 0.0934874   9.80729
1.77464e+09  0.00317123 0.00204343 -0.0046374 0.308038 0.073639  9.81021
1.77464e+09   0.00519297  0.00155762 -0.00510134  0.298234 0.0701091   9.79904
1.77464e+09    0.00119087  -0.00337851 -0.000901363  0.296808 0.0779845    9.7995
1.77464e+09   0.00240479 0.000619025 -0.00597213   0.28068 0.0864535   9.80381
1.77464e+09   0.00377936 0.000633249 -0.00461113  0.268686 0.0885119   9.80635
1.77464e+09  0.000887504  0.00170235 -0.00522271  0.295054 0.0802487   9.79714
1.77464e+09   0.00172965  0.00153933 -0.00370693   0.3082 0.085129  9.79836
1.77464e+09   0.00401522 -0.00412463 -0.00472325  0.290495 0.0825756   9.78895
1.77464e+09  0.00580224 0.00178425 -0.0078526  0.292863 0.0684925   9.78894
1.77464e+09   0.00341257 -0.00077347 -0.00772095  0.290729 0.0840506   9.77975
1.77464e+09   0.00443412 1.37881e-05 -0.00502037  0.286326 0.0769532   9.79751
1.77464e+09    0.00318076 -0.000621091  -0.00761035   0.27364 0.0734684    9.7953
1.77464e+09  -0.000518012  -0.00121634 -0.000964694  0.263561 0.0760357   9.79814
1.77464e+09    0.00637803 -0.000667516  -0.00615534  0.257499 0.0867206   9.79669
1.77464e+09   0.00380082  0.00147388 0.000255337  0.276411 0.0946687   9.80408
1.77464e+09    0.00615177 -4.90413e-05  -0.00412826  0.285904 0.0971173   9.80646
1.77464e+09    0.00413108 -0.000224818  -0.00541248  0.292966 0.0934549   9.80445
1.77464e+09     0.0015415 -0.000342905  -0.00587458 0.282871 0.094265   9.7984
1.77464e+09   0.00408227  0.00138198 -0.00618765  0.293346 0.0846139   9.80298
1.77464e+09   0.00721719  0.00349904 -0.00787987  0.288297 0.0867262   9.79692
1.77464e+09  0.000932514  -0.0042769 0.000474028    0.2902 0.0834173   9.79998
1.77464e+09   0.00524907  0.00312164 -0.00660207  0.290982 0.0827032   9.80554
1.77464e+09   0.000753241 -4.31127e-05  -0.00309821  0.277822 0.0839294   9.79871
1.77464e+09    0.0045011  0.00377317 -0.00679133  0.269792 0.0851217    9.7999
1.77464e+09   0.00560253 0.000686282 -0.00433901  0.271822 0.0784681   9.79583
1.77464e+09   0.00115904 -0.00671908 -0.00407155   0.27209 0.0714172   9.80153
1.77464e+09  0.00209102  0.0010951  0.0025175  0.274982 0.0629499   9.82218
1.77464e+09   0.00569251 -0.00326374 -0.00881713  0.283165 0.0759512   9.83135
1.77464e+09  -0.00017819 0.000546105 -0.00043785  0.287495 0.0781525   9.83112
1.77464e+09  0.00343389 0.00166278 -0.0028881 0.294379 0.090062  9.81761
1.77464e+09    0.00217127 -0.000476962   0.00282015 0.282408 0.108137  9.80776
1.77464e+09    0.00501926 -5.27321e-05  -0.00150802 0.267881 0.105984  9.81509
1.77464e+09    0.00363149 -0.000869147  0.000831544  0.278474 0.0986912   9.81818
1.77464e+09    0.00181803 -0.000428512  -0.00266132  0.282119 0.0924648   9.80957
1.77464e+09  0.00493166 0.00118639 0.00110548 0.298857 0.090742   9.8086
1.77464e+09  -0.00170295 -0.00365508  0.00336142 0.303206 0.101057  9.79652
1.77464e+09    0.00182977   0.00162882 -0.000435054 0.294803 0.106726  9.80401
1.77464e+09   0.00516167 -0.00401255  0.00224184  0.291455 0.0864978   9.82121
1.77464e+09  -0.00172619 0.000308812 8.67888e-05   0.28926 0.0850927   9.82437
1.77464e+09   0.00269827  -0.0014614 -0.00122788   0.27352 0.0954627    9.8184
1.77464e+09  1.64645e-05  0.00155096  0.00378034 0.285988 0.103654  9.81359
1.77464e+09  -0.00213461 -0.00329238  0.00255018 0.288452 0.103768  9.80216
1.77464e+09  -0.000579683  -0.00266358 -7.03806e-05 0.281574 0.108252  9.80615
1.77464e+09  -0.00197675  0.00486976      0.0058  0.283337 0.0911562   9.80007
1.77464e+09   -0.00249148 -0.000202292   0.00342175    0.2681 0.0830664   9.80351
1.77464e+09  0.000481337 0.000191871  0.00282306  0.243952 0.0847913   9.81338
1.77464e+09  -0.00172149  0.00193239  0.00351175  0.251062 0.0825317   9.81479
1.77464e+09   0.00101201 0.000959766  0.00440717 0.260772 0.088015  9.81798
1.77464e+09  -0.000567144   0.00473241   0.00510728   0.26732 0.0946237   9.81637
1.77464e+09  -5.32042e-05   0.00210398  -0.00182424  0.274511 0.0963681   9.81564
1.77464e+09  -0.000996619   0.00139077   0.00143332  0.273863 0.0922385   9.81432
1.77464e+09    -0.0029323 -0.000568548  0.000406579  0.264928 0.0869007   9.80377
1.77464e+09  -0.00102564 0.000821524  0.00466701 0.274434 0.088639  9.80299
1.77464e+09  -0.00346074 0.000306583 0.000918761  0.289288 0.0779654   9.80143
1.77464e+09   0.000332351  0.000711601 -0.000788285  0.284972 0.0813778   9.80864
1.77464e+09  -0.000420251 -0.000813563   0.00232054  0.275306 0.0891413   9.80749
1.77464e+09  -0.00142338  0.00209072  0.00397598  0.288848 0.0926397   9.80225
1.77464e+09   -0.00100457 -0.000273109   0.00107484  0.301141 0.0902084    9.8026
1.77464e+09  -0.00212465  0.00234402  0.00414877  0.28966 0.084047   9.7974
1.77464e+09   -0.0024119 -0.00843842  0.00220146  0.275559 0.0912883   9.79651
1.77464e+09   -0.00260661 -0.000672091    0.0006476  0.265019 0.0981679   9.79448
1.77464e+09   0.00166263 0.000544415 -0.00251939 0.261298  0.08891  9.78501
1.77464e+09   -0.00127052 -0.000392824  -0.00237488 0.272432 0.095206  9.78856
1.77464e+09  -0.00558344 -0.00287548  0.00686766  0.290185 0.0958976   9.79883
1.77464e+09  -0.00201956   0.0015869 0.000365425 0.295886 0.080729  9.80546
1.77464e+09  -0.00390145   0.0028379  0.00170732   0.28394 0.0724804   9.79556
1.77464e+09   -0.00432227  0.000307492 -0.000759834  0.277883 0.0679672   9.78243
1.77464e+09  -0.00311723 -0.00542283 0.000376722  0.280442 0.0685902   9.78546
1.77464e+09   -0.00328035 -0.000769527 -0.000401451  0.300886 0.0794384   9.79279
1.77464e+09  -0.00245394 0.000352977  0.00158419 0.303296 0.086808  9.78707
1.77464e+09   -0.0012903 -0.00273627 -0.00143985  0.302148 0.0653365   9.78731
1.77464e+09   0.00334884 -0.00228506   0.0011527  0.295419 0.0572078   9.79359
1.77464e+09  -0.000850078  -0.00355105  0.000841522 0.299402 0.077111  9.79864
1.77464e+09  -0.00235901  0.00130473  -0.0014065  0.286802 0.0934185   9.79449
1.77464e+09  -0.000147652  -0.00565228  -0.00254349  0.273535 0.0760907   9.79223
1.77464e+09  -0.00349161 -0.00309101  0.00731963  0.272294 0.0614285    9.7922
1.77464e+09  -0.00142814 -0.00153466 -0.00173282  0.285344 0.0629672   9.78542
1.77464e+09     0.003237  0.00257425 -0.00280593   0.28244 0.0559343   9.79605
1.77464e+09  -0.00217677 0.000995476  0.00299565  0.283004 0.0638176   9.80832
1.77464e+09  -0.000425582  -0.00171937 -0.000130615  0.297496 0.0503006   9.82199
1.77464e+09   0.00264875 0.000645563 -0.00118491   0.29313 0.0432958   9.82516
1.77464e+09   0.000626049  0.000573613 -0.000371934  0.30312 0.058428  9.82433
1.77464e+09   0.00246545  0.00192052 -0.00177032   0.30469 0.0824036   9.82051
1.77464e+09  0.000151706 0.000711631 0.000589493 0.293005 0.101544  9.82332
1.77464e+09   0.00205642 -0.00239661  0.00372358  0.264625 0.0829044   9.82258
1.77464e+09  0.00224152 0.00292452 0.00171332 0.268052 0.078734  9.81093
1.77464e+09  0.000222731 -0.00433131  0.00114767  0.276353 0.0750497   9.79616
1.77464e+09   0.00123253 -0.00191913 0.000142752  0.274658 0.0541469   9.79962
1.77464e+09  0.00274707 0.00401909 0.00551038  0.270595 0.0484807   9.82329
1.77464e+09  0.000174127 0.000313735 -0.00112988  0.273076 0.0539454   9.82791
1.77464e+09   -0.00021756  -0.00300843 -0.000609888  0.281433 0.0609779   9.82421
1.77464e+09   0.00648843 5.28354e-05 0.000760772  0.293191 0.0729017    9.8037
1.77464e+09     0.0030036  -0.00106467 -0.000285194  0.292631 0.0779152   9.79869
1.77464e+09   0.00300075 0.000350485  0.00303672  0.287955 0.0695566   9.79507
1.77464e+09   0.00333931 -0.00183503 -0.00227326  0.288681 0.0668357   9.78303
1.77464e+09   0.00370038 -0.00296224 -0.00384405  0.278084 0.0500369   9.78621
1.77464e+09    0.00168529  -0.00154656 -0.000779041  0.279986 0.0561189   9.79962
1.77464e+09   0.00540299 -0.00131348 0.000186287  0.280372 0.0696079   9.81816
1.77464e+09   0.00610493 -0.00109686 -0.00224758  0.282468 0.0757557   9.82408
1.77464e+09    0.0027567  0.00304622 -0.00263548  0.262161 0.0826752   9.82216
1.77464e+09  0.000306414 -0.00320687 -0.00292904  0.269014 0.0734463   9.83333
1.77464e+09     0.0044407 -0.000557464  -0.00738037  0.266651 0.0765464   9.82491
1.77464e+09    0.0040112 0.000424479 -0.00339906 0.283061  0.06773  9.80895
1.77464e+09   0.00325632    -0.00149 -0.00625388   0.27494 0.0544187   9.79307
1.77464e+09   0.00257437  0.00105866 -0.00246415  0.257829 0.0738762   9.77862
1.77464e+09    0.0039802  0.00808115 -0.00372492  0.237564 0.0711892   9.79268
1.77464e+09   0.00540272  0.00375241 -0.00487313 0.244783 0.068502   9.7991
1.77464e+09    0.00490572 -0.000364037  -0.00564228 0.260407 0.074325    9.804
1.77464e+09     0.002216 -0.00127307  -0.0056517  0.272125 0.0802584   9.80963
1.77464e+09   0.00346312 -0.00334796 -0.00305819  0.275641 0.0804942   9.80195
1.77464e+09    0.0016482 0.000977014  -0.0101112  0.273441 0.0828138   9.78809
1.77464e+09   0.00496739 -0.00273679 -0.00494421  0.256264 0.0772392   9.79846
1.77464e+09   0.00423028  -0.0013701 -0.00656474  0.250048 0.0785432   9.80539
1.77464e+09  0.000686788  0.00102527 -0.00800669  0.263414 0.0776226   9.80474
1.77464e+09   0.00168768 -0.00137214 -0.00394037  0.274573 0.0949798   9.79341
1.77464e+09  0.00429009 0.00347943 -0.0060206  0.270512 0.0994487   9.79486
1.77464e+09  0.000130912 -0.00117683 -0.00359934  0.266896 0.0856759   9.80543
1.77464e+09     0.0036371 -0.000523473   -0.0057988  0.258707 0.0763749   9.81331
1.77464e+09   0.00196409 -0.00796508 -0.00247678  0.259953 0.0749635   9.81253
1.77464e+09   0.00113521 -0.00498582 -0.00541865   0.27317 0.0759867    9.8023
1.77464e+09   0.00151096 -0.00186303 -0.00684207  0.282699 0.0981215   9.79839
1.77464e+09  0.000702113  0.00142425 -0.00532871 0.296481 0.100483  9.80608
1.77464e+09    0.0023082 -0.00103341 -0.00226848  0.289513 0.0995335   9.81504
1.77464e+09    0.00405204 -0.000247028  -0.00269257  0.28017 0.109105  9.81916
1.77464e+09  -0.00143466  0.00730049 -0.00368002  0.27309 0.104446  9.80466
1.77464e+09  -0.000199854  0.000423249  -0.00168267 0.266705 0.101328  9.78573
1.77464e+09    0.00151107  -0.00268775 -0.000838882  0.274515 0.0842703    9.7866
1.77464e+09   0.00181541 -0.00354744 -0.00145215  0.287076 0.0885457   9.79003
1.77464e+09  0.000289002 0.000983171 -0.00301842  0.282884 0.0875314   9.78988
1.77464e+09    0.00337583   0.00457105 -0.000786552   0.27844 0.0816267   9.78957
1.77464e+09  0.00172235 0.00219456 0.00137831  0.283556 0.0861305   9.79383
1.77464e+09   0.00202504 -0.00239765  0.00365223  0.278383 0.0854076   9.79019
1.77464e+09   -0.00363592   0.00138229 -0.000770608 0.281522 0.091126  9.78741
1.77464e+09  -0.00236271  0.00194099  0.00232888  0.284454 0.0913912   9.79356
1.77464e+09  0.00373458 0.00451423 0.00293781  0.291752 0.0917426   9.78916
1.77464e+09  -0.00118002 -0.00214708  0.00133683  0.284709 0.0941102   9.79216
1.77464e+09  -0.00312957 -0.00255174  0.00158684 0.278793 0.103756   9.7937
1.77464e+09  -0.00159832  -0.0048384  0.00494304 0.271491 0.113576  9.79889
1.77464e+09   0.000619299 -0.000775205 -0.000669381  0.276788 0.0962698   9.80399
1.77464e+09  0.000582893 -0.00130036  0.00369369  0.289297 0.0862904    9.7894
1.77464e+09  -0.00410836 -0.00192098  0.00563188  0.298004 0.0814541   9.78562
1.77464e+09  -0.00329023  0.00277097  0.00702892  0.293401 0.0853369   9.79577
1.77464e+09  0.000366825 -0.00427282  0.00255645  0.283031 0.0847532   9.80099
1.77464e+09  -0.00240924  0.00119986  0.00461805  0.292737 0.0742401   9.80539
1.77464e+09  -0.00180237  -0.0027474  0.00146461  0.293389 0.0861011   9.80971
1.77464e+09  0.00295832 0.00236564 0.00595649  0.267412 0.0872053   9.80579
1.77464e+09  -0.00132358 -0.00240576  0.00454869  0.256122 0.0948454   9.80905
1.77464e+09   -0.0050394 -0.00554595  0.00368698 0.252387 0.088796  9.80328
1.77464e+09  -0.00064522 0.000319376  0.00345553  0.244717 0.0718895   9.80645
1.77464e+09  -0.00317355  0.00091077  0.00513418  0.254832 0.0588955   9.80679
1.77464e+09  -0.00128284  0.00054801  0.00423529  0.253348 0.0665888   9.80895
1.77464e+09  -0.00201711  0.00016071  0.00475545  0.258806 0.0799087   9.79684
1.77464e+09  -0.00225266 0.000698725  0.00369407  0.271801 0.0899937   9.79283
1.77464e+09  -7.19484e-05  0.000697092   0.00299986 0.282455 0.103485  9.79718
1.77464e+09  -0.00132787 -0.00054246  0.00534402  0.277264 0.0981625   9.79924
1.77464e+09  -0.00275106 -0.00273429  0.00373855 0.273972 0.091709  9.80125
1.77464e+09  -0.00232005 -0.00170866 2.34121e-05  0.285661 0.0747493   9.80239
1.77464e+09   4.40822e-05 -0.000208434   0.00346586   0.27421 0.0678559   9.78653
1.77464e+09   0.000264916 -0.000318716   0.00461378  0.286764 0.0555789   9.80094
1.77464e+09    0.00215731 -0.000433857  -0.00151797   0.28673 0.0507338   9.81796
1.77464e+09  -0.00300234 -0.00705426   0.0050608  0.293534 0.0637616   9.81493
1.77464e+09  -0.00179324   0.0019329  0.00238485  0.292908 0.0729351   9.80529
1.77464e+09  -0.000803882   0.00524716  -0.00232293  0.291104 0.0864783    9.7987
1.77464e+09  -0.00324072 0.000627937 -0.00118104  0.28544 0.087324  9.80278
1.77464e+09   -0.00117769 -0.000175456   0.00241468  0.289475 0.0831016   9.80237
1.77464e+09  0.000325656  0.00167964 -0.00137154  0.273894 0.0908109   9.79966
1.77464e+09  -0.00158667  0.00180455   0.0012988  0.272364 0.0811195   9.80878
1.77464e+09  -0.00028527  -0.0017032 -0.00085085  0.281281 0.0540711   9.79971
1.77464e+09  0.000560914  0.00277505 -0.00439169 0.275738 0.054064  9.79095
1.77464e+09   -0.0046083 0.000430776 -0.00203426  0.273545 0.0486667   9.80502
1.77464e+09  -0.00171333 -0.00792271 -0.00499752  0.275157 0.0652291   9.81411
1.77464e+09  0.000366544 -0.00320552 -0.00128169  0.271425 0.0707273    9.8139
1.77464e+09   0.00439516  0.00244575 -0.00571458  0.279878 0.0613915   9.81263
1.77464e+09   0.00308787  0.00138954 -0.00262572  0.282389 0.0744497   9.81747
1.77464e+09  0.000159634 -0.00429156 -0.00288571  0.289333 0.0633043   9.81231
1.77464e+09  0.000490141 -0.00214553 -0.00659754  0.283011 0.0553942     9.799
1.77464e+09  -3.65743e-05  -0.00189669  -0.00403231  0.289127 0.0617793   9.80614
1.77464e+09   0.00112275   0.0037005 0.000613848  0.292353 0.0607136   9.81713
1.77464e+09  0.000598689 -0.00221479 -0.00237674  0.280451 0.0730359   9.81332
1.77464e+09     0.0018569 -0.000349377  -0.00065453 0.289329 0.080724  9.82309
1.77464e+09   0.00323073 -0.00146736 -0.00931521   0.29153 0.0777694   9.82851
1.77464e+09   0.00707351 -0.00430461 -0.00225256  0.291617 0.0716534   9.82467
1.77464e+09    0.0025841  0.00158604 -0.00185735  0.285956 0.0763188    9.8164
1.77464e+09   0.00306814  0.00138776 -0.00145424  0.281833 0.0680776   9.82174
1.77464e+09  -0.000530486  -0.00156285 -0.000500816  0.286178 0.0730836   9.82238
1.77464e+09   0.00271182 -0.00141975 -0.00418399  0.296917 0.0778803   9.81252
1.77464e+09    0.00400365 -0.000163177  -0.00199305  0.29617 0.088175  9.81295
1.77464e+09  0.000594952 0.000715777 -0.00194132  0.284268 0.0778306   9.81534
1.77464e+09   0.00325303 -0.00417002 -0.00277234  0.282657 0.0638907   9.80712
1.77464e+09   0.00379793 -0.00389227  -0.0058053  0.276466 0.0665965   9.80069
1.77464e+09   0.00159961 -0.00240404 -0.00210373  0.291164 0.0510478   9.79506
1.77464e+09  0.00403582 0.00606287 0.00133216  0.288029 0.0490628   9.78313
1.77464e+09   0.00577367  0.00173689 -0.00316382  0.279249 0.0608385   9.77643
1.77464e+09   0.00147224 -0.00576308 -0.00635907 0.270734 0.071466   9.7959
1.77464e+09  -0.000662925  -0.00370517  -0.00280783  0.275605 0.0695104   9.79679
1.77464e+09   0.000643322  -0.00070626 -0.000272116  0.285679 0.0757814   9.79709
1.77464e+09   0.00450922 -0.00162187 -0.00485934 0.289458 0.079453  9.79887
1.77464e+09   0.00235837  0.00254786 -0.00294971  0.296499 0.0862842   9.79704
1.77464e+09  0.000860217  0.00441696  0.00177316  0.296859 0.0881413    9.7994
1.77464e+09   0.00153008  0.00510557 -0.00287114  0.284541 0.0907002   9.80968
1.77464e+09    0.00141228 -0.000933374  -0.00062409 0.279179 0.100609  9.81235
1.77464e+09   0.00623069  0.00100423 -0.00134293 0.284503 0.081011  9.80778
1.77464e+09   0.00238646 -0.00295838   0.0023177  0.279238 0.0650598   9.79591
1.77464e+09   0.00152613 -0.00191753 -0.00237379  0.279782 0.0648587   9.79418
1.77464e+09  -0.000802906  0.000931477   0.00193581  0.276839 0.0587762   9.80075
1.77464e+09   0.00199516  0.00141123 -0.00301165  0.279603 0.0663938   9.81059
1.77464e+09    0.00645793  -0.00156968 -0.000915588  0.276486 0.0634163   9.81154
1.77464e+09  -0.000815977  -0.00143333  -0.00227514  0.246486 0.0685106   9.80681
1.77464e+09   0.00174489  0.00204782 -0.00314673  0.258384 0.0813965   9.79686
1.77464e+09   0.00487825 -0.00408421  -0.0045464  0.279856 0.0842886   9.79834
1.77464e+09   -0.00268657 -0.000322836  -1.4365e-05  0.274515 0.0785875   9.79945
1.77464e+09   0.00118709 -0.00136462 -0.00424658  0.260262 0.0806836   9.79815
1.77464e+09    0.0035581 0.000340391  0.00142206  0.263885 0.0866765   9.80406
1.77464e+09  0.00135891 0.00316749 0.00366059  0.273565 0.0941366   9.78777
1.77464e+09   0.000898391 -0.000560427  -0.00441489   0.28268 0.0916118   9.77851
1.77464e+09  -0.00217877  0.00103457 -0.00200978       0.3 0.0881305   9.78574
1.77464e+09   0.00383634 2.54197e-05 -0.00075924  0.303434 0.0764113   9.78581
1.77464e+09   0.00344797 -0.00206005 -0.00161458  0.287886 0.0715789   9.78712
1.77464e+09  0.000888289 0.000227017 0.000517316 0.277263 0.076537  9.79506
1.77464e+09   0.000319774 -0.000839239   -0.0013616  0.262963 0.0917328   9.80399
1.77464e+09  0.000412869 -0.00196684 9.66805e-05 0.266965 0.100861  9.81496
1.77464e+09  -0.00211326 -0.00221295 -0.00479537 0.274381 0.094048  9.81009
1.77464e+09   0.00035954 -0.00178333  0.00254643  0.282207 0.0859827   9.79715
1.77464e+09   0.0022059 0.00501133 0.00246511  0.285404 0.0841701   9.78131
1.77464e+09  -0.00208412 -0.00268188 -0.00356353  0.292182 0.0854165   9.77887
1.77464e+09  -0.00384772 -0.00157688  -0.0051529  0.287277 0.0951152   9.79232
1.77464e+09   -0.00157001 -0.000842623   0.00207866  0.279274 0.0974516   9.80486
1.77464e+09  -0.00252526 -0.00136732  0.00294509  0.279332 0.0857061   9.79677
1.77464e+09  -0.00133355   0.0027567  0.00101805  0.292254 0.0780319   9.80699
1.77464e+09  -0.00353737  0.00299432 -0.00145493  0.295292 0.0682849   9.80821
1.77464e+09  0.000848895 0.000814546  0.00382646  0.295676 0.0760155   9.82011
1.77464e+09   -0.00404252  -0.00557208 -0.000258025  0.278217 0.0815628   9.81612
1.77464e+09  -0.00179866 -0.00175324 0.000327939  0.273972 0.0903151   9.81125
1.77464e+09  -0.00127271 0.000888633 0.000984371  0.275073 0.0815813   9.80761
1.77464e+09   -0.00192497  -0.00320452 -0.000217317  0.278908 0.0803349   9.80031
1.77464e+09  9.07101e-05  0.00083371 0.000358382  0.289414 0.0738427    9.7984
1.77464e+09  -0.00118466  0.00230126   0.0038862  0.300805 0.0918123   9.79918
1.77464e+09  -0.0020139 0.00166003 0.00501527  0.297133 0.0943246   9.78941
1.77464e+09  -0.00341978 -0.00497226  0.00535189  0.308685 0.0853279    9.7717
1.77464e+09  -0.00174302  0.00023643  0.00432042   0.29619 0.0765439   9.77332
1.77464e+09  0.000405512 -0.00098123   0.0062529  0.292258 0.0673873   9.77937
1.77464e+09   -0.00205816  0.000767861 -8.34782e-05     0.288 0.0763392   9.78954
1.77464e+09   -0.00147228 -0.000714845   0.00253018  0.280021 0.0855696   9.80149
1.77464e+09  -0.00173867 0.000186435  0.00148343  0.278122 0.0851967   9.81324
1.77464e+09   0.00255916 -0.00245405  0.00270266  0.288808 0.0899989   9.81194
1.77464e+09   0.00226844  0.00269276 0.000216297  0.289156 0.0901391    9.8117
1.77464e+09   0.00257494 -0.00241172  0.00303122   0.29422 0.0876373   9.80836
1.77464e+09   0.00126403 -0.00394058  0.00626475  0.293291 0.0958894   9.80566
1.77464e+09  0.000120661  0.00381008  0.00227789  0.27276 0.103439  9.80502
1.77464e+09    0.00114589 -0.000198403   0.00365042 0.281363  0.10468  9.80946
1.77464e+09  -0.000463058    -0.002706   0.00256931   0.27757 0.0960622   9.82317
1.77464e+09  -0.00113779 -0.00281395  0.00503251   0.28491 0.0828319   9.81493
1.77464e+09  -0.00157975 -0.00338317  0.00141143  0.291438 0.0897612    9.8013
1.77464e+09  0.000999721 -0.00458762  0.00313189 0.279907 0.085567  9.79972
1.77464e+09   -0.0017752 -0.00258825 0.000125632  0.281768 0.0791236   9.80505
1.77464e+09  0.000547853 0.000620408  0.00175119   0.29201 0.0839091   9.80359
1.77464e+09   0.00227872 3.02941e-06  0.00441402  0.290031 0.0863557     9.802
1.77464e+09  0.000276707  0.00116169  0.00592397 0.288896 0.075585  9.78459
1.77464e+09   0.00119091 -0.00436159  0.00112937  0.298322 0.0629817   9.77834
1.77464e+09  -0.00406855 -0.00111488  0.00104686  0.290804 0.0753023    9.7844
1.77464e+09  0.00404003 0.00340008 0.00123839  0.283243 0.0900082     9.784
1.77464e+09   0.000316589 -0.000826299 -0.000473231  0.280829 0.0702006    9.7902
1.77464e+09  -0.00168685 -0.00325317  0.00168774  0.272419 0.0647177    9.8121
1.77464e+09  -0.000856457  -0.00151298  0.000436284  0.270761 0.0797524   9.82651
1.77464e+09  0.00177047 0.00170577 0.00206881  0.274436 0.0787988   9.80735
1.77464e+09    0.00557854   0.00194921 -0.000369308  0.278323 0.0833417   9.80723
1.77464e+09  0.000619633  0.00046133 -0.00225219 0.269417 0.076268  9.81469
1.77464e+09   0.00390424  0.00244088 -0.00294051  0.265316 0.0599052   9.81104
1.77464e+09   0.00632329  0.00170645 -0.00162275  0.266249 0.0631706   9.81002
1.77464e+09  0.000831336 -0.00315715 0.000636811  0.273374 0.0608452   9.81067
1.77464e+09   0.00279615 -0.00222103  -0.0069655 0.276636 0.059029  9.79387
1.77464e+09   0.00148955 -0.00232439 -0.00290043  0.274686 0.0666283   9.78293
1.77464e+09    0.00074144  -0.00253697 -0.000667899  0.293905 0.0653987   9.78835
1.77464e+09    0.00208662 -0.000865325  -0.00426858  0.303036 0.0542621    9.7949
1.77464e+09   0.00242507 -0.00210784 -0.00338728  0.302344 0.0586277   9.80549
1.77464e+09   0.00318731   0.0017288 -0.00288661   0.27747 0.0715999   9.80488
1.77464e+09    0.0029305 0.000604103 -0.00383381  0.270649 0.0901094   9.81011
1.77464e+09   0.00109088 -0.00586057  -0.0100627  0.271186 0.0975958   9.80548
1.77464e+09    0.0059687 -0.00172729  -0.0010444  0.278497 0.0972089   9.78779
1.77464e+09   0.00209909 -0.00249184 -0.00823478  0.286079 0.0875427   9.78881
1.77464e+09   0.00402033  0.00196329 -0.00414199 0.287415 0.088729  9.79731
1.77464e+09     0.001909 -0.00393185 -0.00347231  0.271407 0.0893081   9.80194
1.77464e+09   0.00307612   0.0037929 -0.00644174  0.262513 0.0879945    9.8057
1.77464e+09   0.00238785 -0.00225691 -0.00545127  0.276722 0.0907087   9.80523
1.77464e+09   3.01332e-05 -0.000949726   -0.0054138  0.288043 0.0803405   9.80795
1.77464e+09    0.00230412 -0.000204459  -0.00602549  0.284619 0.0784202   9.79346
1.77464e+09    0.00563868 -0.000359016  0.000473441  0.281034 0.0733725   9.78264
1.77464e+09   0.00458123 -0.00287346 -0.00810082  0.270787 0.0877466   9.79102
1.77464e+09    0.00261321 -0.000351016  -0.00643037 0.246936 0.106513  9.79982
1.77464e+09  2.67053e-05 -0.00151494 -0.00570676 0.244876 0.113584  9.80524
1.77464e+09   0.00323168 -0.00227068 -0.00662465  0.266005 0.0998396    9.8022
1.77464e+09   0.00457435  0.00311223 -0.00318237  0.286845 0.0963166   9.79439
1.77464e+09   0.00464401 -0.00293851 -0.00664412  0.28435 0.098614  9.79507
1.77464e+09   0.0048679 0.00395802 -0.0066753  0.268321 0.0960698   9.79739
1.77464e+09   0.00384203 0.000674862 -0.00148373  0.267035 0.0949893   9.78998
1.77464e+09   0.00235949 -0.00147745 -0.00217632  0.284231 0.0964657   9.79148
1.77464e+09   0.00404128  0.00167681 -0.00360849  0.288527 0.0833765   9.80875
1.77464e+09  0.00205948 0.00012027 0.00187752  0.281007 0.0828264   9.80781
1.77464e+09   0.00060105 -0.00528731 -0.00543571  0.291722 0.0878539   9.81365
1.77464e+09   -0.00247576 -0.000594355  -0.00130236  0.295723 0.0890845   9.81724
1.77464e+09  0.000512965  0.00110882  0.00283222  0.299815 0.0932852   9.80921
1.77464e+09    0.00105838 -0.000392026     0.001983  0.288879 0.0879369   9.80505
1.77464e+09   0.000356841    0.0015251 -0.000601878  0.289598 0.0822495   9.80095
1.77464e+09  0.000882818  0.00154522  0.00267087  0.288872 0.0801151   9.81015
1.77464e+09    0.0010515 -0.00092477 -0.00176106  0.286793 0.0907344   9.80705
1.77464e+09  -0.000263475  -0.00619713  -0.00135383 0.287022 0.114935  9.79617
1.77464e+09   -0.00034264  -0.00483056 -0.000624849  0.264955 0.0989956     9.789
1.77464e+09    0.0021577 -0.00120984 -0.00353948  0.252988 0.0731604   9.78623
1.77464e+09    0.00102468 -0.000539337 -0.000656886  0.234449 0.0708093   9.79743
1.77464e+09   0.00227605 -0.00349281  0.00314294 0.238084 0.076988   9.8087
1.77464e+09   -0.00160227  0.000241866 -0.000281431 0.245131 0.090902  9.80875
1.77464e+09  0.00386026   0.003012 0.00124321   0.2651 0.108093  9.80804
1.77464e+09  0.000410008 -0.00317905  0.00285702 0.295469 0.109372  9.80145
1.77464e+09   3.98065e-06 -0.000670087   0.00296142 0.311223 0.114184  9.80328
1.77464e+09   -0.00144994 -0.000507631  5.60597e-05 0.308254 0.104766  9.80082
1.77464e+09  -0.00125808 -0.00158468 0.000655789  0.288137 0.0948916   9.80402
1.77464e+09   -0.00153188 -0.000792436    0.0029808  0.276274 0.0883745   9.79794
1.77464e+09  -0.00121457 -0.00248334 -0.00282612  0.263524 0.0861438   9.79229
1.77464e+09  -0.00151683 -0.00245834  0.00604557  0.271132 0.0909275   9.79463
1.77464e+09  -0.000857607  -0.00712379   0.00689069  0.280784 0.0942182   9.80444
1.77464e+09  -0.000845869  -0.00394674   0.00473485  0.290413 0.0909965   9.80743
1.77464e+09  -0.00392844  0.00383691  0.00459833  0.294176 0.0896521   9.80258
1.77464e+09  -0.00381329 -0.00488595  0.00360054  0.293906 0.0854576   9.80366
1.77464e+09  -0.00398799 -0.00320914  0.00217111 0.286985 0.077074  9.80762
1.77464e+09   -0.00068717 -0.000177564   0.00646072  0.281136 0.0825278    9.7937
1.77464e+09  -0.00238689 -0.00404713 -0.00133577  0.276219 0.0868932   9.79143
1.77464e+09  -0.00168567  0.00359907  0.00391284  0.279157 0.0916904   9.79158
1.77464e+09   0.000718822  0.000454414 -0.000952093   0.27644 0.0824312   9.79217
1.77464e+09   0.000959005 -0.000115901   0.00201305 0.274668 0.086085  9.78536
1.77464e+09  0.000290936 -0.00132511 0.000347565  0.266809 0.0834011    9.7907
1.77464e+09  -0.00761077 -0.00301987  0.00157377 0.276071 0.077999  9.79763
1.77464e+09  -0.0022231 0.00360122 0.00272085  0.268113 0.0772153   9.81124
1.77464e+09  -0.000626839 -0.000320812   0.00258501 0.276902 0.079525  9.81092
1.77464e+09   0.00182747 0.000513459  0.00230537  0.279878 0.0772854   9.79384
1.77464e+09  -0.00329299 0.000542941  0.00251501  0.277241 0.0781329   9.79345
1.77464e+09  -0.00224015 -0.00379177  0.00292961  0.281969 0.0764864   9.80166
1.77464e+09   -0.00100206   -0.0013659 -0.000753451  0.290361 0.0784695   9.79541
1.77464e+09  -0.00173447   0.0016814  0.00147564  0.296641 0.0741039   9.79062
1.77464e+09  -0.00388414 -0.00317219  0.00190934  0.287665 0.0640088   9.79708
1.77464e+09   -0.00229025  -0.00018848 -0.000396593  0.284945 0.0762508   9.80456
1.77464e+09    0.00104659 -0.000211756 -0.000520402  0.274877 0.0923245   9.79814
1.77464e+09   0.00107998  0.00041971 -0.00232094   0.28128 0.0967612   9.80456
1.77464e+09  -0.00177579  0.00082541 -0.00113094  0.301367 0.0832067   9.80804
1.77464e+09  -0.00260901  -0.0027194 -0.00641213  0.316969 0.0659471   9.78887
1.77464e+09  0.00077121 -0.0020259 0.00192719  0.300724 0.0550291   9.77827
1.77464e+09   0.00171922 0.000774896  0.00116795  0.294115 0.0640898   9.76882
1.77464e+09   0.00181794  0.00119606 -0.00142243 0.271358 0.079158  9.76494
1.77464e+09  -0.00111773 -0.00124712 0.000353194  0.265279 0.0851925   9.76271
1.77464e+09  -0.00112058  0.00434748  0.00114389  0.287514 0.0754471   9.76972
1.77464e+09   2.55359e-05   0.00368792 -0.000288096  0.304174 0.0683149   9.78734
1.77464e+09    0.00107826 -7.64489e-05  0.000353501  0.289219 0.0669811   9.79935
1.77464e+09    0.00310295 -0.000398245  -0.00147049  0.262658 0.0678247   9.81319
1.77464e+09  -5.72807e-05 -1.66445e-05  -0.00415806  0.273413 0.0877924   9.81099
1.77464e+09  0.00486313 0.00303596 0.00159856  0.289045 0.0869566   9.81135
1.77464e+09  -0.00135723  -0.0044803 -0.00445217  0.300478 0.0689092   9.80666
1.77464e+09   0.00135827 -0.00133908 -0.00219312  0.294911 0.0709742   9.80817
1.77464e+09    0.00269609   0.00384564 -0.000650612  0.285301 0.0544249   9.80811
1.77464e+09   0.00157387 0.000616884 0.000703858 0.286033 0.057939  9.81684
1.77464e+09   0.000476517 -5.78172e-06 -0.000886974  0.275371 0.0681413   9.80172
1.77464e+09   0.00547648 -0.00177911 -0.00089321  0.260758 0.0658811   9.79218
1.77464e+09  -2.01303e-05   0.00379503  -0.00023354  0.255323 0.0687497   9.78508
1.77464e+09    0.00157403  -0.00176717 -0.000354457  0.273689 0.0601367   9.78626
1.77464e+09   0.00267481 -0.00318545  0.00136805  0.287689 0.0529955   9.79129
1.77464e+09   0.00648056  0.00391159 -0.00432366  0.291618 0.0675791   9.81113
1.77464e+09  -0.000841727 -0.000710431  0.000997357  0.288033 0.0857283   9.81651
1.77464e+09  2.76492e-05  0.00353215  -0.0050615   0.28827 0.0974727   9.81011
1.77464e+09  -0.000903199  -0.00102684  -0.00270586 0.282655 0.103084  9.80598
1.77464e+09   0.00297038  -0.0018418 -0.00263301  0.267814 0.0962076   9.80468
1.77464e+09    0.00363759  -0.00140236 -0.000946045  0.260483 0.0846281   9.80149
1.77464e+09   0.00218062 -0.00208452  0.00231953  0.266523 0.0803045   9.79675
1.77464e+09   0.00261493  0.00189261 -0.00470024  0.270568 0.0824863   9.81253
1.77464e+09   0.00242851  0.00130469 -0.00280527  0.273615 0.0861361   9.81692
1.77464e+09   0.00782741 0.000510807 -0.00311964  0.283916 0.0916579   9.80271
1.77464e+09    0.00336898  -0.00107869 -0.000107108  0.299013 0.0851341   9.78924
1.77464e+09   0.00652138 -0.00313513 -0.00252813  0.295732 0.0820985   9.78972
1.77464e+09   0.00305453 -0.00357391 -0.00616473  0.266134 0.0780833   9.78682
1.77464e+09   0.00233733  0.00411435 -0.00100767   0.27436 0.0712423   9.80439
1.77464e+09  -0.000720813  -0.00285006  -0.00679191  0.292214 0.0783474   9.81738
1.77464e+09   0.00626118 -0.00164629 -0.00376832  0.289845 0.0888315   9.81481
1.77464e+09   0.00459798   6.288e-05 -0.00614247  0.270447 0.0893659   9.81487
1.77464e+09   0.00210119  0.00337541 -0.00394139 0.265862 0.100591  9.81675
1.77464e+09   0.00223503 -0.00309713 -0.00418012 0.274973  0.10592  9.81531
1.77464e+09    0.0015593 -0.00290073 -0.00600471 0.293179 0.101893  9.81297
1.77464e+09   0.00326056  0.00169203 -0.00183825 0.286342 0.101765  9.80827
1.77464e+09    0.00305924 -0.000502483 -0.000505462  0.273134 0.0969461   9.80936
1.77464e+09   0.00372474 -0.00274363  -0.0041959  0.262313 0.0945087   9.81086
1.77464e+09  -0.000945359  -0.00214519  -0.00228775  0.260951 0.0941853   9.80692
1.77464e+09  0.000503029 -0.00398255 0.000562244  0.271606 0.0902486   9.78862
1.77464e+09   0.00140661  0.00272236 -0.00244734  0.269346 0.0870055   9.78527
1.77464e+09   0.00273327 -0.00113522  -0.0031013  0.280017 0.0865088   9.80055
1.77464e+09  -0.000257237  -0.00525756  -0.00599978  0.278794 0.0905533   9.81545
1.77464e+09  -0.000252132   0.00112463  1.26676e-05  0.262196 0.0969605   9.81349
1.77464e+09   0.00256632 0.000966557 -0.00415999  0.270558 0.0987267   9.80319
1.77464e+09   0.00172793 -0.00102254 -0.00211808  0.280236 0.0995252    9.8031
1.77464e+09  -0.00172914 -0.00172481  0.00223353  0.280709 0.0985902   9.79159
1.77464e+09   0.00198338   0.0053057 -0.00364993 0.285461 0.103417  9.80414
1.77464e+09   0.00130436 -0.00108778   -0.001486  0.292438 0.0957751   9.81953
1.77464e+09  -0.000697531   -0.0035786 -0.000514007 0.292433 0.102013  9.81335
1.77464e+09  -2.89914e-05   0.00329109   0.00675159 0.287178 0.104109  9.81737
1.77464e+09  0.000809487  -0.0028231 -0.00288365  0.27336 0.109028  9.82339
1.77464e+09  0.00246275 0.00767136 0.00279421  0.279084 0.0950192   9.81795
1.77464e+09  0.000614055 -0.00060085  0.00377448  0.291354 0.0761515   9.81522
1.77464e+09   0.00129305  0.00259747 -0.00144646   0.28026 0.0745941   9.81012
1.77464e+09  -0.00392533 -0.00364377  0.00492811  0.280496 0.0776812   9.81083
1.77464e+09  -0.00101263 -0.00581054  0.00283217  0.279262 0.0844599   9.80868
1.77464e+09  0.000240199 0.000695046 -0.00388453  0.279557 0.0955093   9.80192
1.77464e+09   -0.00079386 -9.09069e-05   0.00507348 0.274545 0.104676  9.79932
1.77464e+09  0.000588073  -0.0025668 -0.00117768  0.274677 0.0886148   9.80975
1.77464e+09   0.00118393 -0.00443117  0.00168163  0.279278 0.0886105   9.81866
1.77464e+09    -0.005184 -0.00313373  0.00180269  0.282566 0.0917312   9.79877
1.77464e+09  0.000406784   -0.001844 -0.00150643 0.285858 0.100748  9.77422
1.77464e+09  0.000827908  0.00142425  0.00202167   0.28699 0.0975452   9.76386
1.77464e+09  -0.00234804 -0.00222912  0.00179398  0.276276 0.0781691   9.76438
1.77464e+09  0.000399443 -0.00126804  0.00375424 0.259386 0.066052  9.77934
1.77464e+09    0.0025107 -0.00276911  0.00424577  0.267403 0.0658168    9.8035
1.77464e+09   -0.00099023 -0.000614652  0.000295129  0.270031 0.0735491   9.82951
1.77464e+09  0.000487082 -0.00159448  0.00153422   0.27564 0.0885991   9.83063
1.77464e+09  -0.00193939 0.000202903  0.00166418   0.28509 0.0855053    9.8161
1.77464e+09   0.00142681 -0.00372625   0.0031873   0.30089 0.0794717   9.80278
1.77464e+09  -3.60528e-05 -0.000942961   0.00274821  0.304939 0.0710347   9.79324
1.77464e+09  -0.00172079 -0.00250952  0.00215143  0.299472 0.0772809    9.7954
1.77464e+09  -0.00373745 -0.00342026  0.00344523  0.276536 0.0771768   9.79883
1.77464e+09  -0.000447413  -0.00546665   0.00511032  0.273737 0.0850323   9.79628
1.77464e+09  -0.00286632 -0.00127107 -0.00266055  0.294273 0.0939261   9.79481
1.77464e+09  -0.00263326 -0.00382754  0.00366839  0.301591 0.0958329   9.79365
1.77464e+09   -0.00321636 -4.83413e-05   0.00232988  0.308232 0.0766894   9.80363
1.77464e+09  -0.000874297  -0.00359606  8.43963e-05  0.298418 0.0766772   9.82213
1.77464e+09  -0.00164552 -0.00556886  0.00211053  0.291695 0.0717153   9.81443
1.77464e+09  0.00328519 0.00375454 0.00100145  0.289746 0.0743995    9.8035
1.77464e+09  -0.00539848 -0.00528867  0.00484665  0.285281 0.0726562   9.79557
1.77464e+09   0.0011518 0.00317983 0.00337024   0.27119 0.0868868   9.80839
1.77464e+09    0.00277763   0.00314377 -0.000200657 0.273749 0.106882  9.81343
1.77464e+09  -0.00169979 -0.00205533  0.00209936  0.258374 0.0985289   9.79665
1.77464e+09   -0.00264036  -0.00258391 -0.000477354  0.258129 0.0774741   9.79627
1.77464e+09   -0.00116825  -0.00248388 -0.000488141   0.27467 0.0655041    9.7948
1.77464e+09  -0.00044606 -0.00152388 0.000229526  0.274461 0.0580241   9.79255
1.77464e+09    0.00249302 -5.25492e-05 -0.000590244  0.274816 0.0654867   9.79202
1.77464e+09  3.26491e-06 -0.00339877  0.00365637  0.264866 0.0726822   9.80259
1.77464e+09   0.000924099  -0.00350514 -8.83984e-05  0.260716 0.0904291   9.80268
1.77464e+09  -0.000758687   0.00478093  -0.00782017  0.268289 0.0788616   9.80723
1.77464e+09  0.000142387 -0.00254054 -0.00364508  0.266721 0.0708149   9.80265
1.77464e+09  -0.000792382  3.29737e-05   0.00106786  0.270352 0.0734306   9.79963
1.77464e+09  -0.00233281 -0.00118859 -0.00331205 0.271872 0.086947  9.81039
1.77464e+09   0.00436908  -0.0058545 -0.00303347  0.272583 0.0953875   9.80452
1.77464e+09   0.00444818 0.000419206 -0.00387207  0.271407 0.0886748   9.79823
1.77464e+09  0.00273769 0.00159198 -0.0034792  0.270165 0.0875525     9.805
1.77464e+09   0.00245774  0.00128127 -0.00197864  0.268044 0.0808451   9.80676
1.77464e+09   0.00185667  0.00209079 -0.00383612  0.262037 0.0902276   9.80424
1.77464e+09  0.000528455 -0.00377885  -0.0059106  0.271172 0.0846534   9.80429
1.77464e+09    0.0060826 -0.00306301  -0.0007265  0.290267 0.0666352   9.80421
1.77464e+09   0.0011186 -0.0019003 -0.0015405  0.294528 0.0535992   9.80185
1.77464e+09  0.000374666 -0.00326772 -0.00655543  0.286604 0.0534236   9.80527
1.77464e+09   0.00237021 0.000982502 -0.00461459    0.2834 0.0555715   9.80852
1.77464e+09    0.0014423 -0.00283917 -0.00165099   0.26256 0.0541467   9.79753
1.77464e+09   0.00388018 -0.00117976 -0.00153239  0.258466 0.0627032   9.79118
1.77464e+09   0.00128962 0.000678876 -0.00347962  0.264687 0.0701475   9.79636
1.77464e+09   0.00513127  0.00274556 -0.00386971  0.267919 0.0799067   9.81081
1.77464e+09  0.000752997 -0.00494743 5.68864e-05  0.276451 0.0775493   9.79376
1.77464e+09    0.0029592 -0.00238619 -0.00195911  0.283493 0.0790985   9.78148
1.77464e+09  0.000270606 0.000157844 -0.00526503  0.298735 0.0812407   9.79379
1.77464e+09   0.00210132  -0.0016421 -0.00126264  0.293074 0.0761213   9.80251
1.77464e+09   0.00440494 -0.00318714 -0.00252163  0.283865 0.0931723   9.80976
1.77464e+09   0.00122307 -0.00011575 -0.00267643   0.26537 0.0968441    9.8139
1.77464e+09   0.00603923  0.00149728 -0.00254797  0.266696 0.0982726   9.81315
1.77464e+09    0.00441321 -0.000186782  -0.00626119  0.274204 0.0962704   9.79809
1.77464e+09  0.00167091 0.00162078 -0.0027074 0.279911 0.090583  9.79516
1.77464e+09   0.00346281   0.0032997 -0.00235294 0.279607 0.100297  9.80177
1.77464e+09   0.00172981 -0.00138311 -0.00019774 0.286306 0.109288  9.80767
1.77464e+09  0.00287619 -0.0011509   -0.00258 0.284912 0.106564  9.82241
1.77464e+09  -0.000941813  -0.00062048  0.000416574 0.282809 0.100626  9.81929
1.77464e+09  -9.69757e-05  -0.00244547 -0.000694872  0.279148 0.0921041   9.81852
1.77464e+09   0.00189497  0.00201256 -0.00423356   0.27659 0.0983458   9.81042
1.77464e+09   0.00361976 -0.00146153  0.00218057  0.272785 0.0917029   9.78897
1.77464e+09   -0.00162625  -0.00584008 -0.000149835  0.271237 0.0927097   9.79512
1.77464e+09   0.00524899   0.0049485 -0.00155518 0.274294 0.098044  9.80624
1.77464e+09   0.000289619  -0.00309465 -0.000454235 0.281151 0.108208  9.80533
1.77464e+09    0.00216794 -0.000147852 -0.000172725 0.297489  0.10401  9.80882
1.77464e+09  0.000904274 -0.00309524  0.00156793  0.288227 0.0962371   9.81434
1.77464e+09  6.02175e-05  0.00271225 -0.00126911  0.268651 0.0861702   9.81652
1.77464e+09    0.0014153 -0.00084606  0.00209659  0.273097 0.0864635   9.82486
1.77464e+09  0.000460375 0.000917968 -0.00149615   0.26456 0.0913856   9.81292
1.77464e+09   -0.00041355 -0.000291684 -0.000854333  0.263932 0.0872655   9.80365
1.77464e+09  -0.00186424 -0.00109816 -0.00168381  0.269579 0.0785945   9.78818
1.77464e+09  -0.00144348 -0.00079964  0.00398208 0.280991 0.070438  9.77834
1.77464e+09    0.00306355 -0.000567726  3.03166e-06  0.276465 0.0730694   9.77368
1.77464e+09   0.00187689 -0.00141693 -0.00159129 0.274249 0.090919  9.78329
1.77464e+09  -0.00244057 -0.00281956 0.000777019  0.286404 0.0861182   9.79928
1.77464e+09  0.000230187 -0.00176833 -0.00231586   0.30262 0.0940311    9.8028
1.77464e+09  -0.00085518 -0.00249151  0.00303575  0.302466 0.0902627   9.81055
1.77464e+09  -0.000900669   0.00286068  -0.00285561  0.297825 0.0783904   9.81474
1.77464e+09   -0.00234802 -0.000261331   -0.0067959  0.285072 0.0692961   9.81721
1.77464e+09   0.00447026  -0.0018688 -0.00332872  0.271215 0.0907937   9.81489
1.77464e+09  -0.000752614  -0.00247635   0.00441758  0.277016 0.0899168   9.81687
1.77464e+09  8.34565e-06 0.000789358 -0.00155244 0.281837 0.094999  9.82266
1.77464e+09  -0.00330902  0.00391024  0.00225941  0.285963 0.0759068   9.81872
1.77464e+09  -0.00455266 -0.00128248 0.000947265  0.295621 0.0676743   9.80389
1.77464e+09   -0.00284399 -2.31838e-05   0.00250286 0.288861 0.077645  9.79795
1.77464e+09    0.00297312 -0.000593779   0.00344731 0.295328 0.091193  9.80599
1.77464e+09   -0.00237038  -0.00316603 -0.000209923   0.28591 0.0929983   9.81084
1.77464e+09  -2.67021e-05 -0.000555152  -0.00111027  0.291789 0.0888453   9.80723
1.77464e+09  -0.00127481 -0.00171613  0.00160462  0.298534 0.0981515   9.81072
1.77464e+09  -0.00092068  0.00325474  0.00493941 0.305866 0.109154  9.80848
1.77464e+09  -0.00329344 0.000612645  0.00125741 0.287807 0.103662  9.80532
1.77464e+09  -0.000744053 -4.87308e-05   0.00302862  0.276822 0.0991317   9.79852
1.77464e+09  -0.00141926  0.00167735 0.000553489  0.266694 0.0941066    9.8073
1.77464e+09  -0.00708502 -0.00677418 0.000807679  0.276729 0.0801188   9.80208
1.77464e+09  0.00125915 0.00465059 0.00158459  0.285995 0.0769341   9.79459
1.77464e+09  -0.000173701   0.00438601  0.000379623  0.279826 0.0731913    9.7855
1.77464e+09  -0.00171338 -0.00158867  0.00324068  0.277401 0.0762784   9.78519
1.77464e+09  -0.00549396 -0.00613331 0.000906318 0.283151 0.100325  9.78537
1.77464e+09  -0.00032121 -0.00356411 0.000966605 0.277048 0.102879  9.79054
1.77464e+09   -0.00222848 -0.000411765   0.00175044  0.282195 0.0921249   9.80368
1.77464e+09  0.000289058 -0.00282598 0.000473958  0.290038 0.0824649   9.81302
1.77464e+09  -0.000447238  -0.00466456   0.00320349  0.288533 0.0805545   9.81849
1.77464e+09  -0.000969066  -0.00486362     0.002002 0.294348 0.072149  9.81589
1.77464e+09  -0.00241316  0.00272599 -0.00101698  0.281154 0.0665123   9.80708
1.77464e+09  -8.56381e-05   0.00340702   0.00377732   0.28239 0.0823691   9.80672
1.77464e+09  4.97605e-05  0.00119168  0.00010218 0.289063 0.090088  9.80881
1.77464e+09   0.00331657 0.000745037  0.00063017  0.287194 0.0951787   9.80137
1.77464e+09    0.0014375 -0.00109313 -0.00331937  0.272178 0.0812631   9.79642
1.77464e+09    0.0018946 -0.00374213  0.00187503  0.280383 0.0759066   9.80525
1.77464e+09  -0.000864834  -0.00161778   0.00222299  0.284804 0.0734869   9.81386
1.77464e+09  -0.00233364  0.00164692  0.00177831  0.276827 0.0598857   9.80586
1.77464e+09  0.00367658 0.00783967 0.00192201  0.282108 0.0580564   9.79379
1.77464e+09    0.00237313 -0.000416309   0.00326477  0.276541 0.0531071   9.80175
1.77464e+09  0.000154413  -0.0026912 0.000707518  0.273797 0.0629207   9.80515
1.77464e+09  -0.000258111  -0.00148486 -0.000251829  0.267936 0.0792404   9.80229
1.77464e+09   0.00313571   0.0011584 -0.00215587  0.273165 0.0845424   9.81004
1.77464e+09  -9.12423e-05  -0.00401102   0.00180121  0.273332 0.0824397   9.80963
1.77464e+09    0.00145487  -0.00125735 -0.000526578  0.266528 0.0820762   9.80827
1.77464e+09    0.00300111 -4.98643e-05 -8.18836e-05  0.261684 0.0738644   9.81541
1.77464e+09   0.00030856 -0.00359147 -0.00533319  0.262061 0.0650888   9.80693
1.77464e+09    0.0063708 -0.00304915 -0.00109383  0.270583 0.0756757   9.81859
1.77464e+09  1.99793e-05 -0.00611518 -0.00086722 0.273875 0.101097  9.81484
1.77464e+09   0.00179289 -0.00196514 -0.00523955  0.292157 0.0972384   9.80289
1.77464e+09    0.00219495  -0.00163378 -0.000834323  0.306608 0.0905979   9.80119
1.77464e+09   0.00083601 0.000984638 -0.00131716  0.296442 0.0835841   9.80074
1.77464e+09  -4.41937e-05  -0.00316933  -0.00048096  0.301778 0.0879394   9.81458
1.77464e+09  -0.00188498 -0.00409077  0.00144701  0.296052 0.0876294   9.81277
1.77464e+09   0.00216262 0.000262902 -0.00416738  0.280955 0.0862994   9.78367
1.77464e+09  0.000420659 -0.00333207 -0.00268284  0.271982 0.0721935   9.78304
1.77464e+09   0.00149629 -0.00315274 -0.00178006  0.280489 0.0638063   9.80762
1.77464e+09   0.00253874  0.00123398 -0.00163023  0.291758 0.0676003   9.80809
1.77464e+09   0.00426875 -0.00448504 -0.00489534  0.278186 0.0760365   9.80594
1.77464e+09    0.0030126 -0.00408598 -0.00423094   0.27309 0.0775167   9.80517
1.77464e+09   0.00297232 -0.00152157 -0.00340023  0.269984 0.0720947   9.79932
1.77464e+09  0.00430336 0.00129771 -0.0046704  0.268079 0.0646609   9.80198
1.77464e+09   0.00294336 -0.00290458 -0.00564582  0.279403 0.0762704   9.79625
1.77464e+09   0.00140836 -0.00120554 -0.00445759   0.28658 0.0847397   9.79127
1.77464e+09   0.00110722  0.00101581 -0.00384673 0.287648 0.095423  9.78359
1.77464e+09   0.00129439 0.000185355 -0.00616304  0.290686 0.0914705   9.78629
1.77464e+09    0.00692889 -9.74151e-05  -0.00579646 0.281799 0.098504  9.78558
1.77464e+09   0.00278312 -0.00449359 -0.00447527 0.275455 0.106469  9.81233
1.77464e+09   0.00568035 -5.2908e-05 -0.00556583  0.289777 0.0945907    9.8169
1.77464e+09   0.00317867 -0.00472599  0.00013822  0.298404 0.0752362   9.81928
1.77464e+09  0.000405593 -0.00261087 -0.00581145  0.298914 0.0761016   9.81188
1.77464e+09   0.00444497  0.00144781 -0.00624931  0.292819 0.0728754   9.79491
1.77464e+09   0.00291057  0.00343142 -0.00496974  0.289312 0.0804918   9.81622
1.77464e+09   0.000321569 -0.000580764  -0.00177077  0.277886 0.0957332   9.82539
1.77464e+09  -0.00167802 -0.00406237 -0.00288181  0.268473 0.0904312    9.8221
1.77464e+09  -0.000242975   0.00173208  -0.00484494  0.264093 0.0845874   9.81854
1.77464e+09  -0.000858375  -0.00225836  -0.00652996  0.276664 0.0791397   9.81359
1.77464e+09    0.00178812 -0.000901391  -0.00192359   0.28535 0.0920465   9.81548
1.77464e+09  -0.000118741    0.0049288  -0.00400669 0.287029 0.113815  9.81336
1.77464e+09  0.000318247 -0.00444759 -0.00370378 0.276481 0.119932  9.79022
1.77464e+09  0.000304237  0.00178491  0.00307127 0.271979 0.115705  9.79229
1.77464e+09  0.000975331  0.00467012 -0.00306239  0.268009 0.0995941   9.81378
1.77464e+09  -0.00203321 -0.00285386 -0.00274217  0.268063 0.0893117   9.82196
1.77464e+09   0.000388791 -0.000131209  -0.00411912 0.269901 0.100006  9.82023
1.77464e+09   2.42141e-05 -2.72123e-05  0.000369586  0.275783 0.0998309   9.79801
1.77464e+09  0.00141608 0.00585209 0.00276156  0.273671 0.0782225   9.79341
1.77464e+09  0.00131212 0.00119822 0.00141974   0.27735 0.0714535   9.80742
1.77464e+09  -0.00276833 -0.00445016 -0.00135643  0.280138 0.0690651   9.81468
1.77464e+09   -0.0010743  0.00257048 0.000916184  0.288217 0.0768059   9.80594
1.77464e+09   0.00045834  0.00135774 -0.00284789  0.275402 0.0817352    9.8087
1.77464e+09  0.000512017 -0.00132158  0.00337066 0.269945 0.086795  9.81694
1.77464e+09  -0.00137041 -0.00226015  0.00185411  0.267017 0.0844286   9.82181
1.77464e+09  -0.00233005 -0.00708477  0.00291055  0.264442 0.0948817   9.81339
1.77464e+09    -0.0011248 -0.000411022  4.89615e-06   0.25848 0.0857693   9.81144
1.77464e+09  -0.00186139 0.000257403  0.00395555 0.259851 0.078665  9.82202
1.77464e+09   0.000204189   0.00136496 -0.000996127   0.26637 0.0797597   9.81557
1.77464e+09   -0.00177743  -0.00282875 -0.000872627  0.278737 0.0828039   9.81796
1.77464e+09    0.00174064  0.000591251 -1.61685e-05  0.278061 0.0918675    9.8177
1.77464e+09   0.00122963 -0.00185011  0.00445147  0.263821 0.0935394   9.81279
1.77464e+09  0.00327928 0.00303441 0.00154458  0.280768 0.0927085   9.82305
1.77464e+09  -0.00540126 -0.00571317  0.00198118  0.283613 0.0971494   9.81965
1.77464e+09  -0.00566138 -0.00475856 -0.00198043  0.282191 0.0977362   9.81384
1.77464e+09  -0.00164979  0.00206561  0.00185417  0.285456 0.0828717   9.80719
1.77464e+09   -0.0020121 -0.00194729  0.00499042  0.286999 0.0706009   9.79224
1.77464e+09    0.00259674   0.00315478 -0.000385422  0.276166 0.0682439   9.79153
1.77464e+09  0.000752684 -0.00271882  0.00130655  0.274941 0.0809537   9.79996
1.77464e+09  -0.00150336 -0.00273203  0.00343696  0.272489 0.0915158   9.80306
1.77464e+09  -0.00214751 -0.00116706  0.00130234 0.266095 0.104121   9.8081
1.77464e+09  -0.00161517 -0.00113124  0.00825481 0.272657 0.108401   9.8155
1.77464e+09  0.00028268 -0.0008363 0.00262221  0.276322 0.0952898   9.81131
1.77464e+09  0.000411104 -0.00248939  0.00151213  0.264653 0.0879791   9.80904
1.77464e+09  -0.00304844 -0.00435657  -0.0002387  0.271812 0.0712032   9.81675
1.77464e+09   -0.00158154 -0.000987718   0.00302337  0.266261 0.0786622   9.82788
1.77464e+09   0.00095849  0.00306673 -0.00345334  0.263306 0.0827098   9.81962
1.77464e+09  -0.000197148  0.000150455   0.00472791  0.271995 0.0788534   9.81332
1.77464e+09  -0.000650036   0.00200226  5.64948e-05  0.274318 0.0754663   9.81375
1.77464e+09  -0.00173014  0.00318699  0.00444005   0.27597 0.0603688   9.81077
1.77464e+09   0.00072738 -0.00204399 -0.00219556  0.266282 0.0526738   9.79516
1.77464e+09   0.00222202 -0.00268989 -0.00314443   0.27184 0.0675075   9.78875
1.77464e+09  -0.000776562  -0.00213555   0.00189402  0.277962 0.0762808   9.79589
1.77464e+09  -0.00359072 -0.00343429  0.00224043  0.296432 0.0859259   9.80905
1.77464e+09  -0.00118119 0.000412519  0.00374845  0.313796 0.0938484   9.81046
1.77464e+09  -0.00225328 -0.00311249 -0.00371186  0.306957 0.0853498   9.80867
1.77464e+09   0.00175064 0.000927222 0.000427256  0.288313 0.0844397   9.80551
1.77464e+09   0.00147584 -0.00253661 0.000274026  0.278422 0.0737205   9.81373
1.77464e+09   0.00122925  0.00264153 0.000875681   0.28145 0.0628852   9.81834
1.77464e+09   0.00173168 -0.00340582 -0.00110229  0.275881 0.0574407   9.82456
1.77464e+09      0.001606  -0.00199754 -0.000975262  0.271472 0.0512151   9.81796
1.77464e+09  -0.00102561 0.000304978 -0.00042129  0.269799 0.0640205   9.81182
1.77464e+09  -0.00348999  0.00239666 0.000414296  0.283269 0.0780218   9.80207
1.77464e+09  -0.00103342  0.00167764  0.00132767  0.289514 0.0857197   9.78673
1.77464e+09    0.00439022 -0.000754869   -0.0043414   0.28669 0.0896917   9.78273
1.77464e+09   0.00398204 -0.00151909 0.000764886  0.282846 0.0926191   9.78218
1.77464e+09  0.000400085  0.00684243 -0.00183305  0.277107 0.0784869   9.79558
1.77464e+09  -0.000662081   0.00196736  -0.00274245  0.271779 0.0758586   9.79685
1.77464e+09  -0.00144996 -0.00277697 -0.00165429  0.279772 0.0836044   9.78711
1.77464e+09   -0.00119792  0.000870511 -0.000269612  0.291637 0.0871368   9.78099
1.77464e+09    0.00213533 -0.000836219   0.00171731  0.293367 0.0893641   9.79171
1.77464e+09    0.0039778 -0.00158636 -0.00464434  0.282478 0.0826019   9.80083
1.77464e+09   0.00332949   0.0016743 -0.00207272  0.263669 0.0734064   9.79906
1.77464e+09    0.00344015   0.00219555 -0.000962981  0.264982 0.0743156   9.78973
1.77464e+09  -0.000774412   -0.0045643  -0.00433253 0.273659 0.080179  9.78807
1.77464e+09  -0.00294356 -0.00345669 -0.00442112  0.285932 0.0749254    9.7863
1.77464e+09   0.00557478   0.0030643 -0.00334965  0.30001 0.057463  9.79692
1.77464e+09  -0.000599016  -0.00291025  -0.00297962  0.305794 0.0558501    9.8059
1.77464e+09     0.0024077 -0.000725151 -0.000640218  0.293877 0.0753625   9.81217
1.77464e+09  0.00518614 -0.0023508 -0.0027194  0.269406 0.0947862   9.82038
1.77464e+09    0.0061237  0.00104615 -0.00394192 0.250033 0.102058  9.81878
1.77464e+09   0.00491742   0.0010063 -0.00351505  0.259688 0.0978261   9.80442
1.77464e+09  0.000544197 0.000403071 -0.00208821  0.262446 0.0903851   9.78825
1.77464e+09   0.00409516 -0.00205583 -0.00367699 0.257826 0.085957  9.78712
1.77464e+09   0.00330432  0.00398473 0.000168127  0.243276 0.0878041   9.79454
1.77464e+09  0.00136794 0.00390123 -0.0069066  0.258488 0.0800329   9.79235
1.77464e+09   0.00183413 -0.00088213 0.000232841  0.283534 0.0727641   9.79117
1.77464e+09   0.00401614 -0.00339426  -0.0014695  0.30019 0.087448  9.79392
1.77464e+09   0.00415728 -0.00107061  0.00193918 0.289867 0.104628  9.80001
1.77464e+09   0.00161524 9.37917e-05 -0.00594134 0.289598 0.108076  9.80708
1.77464e+09   -0.00013417   0.00141643 -0.000761664 0.280789 0.107259  9.81262
1.77464e+09   0.00259257 -0.00168038 -0.00307033  0.26428 0.102515  9.80995
1.77464e+09   0.00111295 0.000244494  -0.0039962 0.258567 0.101365  9.79816
1.77464e+09   0.00399188 -0.00528163  0.00136645  0.277771 0.0980968   9.80942
1.77464e+09  -0.00264885   -0.001024 -0.00385644  0.280691 0.0779897   9.81593
1.77464e+09   5.67431e-06 -0.000846325  -0.00302699  0.271233 0.0675244    9.8159
1.77464e+09  -0.000817968   -0.0029196 -0.000116672  0.262553 0.0633633   9.82984
1.77464e+09    0.00149592 -0.000409793    0.0001004  0.262916 0.0733595   9.84296
1.77464e+09    0.00148402 -0.000448383  -0.00314233  0.267724 0.0813051   9.82475
1.77464e+09   0.00148065  0.00282011 -0.00364332  0.273253 0.0846964   9.81115
1.77464e+09   0.00108568 -0.00254421 -0.00095658  0.277593 0.0988741   9.81271
1.77464e+09  -0.000998182  0.000276681 -0.000647872 0.280261 0.105999  9.79732
1.77464e+09    0.0034101 -0.00360494 -0.00389929 0.282604   0.1066  9.79692
1.77464e+09   0.000858847 -0.000103866 -0.000166586 0.282699   0.1155  9.81292
1.77464e+09   0.00275217 -0.00142642 -0.00329003 0.278147 0.095375  9.81119
1.77464e+09   -0.0018433  0.00244706 0.000396766 0.28121 0.09716 9.81161
1.77464e+09    0.00382343 -3.54656e-05   0.00203475  0.279199 0.0821574   9.82492
1.77464e+09  -0.00422856 -0.00264724  -0.0025019  0.276015 0.0945844   9.82469
1.77464e+09    0.0017387  0.00482879 -0.00263093  0.281088 0.0904414   9.82437
1.77464e+09   -0.0008671 0.000478101  0.00141428 0.285551 0.087134  9.81166
1.77464e+09   -0.0050927 -0.00173605 -0.00127855  0.295879 0.0784011   9.79421
1.77464e+09  -0.000557655  -0.00236098 -0.000392037  0.296939 0.0744759   9.78247
1.77464e+09    0.00244532  0.000976133 -0.000661605  0.300727 0.0838965   9.77182
1.77464e+09     0.0018683 -3.96863e-05 -0.000567151  0.305901 0.0898889   9.78604
1.77464e+09   -0.00178777  -0.00299373 -0.000401714  0.291551 0.0887951   9.79637
1.77464e+09  0.000541521 -0.00155715  -0.0017994  0.290955 0.0926821   9.80738
1.77464e+09   -0.00254004  -0.00550969 -0.000655893  0.291675 0.0930952   9.81541
1.77464e+09  -0.00234825 -0.00778446 -0.00297335 0.285498 0.101107  9.81809
1.77464e+09   -0.0015255 -0.00110238  0.00214826  0.279253 0.0964092   9.81396
1.77464e+09   0.000776706 -0.000291157   0.00274961  0.281398 0.0935167   9.81599
1.77464e+09   -0.00328994 -0.000925225   0.00123252  0.279105 0.0950486   9.80978
1.77464e+09   0.00245267 0.000983303 0.000240821 0.283516 0.100267  9.80494
1.77464e+09  -0.00151459 -0.00196211  0.00102098 0.278615 0.112066  9.79904
1.77464e+09  -0.00016783  -0.0012102  0.00161388 0.297349  0.11828   9.8057
1.77464e+09  -0.00169434 0.000572033  0.00185927  0.29763 0.110659  9.80349
1.77464e+09  0.00487198 0.00204208 0.00153756  0.287107 0.0925644   9.78435
1.77464e+09  -0.00265687 -0.00295448 -0.00177066  0.253768 0.0791498   9.79968
1.77464e+09  0.000204942  -0.0058626  0.00114449  0.262786 0.0776192   9.82826
1.77464e+09  -0.000948352 -0.000983153    0.0013211  0.279293 0.0776293   9.83849
1.77464e+09  -0.00295071   0.0069669  0.00546338  0.281284 0.0701062   9.83629
1.77464e+09    0.00218344 -0.000512775   0.00162983  0.268579 0.0648472    9.8256
1.77464e+09  -0.00128259 0.000704808   0.0023952  0.261263 0.0746227   9.79839
1.77464e+09  0.00206204 0.00449552 0.00372903  0.257994 0.0782253   9.78657
1.77464e+09  -0.00095773  0.00168536  -0.0034494  0.280952 0.0820075   9.78652
1.77464e+09  0.000202783  0.00133728 0.000795917  0.294669 0.0709869   9.78511
1.77464e+09  0.000304142 -0.00443368  0.00373933  0.308577 0.0633284   9.79604
1.77464e+09   0.00147887  0.00228568 -0.00155926  0.300276 0.0743493   9.80649
1.77464e+09  -0.000499227 -0.000693732   0.00169823  0.280268 0.0809426    9.8102
1.77464e+09    -0.0007966  2.73087e-06 -0.000949667 0.278952 0.078624  9.80132
1.77464e+09  -0.000427811  0.000703759   0.00209728  0.275899 0.0703928   9.79144
1.77464e+09   0.00171279  0.00255479 0.000605406  0.295006 0.0775687   9.78649
1.77464e+09  0.000260914 -0.00282317 -0.00039312   0.30234 0.0688388    9.7906
1.77464e+09  0.00222078 0.00033661  0.0021002  0.304633 0.0716491   9.79432
1.77464e+09  -0.00299976 -0.00255568  0.00114599   0.28763 0.0733423   9.79829
1.77464e+09    0.00250345  -0.00330259 -0.000460361  0.276529 0.0699341   9.81833
1.77464e+09  -0.00198894  0.00214316 -0.00178951 0.265682 0.053566    9.816
1.77464e+09  -0.00436038 0.000311744  0.00159367  0.261772 0.0543769   9.80769
1.77464e+09  0.000713164  0.00116536 -0.00207047  0.260838 0.0596216    9.8095
1.77464e+09  -0.00219909 -0.00226786   0.0015686  0.278608 0.0636352   9.80952
1.77464e+09   0.00189417 -0.00139613 -0.00433334  0.282276 0.0658792   9.81417
1.77464e+09  -0.000849163  -0.00121547   0.00225349  0.279469 0.0602751   9.82023
1.77464e+09   0.00351859  0.00256687 -0.00252919  0.283817 0.0739468   9.81543
1.77464e+09  -0.00125431  -0.0012542 -0.00184408  0.284307 0.0740279   9.80049
1.77464e+09   -0.0012257  0.00145345 -0.00272146  0.278076 0.0681296   9.78922
1.77464e+09   0.00440085 -0.00395173 -0.00354815  0.267062 0.0708837   9.80408
1.77464e+09   0.00200708  -0.0106807 -0.00200298 0.269459 0.078038  9.81138
1.77464e+09  0.000486199  0.00187814 -0.00229396  0.273166 0.0807797   9.79791
1.77464e+09    0.00257706 -3.23699e-05  0.000879794   0.27724 0.0801085   9.79417
1.77464e+09  0.000354992  0.00017336  0.00187653  0.285149 0.0873344   9.79767
1.77464e+09  -0.00093544   0.0018727 -0.00305586 0.276768 0.088861  9.80663
1.77464e+09   -0.00189373 -0.000803974   -0.0040096  0.273191 0.0706224   9.80339
1.77464e+09    0.00233232  0.000656875 -0.000853309  0.270037 0.0802042   9.80828
1.77464e+09   -0.00176812 -0.000193838  -0.00269179  0.256933 0.0866004   9.81937
1.77464e+09  0.000223125 -0.00349943  -0.0034151  0.261205 0.0928558   9.81618
1.77464e+09   0.00376228 0.000372573 -0.00495016  0.267555 0.0881271   9.80355
1.77464e+09  -0.000384536  -0.00382847   -0.0024588  0.272722 0.0796039   9.79534
1.77464e+09    0.00365802 -0.000753739  -0.00442747  0.268496 0.0917653   9.78693
1.77464e+09    0.0003914 -0.00222406 -0.00203208  0.272196 0.0907042   9.78724
1.77464e+09  -0.00217364 -0.00508528 -0.00272584  0.280399 0.0827389   9.81156
1.77464e+09    0.0019468  0.00120366 -0.00236588  0.307338 0.0875457   9.83756
1.77464e+09    0.00150686 -0.000783263  -0.00896921 0.293719 0.093331  9.82209
1.77464e+09   0.00196406 -0.00186365 -0.00374456  0.277314 0.0990408   9.80942
1.77464e+09   0.00213187 -0.00134643 -0.00585345  0.280398 0.0773695    9.8111
1.77464e+09   0.00400431 -0.00270091  -0.0102718  0.289148 0.0810613   9.81789
1.77464e+09  0.000447828  0.00349144  -0.0039309  0.279241 0.0929458   9.81283
1.77464e+09    0.00356507  -0.00027278 -0.000470798  0.257706 0.0909786   9.80733
1.77464e+09    0.00117122  -0.00123042 -0.000924828 0.260637 0.101075    9.811
1.77464e+09  0.000271326  -0.0037776 -0.00687559  0.27776 0.103972  9.82001
1.77464e+09    0.00390834  -0.00300052 -0.000963135 0.297212 0.102443  9.81649
1.77464e+09   0.00402107 0.000176462 -0.00378356  0.293426 0.0933548   9.78825
1.77464e+09   0.000113584 -0.000204908   -0.0033815  0.287774 0.0884893   9.77569
1.77464e+09   0.00523917  0.00170368 -0.00437897  0.291979 0.0969102   9.77789
1.77464e+09   0.00186719 0.000387785  0.00523703 0.293422  0.10029  9.79179
1.77464e+09    0.0059541 0.000656743 -0.00136841  0.291707 0.0854018   9.80868
1.77464e+09   0.00284641  -0.0035559 -0.00261023  0.278076 0.0957682   9.81265
1.77464e+09    0.00205246 -0.000399583  -0.00240202  0.284641 0.0976742   9.82446
1.77464e+09   0.00442512 -0.00235713 -0.00428004   0.27093 0.0991248   9.82111
1.77464e+09  -0.00186291 -0.00235692 -0.00294724  0.247747 0.0909731   9.82065
1.77464e+09   0.000709303  -0.00230204 -0.000489533  0.245018 0.0912805   9.82458
1.77464e+09  -0.000147107  -0.00175643   0.00066526  0.259039 0.0878419   9.83517
1.77464e+09  -0.000955992   0.00185269  -0.00252625  0.281627 0.0919544   9.83926
1.77464e+09   0.00107488 -0.00243301  0.00139094   0.30066 0.0951766   9.81731
1.77464e+09  -0.00085935   0.0025083 -0.00269313  0.301191 0.0809862   9.80471
1.77464e+09    0.00303526   0.00293749 -0.000758611  0.270416 0.0929897   9.78436
1.77464e+09   0.00420819 -0.00211813  0.00288746  0.276038 0.0930219   9.79289
1.77464e+09     0.0020084  0.000115227 -0.000188249  0.280338 0.0917374    9.8037
1.77464e+09    0.00110137  -0.00021471 -7.22249e-06  0.290806 0.0921525   9.82675
1.77464e+09   -0.00130592 -0.000835656  -0.00113915   0.2819 0.084349  9.84502
1.77464e+09  -0.00168257 -0.00281492 0.000816968  0.277871 0.0869375   9.84457
1.77464e+09  0.000604695 -0.00239569   0.0010907  0.285593 0.0830076   9.82894
1.77464e+09    0.00110019 -0.000232198   0.00375867  0.290137 0.0908286   9.78756
1.77464e+09  -0.00295697 -0.00283489  0.00102994  0.296547 0.0900644   9.77378
1.77464e+09   -0.00038418  -0.00105785 -0.000682419  0.297912 0.0877808   9.77755
1.77464e+09  -0.00297917 -0.00125479  0.00078426   0.29153 0.0905983   9.79187
1.77464e+09  -8.43563e-05 -0.000452341  0.000512757  0.294092 0.0824952   9.79195
1.77464e+09  -0.000263681  -0.00232081   0.00421645  0.296819 0.0778469   9.79111
1.77464e+09    0.00449076  -0.00304819 -0.000775988   0.28065 0.0731242   9.78629
1.77464e+09    0.00185055 -0.000926727   0.00101765  0.261898 0.0812458   9.80456
1.77464e+09  -0.000642999  0.000350434   0.00438116  0.257533 0.0909178    9.8057
1.77464e+09  -0.000847916  -0.00119234   0.00321658 0.272658  0.08268  9.81125
1.77464e+09  -0.00265584 -0.00297981 0.000570576  0.289538 0.0942403   9.80367
1.77464e+09   -0.00112723 -0.000415706   0.00174883  0.285447 0.0944079   9.80551
1.77464e+09  -0.00278744 -0.00275453   0.0056991  0.274021 0.0891877   9.80777
1.77464e+09  0.00158659 0.00180589 0.00388288  0.252366 0.0887514   9.80807
1.77464e+09  -0.000634375  -0.00298817   0.00258745  0.243997 0.0953537   9.81267
1.77464e+09   0.00119759  0.00271429 -0.00129047  0.245251 0.0940312   9.80634
1.77464e+09   0.00167472 -0.00163256  0.00136092  0.265327 0.0890006   9.80732
1.77464e+09  -0.000914602  -0.00493027  0.000619052  0.293116 0.0785053   9.81109
1.77464e+09   0.00168629 0.000733967   0.0030294  0.296843 0.0759661   9.81256
1.77464e+09  -0.000202013   0.00292432   0.00125337  0.292802 0.0757171   9.81228
1.77464e+09   -0.00297568 -0.000166126  0.000260408  0.296385 0.0747769   9.79994
1.77464e+09   -0.00418302  -0.00377434 -0.000224664  0.285557 0.0794934    9.7962
1.77464e+09  0.000635485 -0.00324284 -0.00130285  0.286423 0.0936038   9.79845
1.77464e+09  0.000415555 -0.00160533  0.00213761  0.288299 0.0937464   9.80078
1.77464e+09  -0.000462994  1.98259e-05    0.0014688  0.293197 0.0820055   9.80566
1.77464e+09   -0.00104007 -0.000393522 -0.000254153  0.293365 0.0736658   9.80076
1.77464e+09  -0.00233858 -0.00225763 -0.00464123  0.307327 0.0664333   9.79795
1.77464e+09  -0.00217321 0.000954142 -0.00492823  0.297624 0.0771438   9.78577
1.77464e+09  -0.00126376 -0.00210287 -0.00343799  0.278531 0.0760599   9.79128
1.77464e+09    0.00159314   0.00272593 -0.000642266  0.264033 0.0797577   9.81226
1.77464e+09  -0.00121928 -0.00398362 0.000390789  0.281198 0.0888091    9.8206
1.77464e+09    0.00168574 -0.000288062   0.00246263 0.306283 0.082575   9.8182
1.77464e+09  -0.000356375  -0.00024435  -0.00421041  0.298582 0.0664921   9.81203
1.77464e+09  -2.36326e-05 -6.18662e-05  0.000950658  0.280839 0.0555899   9.80135
1.77464e+09   -0.00204081  -0.00139131 -0.000467116  0.275252 0.0558338   9.80154
1.77464e+09  -0.00199833 -0.00320399 -0.00288322  0.279099 0.0722027   9.81217
1.77464e+09  0.00170832  0.0015401 0.00212535  0.290414 0.0839522   9.82098
1.77464e+09  -0.000580221  -0.00091212  -0.00119489  0.282938 0.0945889   9.82224
1.77464e+09    0.0012429 -0.00337847  0.00119203  0.280407 0.0905928   9.81016
1.77464e+09  0.00136584 0.00179992  0.0027648  0.279538 0.0745978   9.80237
1.77464e+09  0.000496578 -0.00378739  0.00223936  0.298452 0.0757378   9.80223
1.77464e+09  -0.0015141 0.00177578  -0.004927   0.29821 0.0754658   9.79781
1.77464e+09   0.00203876  0.00264822 5.69578e-05   0.27937 0.0874366   9.81081
1.77464e+09   0.00332013 -0.00601827  0.00147669  0.278419 0.0920355   9.80961
1.77464e+09  0.000882625 -0.00364774 -0.00214142  0.281603 0.0806587   9.81317
1.77464e+09   -0.0014768 -0.00168302  0.00169807  0.292739 0.0754737   9.80324
1.77464e+09   0.00165415 -0.00148689 0.000525382 0.294129   0.0834  9.79388
1.77464e+09  0.000997414 -0.00145711 -0.00390716  0.280346 0.0881009   9.79408
1.77464e+09  0.000586382   0.0061095 0.000958699  0.238135 0.0903284   9.79243
1.77464e+09   0.00218882 -0.00229835 0.000265352  0.228165 0.0983646   9.80035
1.77464e+09   0.00123323 -0.00236409 -0.00260447  0.253574 0.0918767   9.81323
1.77464e+09  0.000627424 -0.00167369 0.000368514  0.277795 0.0785279   9.81423
1.77464e+09   0.00243991 -0.00468093  -0.0022457  0.288019 0.0582365   9.81652
1.77464e+09  0.000137218  -0.0049207   0.0027042  0.299606 0.0559884   9.82171
1.77464e+09     0.0022319 -0.000364825  -0.00409532  0.290186 0.0686615   9.82069
1.77464e+09    0.00240485 -0.000273609   0.00155354  0.285314 0.0784782   9.81502
1.77464e+09   0.00516175  0.00357776 -0.00203031   0.28532 0.0867476   9.80798
1.77464e+09    0.00355363 -0.000874028  -0.00402602  0.281529 0.0891093   9.80648
1.77464e+09    0.0031393  0.00343318 -0.00212577  0.280324 0.0813165   9.81005
1.77464e+09  0.000496705 -0.00218215  0.00100867  0.269929 0.0689897   9.81136
1.77464e+09   0.00327367 -0.00405674 -0.00169595  0.255861 0.0674993   9.79881
1.77464e+09   0.00176528 -0.00128331 -0.00294718  0.262984 0.0565677   9.78199
1.77464e+09  -0.00463542  -0.0028812 7.05119e-05  0.274324 0.0666235   9.78314
1.77464e+09   0.00246867  0.00238008 -0.00054571   0.29733 0.0744487   9.80354
1.77464e+09    0.00239272   0.00718125 -0.000947358  0.293129 0.0701886   9.81985
1.77464e+09   0.00252219  0.00148856 -0.00112198  0.291193 0.0799814    9.8195
1.77464e+09   0.00573488 -0.00156797 -0.00474275 0.288375 0.095561  9.81892
1.77464e+09  0.000740856 0.000783277 0.000531424  0.281479 0.0879831   9.81344
1.77464e+09   0.00140537  0.00127527 -0.00613891 0.272644 0.084512  9.80482
1.77464e+09   0.00281285 0.000148868 -0.00357936  0.272061 0.0957448   9.79902
1.77464e+09    0.00555713  -0.00068131 -0.000169636  0.273088 0.0883427   9.80438
1.77464e+09    0.00353455 -0.000597432   0.00017465  0.276955 0.0945063   9.79549
1.77464e+09    0.00319496 -0.000205513 -0.000788448 0.283522 0.109495  9.79185
1.77464e+09   0.00322727 0.000495443  -0.0021707 0.274491 0.104177  9.79724
1.77464e+09  -0.000377949   0.00100125 -0.000504555  0.276941 0.0879179   9.79836
1.77464e+09  0.000736478 -0.00277416 -0.00136009  0.276698 0.0683573   9.79514
1.77464e+09   0.000469056 -0.000814193 -0.000477659  0.279676 0.0739834   9.80289
1.77464e+09  0.000165587 -0.00535496 -0.00124351    0.2735 0.0865952   9.79201
1.77464e+09  -0.000809194  -0.00441399   -0.0015817  0.265408 0.0963266   9.78674
1.77464e+09    0.00481757  -0.00151792 -0.000339441 0.272668 0.103383  9.79879
1.77464e+09  -0.000270695 -0.000814427   0.00494055 0.277987 0.101678  9.79856
1.77464e+09   0.00257947   0.0020082 -0.00137542  0.271075 0.0991353   9.80717
1.77464e+09  -0.00111873 9.59591e-05 0.000909007 0.270696 0.104875  9.80104
1.77464e+09   0.000269344  -0.00380668 -0.000993067 0.274322 0.106013  9.79171
1.77464e+09  0.00190061 0.00153707 0.00157543  0.276959 0.0941993   9.79052
1.77464e+09  -0.00018421 -0.00234207  0.00492239  0.274204 0.0908677    9.7996
1.77464e+09  -0.000207982  -0.00231586   0.00521617  0.274031 0.0941761   9.80861
1.77464e+09    0.0020912 -0.00108187  -0.0041366  0.267387 0.0834165   9.81535
1.77464e+09   0.00160255 -0.00332068 -0.00261254  0.283351 0.0804329   9.81328
1.77464e+09  -0.00189046 -0.00233809  0.00202979  0.257883 0.0868643    9.8163
1.77464e+09  0.000298018  -0.0017714  0.00017568  0.253597 0.0841932   9.81461
1.77464e+09  -0.00181585   0.0056498 -0.00156098  0.268077 0.0936872   9.79713
1.77464e+09  0.00193597  0.0006153 0.00388678  0.288292 0.0960121   9.78034
1.77464e+09  0.000765853 -0.00152973  0.00226757  0.296069 0.0998493   9.78642
1.77464e+09  -0.000426159  0.000500496    0.0055745  0.306989 0.0999681   9.79716
1.77464e+09  -0.00435114 -0.00187921  0.00172213  0.296199 0.0877564   9.78977
1.77464e+09  0.000528182   -0.001047  0.00107021 0.277642 0.102284  9.78807
1.77464e+09  -0.000902492   0.00021452   0.00390577 0.265018  0.10392  9.78671
1.77464e+09   -0.00313571 -0.000483484  -0.00204618 0.273946 0.082049  9.79923
1.77464e+09  -0.000120899  -0.00185826   0.00014993  0.276652 0.0756289   9.80125
1.77464e+09  -0.000861632  -0.00200137   -0.0012623  0.288555 0.0733373    9.7881
1.77464e+09  0.000884557  0.00112919  0.00092122  0.305314 0.0818334   9.78023
1.77464e+09  -0.00240088  0.00185126  0.00128875 0.299415 0.076155  9.78539
1.77464e+09  -0.0010157 0.00127794  -0.001322   0.27984 0.0764152   9.79458
1.77464e+09   0.00100839 0.000594327   0.0030232  0.272138 0.0876579   9.79641
1.77464e+09  0.000648459 -0.00531772 -0.00498877  0.268735 0.0816534   9.80474
1.77464e+09  -0.00108626 -0.00285569 -0.00110098   0.27891 0.0851589   9.81473
1.77464e+09  0.000130327 -0.00414706 -0.00148298 0.270892 0.104774  9.81491
1.77464e+09   0.00291159 0.000104912 -0.00210102  0.281041 0.0928636   9.81776
1.77464e+09   0.00130717 0.000316984  0.00397259 0.297062 0.103103  9.81719
1.77464e+09  -0.000425055   0.00219662   0.00581619  0.305755 0.0943389   9.81496
1.77464e+09  -0.00235868 -0.00183087 -0.00355684 0.291894 0.101797  9.80855
1.77464e+09  -0.00055863  0.00237407 6.73149e-05 0.277766  0.11017   9.7979
1.77464e+09   -0.00128345 -1.91159e-06  0.000131229  0.270402 0.0943744   9.80043
1.77464e+09   -0.00275269   0.00208511 -0.000236817  0.277978 0.0857014   9.79648
1.77464e+09    -0.0029114 -0.000927575  -0.00219953  0.28334 0.060605  9.80152
1.77464e+09  -0.00239961  0.00173537 -0.00213751  0.285052 0.0464663   9.80545
1.77464e+09   -0.00106939 -4.07585e-05   0.00197053  0.288971 0.0649304   9.79936
1.77464e+09  -0.00118292 -0.00183929 -0.00495361  0.278611 0.0695522   9.80536
1.77464e+09   0.00116353 -0.00286832 -0.00380493  0.278604 0.0699326   9.81173
1.77464e+09  -0.00072594  0.00286158 -0.00401054  0.286063 0.0769091   9.79917
1.77464e+09  0.000100407 -0.00359109 -0.00184936  0.289464 0.0854235   9.79379
1.77464e+09   0.00179785  0.00185555 -0.00170888  0.288817 0.0885662   9.80004
1.77464e+09  -0.000874568  -0.00017563  0.000832685  0.278106 0.0880375   9.81974
1.77464e+09   -0.00130593   0.00302337 -0.000133441  0.272868 0.0745652   9.82313
1.77464e+09   -0.00124523 -8.47529e-05  -0.00476473  0.280235 0.0826807   9.81069
1.77464e+09  0.000260211 -0.00412875 -0.00444262   0.29309 0.0950259   9.81447
1.77464e+09  0.000447475 0.000216006 -0.00217973  0.297077 0.0929539   9.81136
1.77464e+09   0.00430311 -0.00342467 -0.00553444  0.281013 0.0964576   9.79864
1.77464e+09   0.00441845 -0.00209104 -0.00111634  0.259198 0.0950178   9.80449
1.77464e+09    0.00327807 -0.000597315  -0.00410119  0.255769 0.0879546   9.79592
1.77464e+09   0.00259905  0.00262845 -0.00651686  0.244588 0.0830677   9.79081
1.77464e+09    0.00109534  -0.00359281 -0.000854138   0.25905 0.0740588   9.79693
1.77464e+09   0.00253665 -0.00158061   0.0012586  0.277709 0.0820026   9.80793
1.77464e+09   0.00085058 -0.00121288 -0.00294482  0.274763 0.0823358   9.80404
1.77464e+09  0.000970684 -0.00168293 -0.00332548  0.271447 0.0842055   9.82071
1.77464e+09  0.000864016 -0.00674116 -0.00249866  0.279151 0.0877893   9.81165
1.77464e+09   0.00171101  0.00284171 -0.00265598  0.280964 0.0835275    9.8017
1.77464e+09  0.000483759 -0.00264342 -0.00274891  0.290509 0.0817609   9.79709
1.77464e+09   0.00251086 0.000910548 -0.00248165  0.275383 0.0750482   9.79599
1.77464e+09    0.0036482 -0.00148293 0.000498537  0.267442 0.0805571   9.79949
1.77464e+09   0.00260714 -0.00112894 -0.00329446  0.270092 0.0862785   9.81221
1.77464e+09  0.000478588 -0.00145602 0.000656427  0.269339 0.0758489    9.8197
1.77464e+09   0.00314715 -0.00137078 -0.00400693  0.257516 0.0771798   9.80788
1.77464e+09  -1.80459e-06  -0.00182738   0.00121615  0.261753 0.0857704   9.80188
1.77464e+09   0.00425875  0.00366315 -0.00183073 0.272182 0.102541  9.79067
1.77464e+09   0.00269065 -0.00372318 -0.00143165 0.275672 0.111754  9.79238
1.77464e+09  0.000828385  0.00134433 -0.00108256 0.267213 0.112854  9.79699
1.77464e+09   0.00249994 -0.00368012 -0.00210062 0.263445 0.105433  9.79994
1.77464e+09    0.00238601   0.00173961 -6.50853e-05   0.26035 0.0925321   9.79432
1.77464e+09   0.00190686   0.0026028 -0.00460226  0.265497 0.0749712     9.788
1.77464e+09   0.00262441 -0.00248362 0.000856255  0.266804 0.0686032    9.8019
1.77464e+09   0.00192952 0.000888384 0.000668103  0.264155 0.0761013   9.81353
1.77464e+09  0.00335544 0.00541432 0.00107952  0.275019 0.0844211   9.79862
1.77464e+09  0.000438562 -0.00144611 0.000427718  0.295771 0.0998136   9.78091
1.77464e+09  -0.000714151  -0.00460173  -0.00130398 0.281047 0.095471  9.78057
1.77464e+09   0.00251694 -0.00391608 -0.00100176  0.282515 0.0827848   9.80273
1.77464e+09    0.0004886 -0.00105279 -0.00235511 0.280572 0.086568  9.81714
1.77464e+09  0.00362405 -0.0051386 -0.0036694  0.277669 0.0805944   9.80368
1.77464e+09  0.00548303 0.00244377 0.00243564   0.26653 0.0924657    9.7967
1.77464e+09   0.000713973 -4.98905e-05   -0.0037201  0.262935 0.0988894   9.79873
1.77464e+09   0.00276155  0.00267078 -0.00097445  0.260563 0.0917181   9.81129
1.77464e+09   0.00139496 -0.00023346  0.00193192  0.280686 0.0944134   9.81023
1.77464e+09   0.00291731 -0.00152941 -0.00162464  0.288132 0.0839054   9.80272
1.77464e+09  0.000390457 0.000178093  0.00177592  0.283497 0.0859788   9.80575
1.77464e+09   0.00177189 -0.00151613  0.00194163  0.283605 0.0946944   9.80177
1.77464e+09    0.00113246 -0.000688582  -0.00253853  0.292877 0.0892484   9.79573
1.77464e+09   0.00174927 -0.00589405 -0.00115947  0.296951 0.0851652    9.7938
1.77464e+09    0.00157961 -0.000581599  -0.00416017  0.283409 0.0722199   9.79951
1.77464e+09  -0.000877819  -0.00272036  0.000874054  0.261909 0.0636701   9.80025
1.77464e+09   0.00103084 -0.00240822 0.000922717  0.259252 0.0620732   9.79907
1.77464e+09  -0.000292107  -0.00093996  -0.00636921  0.265714 0.0771499   9.80679
1.77464e+09  -0.00243666 0.000571881  0.00215103  0.278488 0.0903909   9.80809
1.77464e+09  -0.00249002 -0.00297494 -0.00134166  0.267006 0.0916216   9.79867
1.77464e+09  0.000764468 -0.00488242 -0.00368978  0.277781 0.0869441   9.79611
1.77464e+09   0.00269608 -0.00829761 -0.00622772  0.270164 0.0840188   9.80129
1.77464e+09  -0.000580409    0.0027384   0.00459111  0.264847 0.0701339   9.82038
1.77464e+09   0.00315658  0.00203176 0.000800895   0.26768 0.0797385   9.82022
1.77464e+09  -0.00420212 -0.00621809  -0.0037767  0.279145 0.0823605   9.81749
1.77464e+09  -0.000157815  -0.00035513 -0.000890508   0.29464 0.0867266   9.81486
1.77464e+09  -0.00319751  0.00561788  -0.0012471  0.302593 0.0830144   9.80923
1.77464e+09   -0.00432076 -0.000432486  -0.00478252   0.2904 0.085757  9.81047
1.77464e+09    0.00013238 -0.000870728   0.00463771  0.279087 0.0797272   9.80707
1.77464e+09  -0.000861076   0.00169918   0.00264199  0.281553 0.0736937   9.80502
1.77464e+09  -0.000443994  -0.00190177 -0.000816381  0.288404 0.0809084   9.80877
1.77464e+09  -0.00190695  0.00396668 0.000900012  0.276788 0.0807911   9.81435
1.77464e+09  -0.00410569  0.00187218  0.00045761 0.264468 0.094318   9.8145
1.77464e+09  -0.00305983 -0.00351948 -0.00296525  0.261103 0.0978328   9.81206
1.77464e+09  0.00297824 0.00356726 0.00139191  0.280723 0.0970865   9.80485
1.77464e+09  -0.000598929  -0.00015631  0.000248322  0.289989 0.0892432   9.80784
1.77464e+09  0.000282768 -0.00435696  0.00190838  0.305224 0.0847997    9.8098
1.77464e+09   0.00139241  0.00189686 0.000533289  0.299549 0.0732803   9.80818
1.77464e+09   -0.00279152  -0.00213296 -0.000698258  0.288356 0.0663526   9.80554
1.77464e+09    0.00310438   0.00103163 -0.000742932  0.265536 0.0754327   9.80966
1.77464e+09   -0.00336636  -0.00490198 -0.000694377  0.265266 0.0829796   9.81132
1.77464e+09  -0.00465899 -0.00125587 0.000418383  0.269821 0.0848608    9.8174
1.77464e+09  0.000554266  0.00587761 0.000948894  0.280002 0.0794441   9.82105
1.77464e+09  -0.000645248  0.000774445 -0.000314764  0.290677 0.0656297   9.81339
1.77464e+09  -0.00353996  0.00487164   0.0003507   0.30622 0.0560179   9.82234
1.77464e+09   0.000992115 -0.000275817  -0.00123584  0.304204 0.0509672   9.82563
1.77464e+09  -0.000144137  -0.00140662    0.0027342  0.309564 0.0665538   9.81649
1.77464e+09   -0.00161712 -0.000377484 -0.000435215  0.314681 0.0779073   9.80974
1.77464e+09  0.00129081 0.00332278 0.00271301 0.306742 0.089753  9.79616
1.77464e+09    0.00345492 -0.000356895   0.00223983  0.272187 0.0856137   9.80924
1.77464e+09  -0.00037806  0.00185211  0.00130631   0.25322 0.0825539   9.82354
1.77464e+09  -0.000401555   0.00348867  0.000826791  0.268236 0.0691598   9.82123
1.77464e+09  -0.00277663 -0.00449287  -0.0019114  0.274058 0.0687131   9.82035
1.77464e+09  5.47859e-05  -0.0001933  0.00283786   0.27072 0.0715371   9.82092
1.77464e+09   0.00138004 -0.00111689  0.00346372  0.279825 0.0604268   9.80065
1.77464e+09   -0.00272765 -0.000259879  0.000183438  0.291712 0.0646976    9.7894
1.77464e+09  -0.000580321   0.00135316  0.000339464  0.288913 0.0770769   9.80582
1.77464e+09  -0.00249895  0.00479843 0.000977238 0.279907  0.07888  9.81247
1.77464e+09  0.000330962 -0.00216016 -0.00321512  0.263076 0.0737361    9.7997
1.77464e+09   0.00093563 0.000625061 0.000914823  0.267424 0.0699217   9.79208
1.77464e+09  0.000243515 -0.00249764 -0.00450686   0.27198 0.0605279   9.79042
1.77464e+09   -0.00158524 -0.000330323   0.00194267  0.272751 0.0666019   9.79133
1.77464e+09  0.00737065 0.00352545 -0.0031445  0.267722 0.0509253   9.79935
1.77464e+09   0.00214653 -0.00161013  0.00289954  0.272153 0.0616755   9.80067
1.77464e+09    0.00378936  -0.00235774 -0.000174994  0.278027 0.0793605   9.80876
1.77464e+09  0.000497592 -0.00176962 -0.00269762  0.285244 0.0676091   9.82613
1.77464e+09   0.00294069   0.0036676 -0.00216563  0.283251 0.0733194    9.8216
1.77464e+09   0.00314391 -0.00357411 -0.00197923  0.264529 0.0727013   9.82032
1.77464e+09  0.000454275 -0.00393848 -0.00320867  0.258997 0.0769366   9.81834
1.77464e+09   0.00470238 -0.00295183 -0.00335465 0.268374 0.084823   9.8117
1.77464e+09   0.00314908 -0.00041637 -0.00414299  0.284897 0.0833096   9.80756
1.77464e+09   0.00154958 -0.00153174   -0.002853  0.302265 0.0774523   9.80231
1.77464e+09   0.00306518 -0.00343668 -0.00170176  0.307047 0.0799854   9.81572
1.77464e+09    0.0074525 -0.00312593 -0.00246447  0.300949 0.0894291   9.82273
1.77464e+09   0.00321199 -0.00384639 -0.00409631  0.275563 0.0934612   9.81439
1.77464e+09   0.00103292  0.00321581 -0.00144493  0.273749 0.0945548   9.81265
1.77464e+09   0.00311987  0.00619537 9.46796e-05  0.284444 0.0943286   9.81713
1.77464e+09    0.00346535 -0.000653087  -0.00104198 0.276715 0.103515  9.81837
1.77464e+09   0.000332249 -0.000718415      0.00169 0.270759 0.102262  9.81017
1.77464e+09   0.00186252  0.00461158 -0.00349196  0.273189 0.0996944   9.79536
1.77464e+09   0.000184635 -6.16266e-05  -0.00403045  0.279569 0.0999271     9.787
1.77464e+09  0.000213924 -0.00358858 -0.00059396  0.282129 0.0820868   9.78386
1.77464e+09  0.000412302 -0.00255507 -0.00517853  0.280384 0.0725051   9.79196
1.77464e+09    0.00104515  0.000326248 -0.000530851  0.275405 0.0646148   9.79438
1.77464e+09   0.00234672 0.000976259 -0.00568467  0.262785 0.0830516   9.79795
1.77464e+09    0.00269437  -0.00124778 -0.000590941  0.266265 0.0811053   9.79137
1.77464e+09   0.00147081 -0.00372686 -0.00184392  0.286117 0.0796282   9.79736
1.77464e+09  0.00188543  0.0031758 -0.0033423  0.294483 0.0830414   9.79685
1.77464e+09  0.000911768 -0.00165832 -0.00552117  0.303285 0.0883453   9.79271
1.77464e+09  -0.00178156 -0.00257671 -0.00171585  0.291586 0.0915623    9.7915
1.77464e+09  -0.00186649 -0.00588333 -0.00222744  0.287846 0.0856325   9.78804
1.77464e+09    0.00202019 -0.000550614 -0.000961064  0.288718 0.0956543   9.78485
1.77464e+09  -8.39207e-05 -0.000563387   -0.0014586 0.30082 0.10639 9.78779
1.77464e+09   0.00223446  0.00223215 -0.00211739  0.305872 0.0982061   9.79716
1.77464e+09  0.000122226  0.00226677   0.0035606  0.297873 0.0971855   9.79824
1.77464e+09    0.0027416 -0.00264019  0.00117399  0.277617 0.0891109   9.80403
1.77464e+09    0.0031127  0.00477906 -0.00351019  0.263375 0.0850033   9.80795
1.77464e+09  -0.00275703 -0.00383664  0.00147893  0.277609 0.0985547   9.81015
1.77464e+09  -0.00176934   -0.002059  0.00156774 0.291979 0.105368  9.80088
1.77464e+09  -0.00124946 -0.00237161  0.00022645  0.295693 0.0907057   9.79743
1.77464e+09     0.0015003   0.00187383 -0.000805336   0.29734 0.0699079   9.81366
1.77464e+09  -0.000233011  0.000258808  -0.00209604  0.293063 0.0766054   9.82791
1.77464e+09  -0.00047527 -0.00378076 -0.00027952  0.294165 0.0945082   9.81483
1.77464e+09  0.00142049 0.00101647 0.00198564 0.288355 0.105808  9.80634
1.77464e+09  -0.00225697 -0.00549404  0.00310683 0.279516  0.11712  9.80196
1.77464e+09  0.00456065  0.0015805 0.00102086 0.274509 0.119418  9.79027
1.77464e+09   -0.00131575 -0.000467408   0.00375034 0.285866 0.110017  9.80914
1.77464e+09   -0.00209274  -0.00117093 -0.000238564 0.296773 0.105889  9.82779
1.77464e+09   0.00127182  0.00146488 0.000729208  0.30378 0.104779    9.818
1.77464e+09   0.00187416 -0.00124672 -0.00176564 0.286242 0.108056  9.80138
1.77464e+09  0.000418175  0.00116383 0.000139091 0.281869 0.104693   9.7978
1.77464e+09   0.00128583  0.00375684 -0.00253234  0.276333 0.0951458    9.7946
1.77464e+09  -0.00152463  0.00115046 0.000522547  0.268278 0.0808854   9.79756
1.77464e+09  -0.00239799 -0.00641345  0.00651543  0.262447 0.0811748   9.79244
1.77464e+09  4.69759e-05 -0.00087399   -0.002557  0.266654 0.0872514   9.79373
1.77464e+09  0.000423164 -0.00138133  0.00105569  0.269907 0.0925515   9.80879
1.77464e+09  -0.00421482 -0.00391157  -0.0016551 0.272354 0.108453  9.81174
1.77464e+09  -0.00226088   0.0021732 0.000306767 0.285548 0.106223  9.81102
1.77464e+09  -0.00209546 0.000733533  0.00290075  0.279599 0.0937116   9.79963
1.77464e+09  0.000390408 -0.00425313 -0.00328384  0.282556 0.0875749    9.7971
1.77464e+09  -0.00322895  0.00364834 -0.00141086  0.281174 0.0846924   9.80322
1.77464e+09  -0.00466384  -0.0031726 0.000216544  0.273556 0.0887009   9.80413
1.77464e+09  -0.000192467   0.00194841 -0.000110272  0.274374 0.0972431   9.81353
1.77464e+09  -0.000991057   0.00433706  -0.00105134  0.275497 0.0913167   9.81206
1.77464e+09   0.0021428 0.00159197 0.00026203  0.274382 0.0848476   9.81105
1.77464e+09  -0.000836901  0.000390605 -0.000684579  0.266945 0.0680524    9.8032
1.77464e+09    0.0008503  0.00253068 -0.00106356 0.279786 0.076418  9.80276
1.77464e+09   0.000676829  -0.00501011 -3.14476e-05 0.285484 0.097396  9.79601
1.77464e+09  9.28159e-05 6.52756e-05  0.00195174  0.292317 0.0953765   9.79669
1.77464e+09  0.000827171 -0.00265308  0.00239207  0.295443 0.0925823   9.79345
1.77464e+09     0.0026793  -0.00131365 -0.000937242 0.289865 0.087111  9.79254
1.77464e+09   -0.00010081  -0.00488715 -2.23643e-05    0.2931 0.0767546   9.78802
1.77464e+09   -0.00110423  0.000239053 -0.000356951  0.284763 0.0835395   9.79408
1.77464e+09  0.00390002 0.00111528 -0.0011128  0.277899 0.0822179   9.79895
1.77464e+09  -0.00213893 -0.00514666 0.000764413 0.268049  0.08115  9.79264
1.77464e+09   -0.0021235 -0.00241657  0.00138373  0.262033 0.0895382   9.78805
1.77464e+09  0.000567489 -0.00230126 -0.00106797   0.25663 0.0912928   9.79233
1.77464e+09    0.00103082   0.00152866 -9.08629e-05  0.257886 0.0844809   9.79518
1.77464e+09   0.00199506 -0.00278092 -0.00102764  0.273746 0.0773867   9.79844
1.77464e+09      0.003395  -0.00287429 -0.000342227  0.277305 0.0799212   9.79287
1.77464e+09   0.00308606 0.000185372  0.00117816   0.25539 0.0652198   9.79389
1.77464e+09  -0.00140569 -0.00212488  0.00192747  0.255161 0.0603259   9.79267
1.77464e+09  0.00179623 0.00249374 0.00202098  0.263686 0.0680032   9.78965
1.77464e+09   -0.0012484 0.000596185  0.00268089  0.268569 0.0733944   9.79395
1.77464e+09   0.000480589 -0.000159468  0.000876995  0.269226 0.0639367   9.79565
1.77464e+09   0.00176207 0.000872822  0.00256389  0.287891 0.0883425   9.79014
1.77464e+09  -0.00187344 -0.00260647 -0.00121031 0.279799 0.101094  9.79414
1.77464e+09    0.00144201  -0.00349133 -0.000590505 0.272115 0.102838  9.80622
1.77464e+09   0.00445299 -0.00276081  0.00188123  0.275402 0.0974319   9.81076
1.77464e+09  -0.000444763  -0.00307397  0.000804626  0.273232 0.0648095   9.82229
1.77464e+09   0.00207131 0.000622233 -0.00115735  0.273781 0.0658758   9.82735
1.77464e+09  -0.000864578 -0.000498366   0.00600663  0.273989 0.0794275   9.82016
1.77464e+09   0.00324498  0.00306497 -0.00292246  0.269734 0.0815753    9.8072
1.77464e+09    0.00189588 -0.000211857   0.00127089  0.277084 0.0788084   9.80783
1.77464e+09   0.00696949 -0.00227076  0.00139548  0.283762 0.0826109   9.82252
1.77464e+09    0.00197285  -0.00215884 -0.000914785 0.294339 0.086461  9.81525
1.77464e+09  0.000549516 -0.00363833 -0.00119998  0.291351 0.0829905   9.80796
1.77464e+09  0.00540092 0.00157533 0.00286644  0.287988 0.0704368   9.81117
1.77464e+09    0.00392929 -0.000851246  -0.00553933  0.286021 0.0864787   9.81732
1.77464e+09   0.00302791 5.27969e-05 -0.00251128  0.283096 0.0946052   9.81913
1.77464e+09   0.00549808  0.00515776 0.000930709  0.285324 0.0866755   9.80875
1.77464e+09    0.00277769 -0.000424398  -0.00273469 0.281549 0.096828  9.79274
1.77464e+09   0.00120954 1.47108e-05 -0.00296667  0.279337 0.0900771   9.79497
1.77464e+09   0.00411023 0.000707899 -0.00217198  0.278627 0.0824306   9.79782
1.77464e+09   0.00163226 -0.00374104 0.000685416  0.276293 0.0813686   9.79556
1.77464e+09   -0.00152808 -0.000695583  -0.00250491  0.279465 0.0768158   9.80464
1.77464e+09   0.00231147  0.00454837 -0.00238741  0.272112 0.0754084   9.81756
1.77464e+09   0.00288432  0.00138601 -0.00489511  0.273115 0.0744155   9.81596
1.77464e+09    0.00357638 -0.000733352  -0.00133741   0.2748 0.072543  9.82086
1.77464e+09   0.00586949 -0.00041264 -0.00119925  0.258638 0.0742024   9.82037
1.77464e+09  -0.00150918 -0.00493336 -0.00014006  0.249165 0.0749543   9.80843
1.77464e+09  -0.00290968 -0.00162945  -0.0031901  0.256535 0.0812436   9.79107
1.77464e+09  -0.000252739  -0.00204371  -0.00223147  0.265447 0.0946588   9.79262
1.77464e+09   0.00309541  0.00123659 -0.00334392  0.259037 0.0953018   9.80511
1.77464e+09   0.00186217 -0.00521502 -0.00336658  0.254278 0.0904007   9.80528
1.77464e+09   0.00183557 1.82539e-05 -0.00240796  0.264935 0.0966263   9.80694
1.77464e+09   0.00304373  0.00414046 -0.00208875  0.269781 0.0985969   9.80148
1.77464e+09   0.00186256  0.00333935 0.000146989  0.277103 0.0967771   9.80359
1.77464e+09  0.000523093 -0.00411501   0.0004151  0.296606 0.0773795    9.8046
1.77464e+09  -0.00250875 -0.00349555 -0.00175476  0.297652 0.0616274   9.80838
1.77464e+09   0.00240034  -0.0014693 -0.00305309  0.291105 0.0778663   9.80277
1.77464e+09   0.00223155 -0.00117049 -0.00367344  0.270906 0.0811241   9.80549
1.77464e+09  -0.00118745 0.000442024 -0.00492375 0.255793 0.102342  9.81408
1.77464e+09  -0.000157524    0.0027145  -0.00418148  0.263991 0.0954429    9.8058
1.77464e+09     0.002069  0.00350588 -0.00175766  0.275317 0.0871551   9.80025
1.77464e+09  -0.00188154 0.000154432 -0.00202957  0.278203 0.0976187   9.78914
1.77464e+09  -0.00144258 -0.00270239 -0.00203181 0.290426 0.101957  9.79177
1.77464e+09   0.00164259 0.000165073 -0.00210513 0.292568 0.092998  9.79181
1.77464e+09  -0.00011285 0.000696191 -0.00427904  0.291928 0.0982765   9.79561
1.77464e+09   -0.00479353  -0.00302511 -0.000751821  0.305349 0.0923194   9.80151
1.77464e+09   -0.00609068  0.000484996 -0.000146569  0.300456 0.0974654   9.80165
1.77464e+09   0.00153173  0.00196792 -0.00266722 0.282424 0.093664  9.78751
1.77464e+09  -0.00141021 -0.00422513 -0.00299139  0.267576 0.0850644    9.7786
1.77464e+09    0.00490143   0.00243016 -0.000978886  0.263891 0.0853883   9.78529
1.77464e+09   -0.0040009 -0.00218832  0.00288842  0.259126 0.0832607   9.79538
1.77464e+09  0.000572764  -0.0041675 6.51245e-05  0.269375 0.0742282   9.81212
1.77464e+09    0.00200401 -0.000110577  0.000175348  0.278253 0.0763094   9.81266
1.77464e+09  -0.00169242 -0.00212524 -0.00139861  0.306553 0.0854398   9.79699
1.77464e+09  0.000302005 -0.00228051 -0.00206563  0.290843 0.0925761   9.78621
1.77464e+09  0.00212263  0.0050888 0.00334687  0.283338 0.0859962   9.79121
1.77464e+09   0.000527925  0.000373363 -0.000182285 0.278812 0.087803  9.80304
1.77464e+09   -0.0015097 -0.00109887 0.000358587 0.274963 0.098495   9.8094
1.77464e+09   0.00119147  0.00275177 -0.00455361 0.262235 0.100232   9.8081
1.77464e+09   -0.00373946 -0.000269757   0.00190027 0.256871 0.086506  9.80565
1.77464e+09  -0.00351183 -0.00174161 -0.00161231 0.274786 0.070996  9.79941
1.77464e+09  -0.000954747 -1.05094e-05  0.000924915  0.280415 0.0656975   9.79471
1.77464e+09   0.00358109 -0.00291281 -0.00286169 0.288316  0.07421  9.79716
1.77464e+09    0.0030367 0.000579432  0.00210791  0.282951 0.0868977   9.80486
1.77464e+09  -0.00163633 0.000234194  0.00110175  0.289836 0.0847217   9.79491
1.77464e+09  -0.00360676  0.00230764  0.00271261  0.282186 0.0809043   9.79008
1.77464e+09    0.00205895  0.000941316 -0.000225052   0.27382 0.0655896   9.79965
1.77464e+09  -0.000373666   0.00109025  -0.00130166  0.274246 0.0680553   9.80123
1.77464e+09   0.00112533 -0.00375405   0.0024023  0.284632 0.0699114   9.81168
1.77464e+09  -0.00191137  0.00543427   0.0023679  0.288758 0.0597266   9.81842
1.77464e+09  -0.000912524  0.000393186  -0.00158925  0.299565 0.0779035   9.83526
1.77464e+09  0.00049498 0.00066953 0.00141846  0.289741 0.0888837   9.82832
1.77464e+09   0.00133735 -0.00184717 -0.00310851 0.278183 0.101664  9.81935
1.77464e+09   -0.00355124 -0.000696699  -0.00114682  0.272215 0.0934634   9.81988
1.77464e+09  -0.00290187  0.00190014  0.00539041  0.288468 0.0757229   9.82064
1.77464e+09  -0.00513004  0.00277321   0.0031963  0.298257 0.0734348   9.81332
1.77464e+09    0.00158609   0.00454823 -0.000890712   0.29992 0.0681083   9.81103
1.77464e+09  0.000791625 0.000158161 0.000720805  0.301015 0.0631908   9.79746
1.77464e+09  -0.00101985  0.00291938 -0.00245332  0.285192 0.0773536   9.79741
1.77464e+09     0.0013202  -0.00159729 -0.000510656  0.294498 0.0823936   9.80015
1.77464e+09  -0.00105848 -0.00211002   0.0034098  0.303257 0.0912166   9.81264
1.77464e+09  -0.00029022 -0.00596884  0.00279824 0.292826 0.102456  9.82004
1.77464e+09   -0.00147383  -0.00352813 -0.000528766  0.27255 0.101365  9.82009
1.77464e+09  -0.000740323  -0.00275234  0.000596677   0.2588 0.102105  9.80257
1.77464e+09   0.00194505 -0.00062839  0.00198573  0.247688 0.0979206   9.79333
1.77464e+09  5.10055e-05 -0.00377872 -0.00120944 0.259952  0.09562  9.78276
1.77464e+09    0.00483161   0.00150127 -0.000507248  0.272243 0.0872697   9.78354
1.77464e+09  0.000593788 -0.00254198  0.00312531  0.291712 0.0739983   9.79968
1.77464e+09  -0.000409212  -0.00148807   0.00512241  0.292131 0.0784681   9.81802
1.77464e+09  -0.000463651  -0.00383734 -0.000512182  0.281629 0.0750259   9.82243
1.77464e+09  -0.00147214  0.00227777 -0.00147237  0.274839 0.0707126   9.80745
1.77464e+09    0.00177747 -0.000350596 -0.000243839  0.283469 0.0762145   9.80416
1.77464e+09   0.00149616  0.00235683 0.000683787  0.289938 0.0760771   9.80649
1.77464e+09   -0.00279627  -0.00175607 -0.000213078  0.296684 0.0773858   9.81476
1.77464e+09   0.00207699 0.000628688 -0.00393363  0.300583 0.0785717   9.82691
1.77464e+09    0.00146063 -0.000707579 -0.000574834  0.298889 0.0687585   9.82302
1.77464e+09  0.00397218 0.00308483 0.00402024  0.282604 0.0605883   9.81514
1.77464e+09   -0.00156631 -0.000593954   0.00267559  0.283887 0.0436743   9.81573
1.77464e+09   0.00397645 -0.00269613 -0.00420169  0.297246 0.0460816   9.81471
1.77464e+09  0.00674765 0.00173125 -0.0028057  0.287656 0.0704444   9.79975
1.77464e+09  0.000952045 -0.00375464 0.000407042  0.281898 0.0789796   9.79132
1.77464e+09    0.0021785 -0.00200429  -0.0024168  0.285989 0.0777752   9.79323
1.77464e+09   0.00205191 0.000419203 -0.00164254  0.309568 0.0840087   9.80522
1.77464e+09   0.00468942 -0.00327432 -0.00258622  0.31688 0.088474   9.8048
1.77464e+09   -0.0014769 -0.00339139  0.00149477   0.29859 0.0905283    9.8177
1.77464e+09  -0.000150555  0.000817779  -0.00634577   0.28739 0.0922537   9.81921
1.77464e+09   0.00260749 -0.00209421 1.83574e-05  0.265403 0.0883094   9.81061
1.77464e+09   0.00299807   -0.002663 -0.00351638  0.272069 0.0958398   9.81823
1.77464e+09   0.00346784  0.00101338 -0.00658049 0.295493 0.100732  9.81225
1.77464e+09  -0.00242804 -0.00188027 -0.00358042  0.305453 0.0894463   9.80663
1.77464e+09   0.00042763  0.00168741 -0.00230254  0.294801 0.0929106   9.80451
1.77464e+09  -6.1609e-05  0.00229348 -0.00424292  0.288421 0.0908329   9.79831
1.77464e+09  -0.000913184  0.000389651  -0.00496404  0.277077 0.0832663   9.80148
1.77464e+09   0.00342057 0.000366337 -0.00420971  0.265756 0.0771347   9.80141
1.77464e+09   0.00279868  0.00167365 -0.00502935 0.270287 0.080446   9.8093
1.77464e+09  -0.00336535 -0.00114491 -0.00179392  0.278467 0.0872969   9.80062
1.77464e+09  0.000891943  0.00012413 -0.00406485  0.287791 0.0828851     9.792
1.77464e+09   0.00581896 -0.00231343 -0.00707207  0.281097 0.0833716   9.78912
1.77464e+09  0.000633431 -0.00310918 -0.00303892  0.258092 0.0986449    9.7932
1.77464e+09    0.0038251  0.00296901 -0.00361774 0.229962 0.102386  9.79905
1.77464e+09  0.000813124  0.00381702 -0.00635392  0.247384 0.0990328   9.80133
1.77464e+09  -0.000463246  -0.00186019  -0.00330378  0.269661 0.0971361   9.79557
1.77464e+09   0.00040414 -0.00117818 -0.00139922   0.26631 0.0797459   9.79899
1.77464e+09   0.00203296 -0.00102508 -0.00477301 0.265483 0.078982  9.80947
1.77464e+09   0.00319355 -0.00137819 -0.00326066  0.263874 0.0933106   9.81959
1.77464e+09  -0.000732652  -0.00602233  -0.00224118 0.266907 0.104365   9.8081
1.77464e+09    0.00333155 -0.000347063  0.000302515 0.281607 0.107409  9.79712
1.77464e+09  -9.47241e-05  -0.00154179   -0.0012947 0.280309 0.094011  9.79392
1.77464e+09   0.00168285  0.00147398 -0.00152909  0.266715 0.0885169   9.79173
1.77464e+09  -0.00205878 -0.00343625 -0.00312611  0.266226 0.0865029   9.79279
1.77464e+09   0.00330144 0.000720867 -0.00200256  0.270064 0.0754684   9.80682
1.77464e+09   0.00150522  0.00469306 -0.00156296  0.284054 0.0802661   9.81293
1.77464e+09  -6.9312e-05 -0.00119523 -0.00132854  0.293207 0.0649019   9.80907
1.77464e+09  -0.00110585 0.000161662  0.00248137  0.305358 0.0691047    9.8025
1.77464e+09  -0.000573748  0.000850196   0.00206686  0.301422 0.0770139   9.78682
1.77464e+09   0.000382642 -0.000969068  -0.00463832  0.300508 0.0685129   9.76487
1.77464e+09    0.0022795 -0.00148959 -0.00096556  0.286609 0.0653087   9.77961
1.77464e+09   0.000959902   -0.0044973 -0.000367395  0.280575 0.0676867   9.80212
1.77464e+09  -0.00274767 -0.00334809  0.00113523  0.266073 0.0666079   9.81573
1.77464e+09   0.00074324 -0.00180465 -0.00113224  0.256751 0.0751386    9.8231
1.77464e+09    -0.0014065 -0.000681218  -0.00157156  0.278022 0.0802342   9.81218
1.77464e+09  0.000160965  0.00488841  0.00151269  0.286427 0.0782971   9.79965
1.77464e+09   0.00149794 -0.00153672  0.00417406 0.296286 0.096655  9.80042
1.77464e+09  0.000320512  0.00097682 0.000230481  0.294833 0.0857096   9.79704
1.77464e+09   -0.00200448 -0.000931595  -0.00197185  0.278691 0.0766751   9.79252
1.77464e+09   0.00110632 -0.00263631 -0.00244302  0.269041 0.0857102    9.7944
1.77464e+09   0.00251615 -0.00449001 4.41926e-05  0.271655 0.0924195   9.78633
1.77464e+09  -0.000373357   0.00188599 -0.000962003   0.26434 0.0976752    9.7865
1.77464e+09  -0.00158166  0.00154655  0.00141482   0.28289 0.0902509   9.79262
1.77464e+09   0.00210238 0.000262455  0.00369545  0.283128 0.0850931     9.801
1.77464e+09   0.00172337  0.00302541 0.000320087  0.289915 0.0812911   9.81928
1.77464e+09  -0.000440619  -0.00291195   0.00358876  0.292174 0.0741054   9.82693
1.77464e+09   -0.00125062   -0.0033122 -0.000953174   0.26799 0.0889246   9.82738
1.77464e+09  -0.00137878  -0.0022148 0.000478664  0.281412 0.0995064   9.82794
1.77464e+09   0.000473907  -0.00109241 -0.000682058 0.294814 0.101798  9.81296
1.77464e+09  -0.000994657  -0.00251817   0.00043202   0.29148 0.0902599   9.80012
1.77464e+09    -0.0010798 -0.000200886   0.00226917  0.281722 0.0765907   9.79887
1.77464e+09  0.000186994  0.00207173   0.0030383  0.266238 0.0956448   9.80812
1.77464e+09  -0.00163426 -0.00370385  0.00181497  0.250014 0.0827048   9.79465
1.77464e+09  -0.000554945  -0.00215947  0.000966963  0.243889 0.0721853   9.78462
1.77464e+09  -0.000872658   0.00349005   0.00437657  0.238595 0.0681823   9.78875
1.77464e+09  -0.00378482 -0.00391329  0.00378913  0.258893 0.0673384   9.80772
1.77464e+09  -0.00018138 -0.00574572 -0.00056074  0.287433 0.0701291   9.80409
1.77464e+09   -0.0024629 -0.00270709  0.00685886  0.283532 0.0750865   9.78086
1.77464e+09  -1.72058e-05   -0.0039122   0.00039435  0.282192 0.0840943   9.78367
1.77464e+09  -0.000814692  -0.00122961   0.00461548 0.290856 0.107571   9.7968
1.77464e+09    0.00184979   0.00202068 -8.02703e-06 0.296216 0.114064   9.8036
1.77464e+09  -0.00127908  0.00528306  0.00123566 0.294287 0.104493  9.80384
1.77464e+09  -0.00054673 -0.00260036 5.87956e-05  0.289308 0.0832653   9.81465
1.77464e+09  -8.93632e-05  -0.00621745  -0.00106103  0.288137 0.0664952   9.81579
1.77464e+09  -0.00231551 -0.00101721 -0.00126998  0.287516 0.0581121   9.81404
1.77464e+09   -0.00335957 -0.000325738   0.00127002  0.302163 0.0706347   9.82368
1.77464e+09   0.00135154  0.00233447 -0.00108929  0.306212 0.0767802   9.82987
1.77464e+09  -0.000869964   0.00455573   0.00163248  0.289283 0.0790065   9.83275
1.77464e+09  0.000505564  0.00567683  0.00172308 0.263854 0.082654  9.82239
1.77464e+09   0.00309258   0.0017613 0.000813016   0.25661 0.0831516    9.8167
1.77464e+09    0.00140446 -0.000281735    0.0035424  0.267503 0.0785707   9.81522
1.77464e+09  -0.000401635   0.00290934     -0.00223  0.287598 0.0751597   9.80777
1.77464e+09  -0.00185073  0.00107615  0.00135972  0.282897 0.0800747   9.80954
1.77464e+09   0.00184861  0.00194325 0.000971201  0.289011 0.0806606   9.82118
1.77464e+09  -0.00042552 -0.00635286  0.00382433  0.280361 0.0625546   9.82422
1.77464e+09   -0.00263232  -0.00382451 -0.000433429  0.273998 0.0665962   9.81317
1.77464e+09   0.00359658 0.000385115 -0.00234288  0.277949 0.0645433   9.80119
1.77464e+09   0.00157461 -0.00415748 -0.00463468  0.299332 0.0723269   9.78372
1.77464e+09     0.002062 0.000338299 -0.00417233   0.29705 0.0790908     9.792
1.77464e+09   -0.0020158 -0.00464556 5.50158e-05  0.273639 0.0687624   9.80597
1.77464e+09    0.00184457 -0.000782123  -0.00108661 0.261426 0.066975  9.82242
1.77464e+09   0.00562031 -0.00096182  0.00169086  0.273662 0.0747399    9.8199
1.77464e+09   4.75913e-05    0.0005113 -0.000736942  0.283748 0.0788347   9.80968
1.77464e+09  -0.000468278  -0.00161594  -0.00321728  0.295152 0.0792354   9.79678
1.77464e+09    0.00324913  7.14077e-05 -0.000812111  0.296354 0.0657639   9.79614
1.77464e+09   0.00466612  0.00204789 -0.00296566  0.302156 0.0614834   9.79752
1.77464e+09   0.00154657 0.000203436  -0.0038392  0.303182 0.0771186   9.80613
1.77464e+09  -0.000300245   0.00229927  -0.00230662  0.305075 0.0975762   9.80334
1.77464e+09  0.000813253  -0.0011182  -0.0057636 0.296752 0.109908  9.81381
1.77464e+09  0.000158974  0.00160368 -0.00437721  0.283449 0.0976538   9.81266
1.77464e+09   0.00311933  0.00200925 -0.00363246 0.274494  0.10138  9.80778
1.77464e+09   0.0056768 -0.0022456 -0.0045588 0.267718 0.103348  9.80389
1.77464e+09   0.00290367 -0.00181158  0.00035445  0.263557 0.0956201   9.79914
1.77464e+09   0.00033382 -0.00391876 -0.00345903  0.259086 0.0881698   9.80514
1.77464e+09  -0.000623322  -0.00344415  -0.00267297  0.261477 0.0968581   9.80844
1.77464e+09   0.00445961  0.00261926 -0.00684761  0.279886 0.0868531   9.80318
1.77464e+09   0.00500713 -0.00884857 -0.00465047  0.277316 0.0783114   9.78643
1.77464e+09   0.00265669 -0.00260984   -0.004047  0.275482 0.0812907   9.79047
1.77464e+09  0.000802393  0.00411005  0.00212081  0.276746 0.0871583   9.80278
1.77464e+09    0.00501189 -5.27984e-05  0.000547078  0.277549 0.0864762   9.81839
1.77464e+09  -0.000146756   0.00253797  -0.00256021   0.28045 0.0871031   9.81524
1.77464e+09    0.00102358  0.000930165 -0.000851057  0.284774 0.0979886   9.80545
1.77464e+09   0.00522028  0.00069899 0.000175437 0.276248 0.100774  9.79606
1.77464e+09  0.000747023 -0.00427759 -0.00340488  0.263093 0.0934864   9.79124
1.77464e+09   0.00513495  0.00100891 -0.00114951  0.263704 0.0907234   9.80209
1.77464e+09   0.00311943  0.00199684 2.65474e-05 0.279454   0.0859  9.81657
1.77464e+09  -0.0010237 0.00489698 0.00112557  0.292295 0.0820519   9.81369
1.77464e+09   0.00125256  0.00136126 -0.00207403   0.29889 0.0736223   9.80816
1.77464e+09   0.00180458  0.00230434 0.000278155  0.309972 0.0652055   9.79843
1.77464e+09  0.000122653 0.000242373 -0.00202619  0.304105 0.0890806   9.78172
1.77464e+09   0.00227423 -0.00415098 -0.00519695  0.294247 0.0966676   9.78541
1.77464e+09    0.0023918 8.11876e-06 0.000298486  0.292383 0.0858465   9.79144
1.77464e+09    0.00211156  -0.00486232 -0.000814906  0.289618 0.0786376   9.79413
1.77464e+09  -0.000633764  -0.00208251  -0.00143783  0.294047 0.0718201   9.80356
1.77464e+09   0.00104345 -0.00467239  0.00148424  0.297203 0.0819613   9.81661
1.77464e+09   0.00147003 -0.00500769 -0.00147355  0.289032 0.0785773   9.82247
1.77464e+09   0.00081423 0.000786563 -0.00245982  0.282407 0.0954573   9.81107
1.77464e+09  -0.00068184  -0.0019001  0.00409547 0.281211 0.118041  9.79994
1.77464e+09  -0.000756982   0.00259002  0.000348767 0.282356 0.123098   9.7951
1.77464e+09    0.00333482  0.000757966 -0.000261586 0.285311 0.116071  9.79265
1.77464e+09  -0.000124656 -0.000982479   0.00472714 0.274766 0.104846   9.7868
1.77464e+09   -0.00130751   0.00343854 -3.65822e-05  0.280475 0.0987366   9.79472
1.77464e+09  0.000952794 -0.00181865  0.00366813  0.289211 0.0987872   9.79709
1.77464e+09   0.000383217 -0.000795653   0.00285333  0.278013 0.0916294   9.80398
1.77464e+09   0.00418363 0.000787572  0.00194777  0.270308 0.0826932   9.80559
1.77464e+09  2.01911e-05 0.000545863  0.00280887   0.27241 0.0947901   9.79063
1.77464e+09   -0.0010649 -0.00112957 0.000277299 0.274891 0.102533  9.78122
1.77464e+09  -0.000809613   -0.0065877 -0.000158873 0.287713 0.101169  9.78183
1.77464e+09  -0.000111892  7.94664e-05   0.00515663 0.293225 0.107286  9.78036
1.77464e+09  0.000489736   0.0014077  0.00139343  0.298153 0.0941469    9.8004
1.77464e+09  -0.000251448  -0.00312377    0.0014295  0.281811 0.0971285   9.80624
1.77464e+09  3.73972e-05 -0.00118348  0.00142598 0.260712 0.105462  9.79131
1.77464e+09  -0.00288741 0.000329187  0.00153552 0.250307 0.102741  9.78511
1.77464e+09  0.000321921 -0.00336973  0.00225732  0.244124 0.0906106   9.78724
1.77464e+09  0.00376507 0.00325363 0.00194693  0.252307 0.0839857   9.79606
1.77464e+09  -0.00402282 0.000612851  0.00201778 0.249706 0.100328  9.80062
1.77464e+09   0.00253345 0.000234268  0.00124788 0.256528 0.101322   9.7969
1.77464e+09  -8.63671e-05   0.00107611   0.00374494  0.251448 0.0895797   9.79128
1.77464e+09  -5.21115e-05  -0.00144796   0.00307316 0.261102 0.079334   9.7859
1.77464e+09  -0.000193518 -0.000885195  -0.00104483  0.262931 0.0603915   9.78481
1.77464e+09   -0.0012969 -0.00180244  0.00464928 0.277219 0.075874  9.79245
1.77464e+09   -0.00205253 -0.000892138   0.00216191  0.282645 0.0954975   9.79064
1.77464e+09   0.00127272  0.00283125 -0.00492238  0.282551 0.0947241   9.80119
1.77464e+09    2.5958e-05    0.0022307 -0.000678902   0.27798 0.0959143   9.80472
1.77464e+09  -0.00496391 -0.00248876 0.000598461  0.26519 0.103846  9.81518
1.77464e+09  0.000309503  0.00178258  0.00270407  0.267248 0.0978865   9.80641
1.77464e+09   0.000326621   0.00322715 -0.000935781   0.2747 0.086089  9.79557
1.77464e+09   -0.00301963 -0.000928969   0.00273752  0.277541 0.0666385   9.79759
1.77464e+09  0.00211428 0.00850083 0.00135284  0.263426 0.0543145   9.78268
1.77464e+09  -4.32023e-05 -0.000803539 -0.000266272  0.256082 0.0648349   9.79118
1.77464e+09  -0.000155226 -0.000977024  0.000416136   0.26245 0.0853313   9.79233
1.77464e+09  5.53704e-06   0.0013251 -0.00134472    0.2854 0.0972039   9.79837
1.77464e+09  0.000638788     0.00069 -0.00129509 0.308965 0.106083   9.8035
1.77464e+09  -0.00127546 -0.00239874 -0.00531056  0.30868 0.100551  9.79383
1.77464e+09  -0.000745564 -0.000642013  -0.00368883 0.293055 0.102652  9.80232
1.77464e+09    0.0018223 -0.00123072  0.00126633 0.278523 0.100869  9.80766
1.77464e+09   0.00176194 -0.00139628 0.000153363  0.273811 0.0964942   9.80372
1.77464e+09  0.00286249  0.0016484 0.00289337  0.289237 0.0852103   9.79703
1.77464e+09  -0.00218577 -0.00377009  0.00091382  0.275739 0.0618212   9.80542
1.77464e+09   0.00034627 -0.00127804 -0.00355052  0.253723 0.0636142   9.81955
1.77464e+09   0.00167778  0.00153987 7.91996e-05  0.270299 0.0709321   9.81848
1.77464e+09  -0.00044289 -0.00176878 -0.00249156  0.277259 0.0738897   9.81612
1.77464e+09  -0.00100027   0.0037728 -0.00149798  0.296369 0.0861302   9.80694
1.77464e+09  -0.00282515  0.00169709 -0.00557132  0.319538 0.0793493   9.80633
1.77464e+09    0.00219804 -0.000144627   0.00132636 0.313709 0.076636  9.80414
1.77464e+09  0.000496979 -0.00410644 -0.00515301  0.300811 0.0919456   9.80308
1.77464e+09   0.000506038 -0.000817545 -0.000658068  0.277057 0.0972241   9.80592
1.77464e+09   0.000949233 -0.000758362 -0.000757868  0.253311 0.0815881    9.8164
1.77464e+09   0.00274663  -0.0022539 -0.00274184   0.23666 0.0824712   9.81967
1.77464e+09   -0.00167059 -0.000900332   0.00286875  0.244827 0.0818282   9.80441
1.77464e+09   0.00301314 -0.00387254 -0.00308469  0.266576 0.0889332   9.78949
1.77464e+09    0.00495721   0.00219034 -0.000557255   0.27908 0.0892042   9.79099
1.77464e+09  -0.000582979 -0.000497355  0.000363445  0.284922 0.0969822   9.79226
1.77464e+09   0.00259794 -0.00256191 -0.00260066   0.2882 0.106354  9.80042
1.77464e+09  0.000533897 0.000348621 -0.00333586   0.29513 0.0971044   9.81428
1.77464e+09  4.35944e-05 -0.00498501 6.32914e-05 0.293706 0.081662  9.82049
1.77464e+09    0.00415976   -0.0050706 -0.000451033  0.296441 0.0756923    9.8174
1.77464e+09    0.00270651   0.00043955 -0.000941313  0.28693 0.080802  9.80239
1.77464e+09  -0.000457797  -0.00336941  -0.00274595  0.275495 0.0883479   9.79614
1.77464e+09   0.00249501 -0.00344501 -0.00269594  0.270149 0.0938265   9.81039
1.77464e+09  -0.000945972   0.00294898  -0.00315738 0.265126 0.102295  9.81031
1.77464e+09  0.00143302 0.00138463 0.00193895  0.255979 0.0971726   9.80275
1.77464e+09  -0.00101614 -0.00109793 -0.00281422  0.274684 0.0825746   9.79807
1.77464e+09   0.00234014 -0.00270402 -0.00139909   0.27686 0.0762063   9.79455
1.77464e+09     0.0022713  -0.00293163 -0.000526681  0.269107 0.0760511   9.79421
1.77464e+09  0.000505142 -0.00267813  0.00334182   0.27265 0.0817454   9.80993
1.77464e+09  0.00219182 0.00138989 0.00116219   0.27293 0.0935124   9.82588
1.77464e+09  0.000615724  0.00207942 0.000395169  0.270746 0.0927513   9.80655
1.77464e+09  -0.00104449 0.000357516 0.000839953  0.268122 0.0867084   9.80397
1.77464e+09    0.00153603 -0.000309264 -0.000568298  0.267927 0.0855448    9.8061
1.77464e+09   0.00210695 0.000663017 0.000518351  0.269814 0.0861394   9.80435
1.77464e+09   -0.0016527 -0.00651578 -0.00110625  0.283674 0.0942518   9.79583
1.77464e+09   0.00452467  0.00124415 0.000749894  0.292384 0.0955096   9.79854
1.77464e+09   0.000773281   -0.0014655 -1.70991e-05  0.295797 0.0895155   9.80894
1.77464e+09     0.0019152 -0.000287115  -0.00222086  0.294141 0.0955077   9.80625
1.77464e+09  -0.00036164 0.000293161 0.000890533  0.295574 0.0805235   9.80144
1.77464e+09   0.00402767 -0.00723623 0.000993844  0.273142 0.0641264   9.78897
1.77464e+09   0.00377526 -0.00178778 8.49451e-05  0.268059 0.0612712   9.78035
1.77464e+09   0.00349735 -0.00123398 -0.00159604  0.266005 0.0563995   9.79072
1.77464e+09  -0.00362319 -0.00433693  0.00285182  0.269062 0.0614943   9.79649
1.77464e+09     0.003307 -0.00624946 -0.00232066  0.277119 0.0583656   9.79439
1.77464e+09   -0.00102766 -0.000908057  -0.00074897  0.275704 0.0636409   9.79981
1.77464e+09  0.000842549  0.00101393 -0.00226799  0.275119 0.0824636   9.79167
1.77464e+09  -0.00142951 0.000378411 -0.00337163  0.279683 0.0832225   9.80109
1.77464e+09   0.00429888 -0.00134859 0.000564123  0.278077 0.0861894   9.80884
1.77464e+09  0.000204376 -0.00247183 -0.00302859   0.27922 0.0784463    9.8085
1.77464e+09    0.00350106  -0.00017271 -0.000533521   0.28784 0.0697372   9.80528
1.77464e+09  -0.000223942   0.00146625   0.00154358  0.281128 0.0851892   9.80934
1.77464e+09  -0.00115152 -0.00283368 -0.00229488  0.275533 0.0969315    9.8137
1.77464e+09    0.0013086 -0.00451485 -0.00168942  0.262422 0.0945513   9.80699
1.77464e+09  0.00141422 0.00161734 -0.0036285 0.270821 0.100309  9.79782
1.77464e+09   0.000159718   0.00234502 -0.000962487  0.284766 0.0848705   9.80082
1.77464e+09    0.00175313  -0.00239571 -0.000198179  0.289901 0.0808164   9.80538
1.77464e+09  -0.000523379  -0.00235898  -0.00131423  0.291297 0.0810857   9.81522
1.77464e+09  -0.00257502  0.00201637  0.00138554  0.294958 0.0885987   9.81828
1.77464e+09  0.000569611  -0.0034944  0.00187197  0.277962 0.0849389   9.79959
1.77464e+09  -0.00105203 -0.00222981   0.0008326 0.278889 0.067972  9.79142
1.77464e+09   -0.00381423  -0.00142515 -0.000529719  0.286196 0.0817912   9.78756
1.77464e+09   -0.00333302  -0.00153303 -0.000580125  0.284138 0.0949388   9.77822
1.77464e+09   0.00433107 0.000233455 -0.00158448  0.286583 0.0869457   9.77416
1.77464e+09  -0.000429139   0.00104414   0.00122015  0.279356 0.0909944   9.77989
1.77464e+09  0.00129062 0.00611498 -0.0025162  0.273232 0.0960942   9.79019
1.77464e+09  0.00337707 0.00181319 0.00154272  0.279274 0.0876635   9.81037
1.77464e+09  -0.000868663   0.00168144   0.00613594  0.270125 0.0906316   9.82018
1.77464e+09  -0.000579211   0.00256912 -0.000174069  0.277244 0.0721268   9.81389
1.77464e+09   0.000143984   0.00241558 -0.000455221  0.284853 0.0647873   9.80871
1.77464e+09  0.000760983 -0.00310105  -0.0022925   0.28508 0.0771858   9.80452
1.77464e+09   0.00209384 -0.00148084 -0.00343387   0.28965 0.0729989   9.79445
1.77464e+09    0.00072522 -6.38754e-05   0.00127141  0.282696 0.0728915   9.79444
1.77464e+09   -0.00107599   -0.0011313 -3.72379e-05  0.298478 0.0745664   9.80475
1.77464e+09  -0.00104249 -0.00504756 0.000219843  0.294873 0.0659945   9.80533
1.77464e+09  -0.000159889  -0.00427541 -0.000509703  0.285461 0.0762029   9.80613
1.77464e+09   -0.0018535 0.000560456   0.0018946  0.274131 0.0897014   9.80584
1.77464e+09  -0.00243899 -0.00669654  0.00157307  0.269162 0.0758967   9.79867
1.77464e+09   0.00266961  0.00198158 -0.00301428  0.277945 0.0589203   9.79425
1.77464e+09  -0.00334815 0.000109639  0.00148305  0.283483 0.0506861   9.80068
1.77464e+09   0.00351642   0.0016811 0.000544527  0.278683 0.0670972   9.81492
1.77464e+09   0.00156075 -0.00158786 -0.00516682  0.273572 0.0771213   9.81641
1.77464e+09  -0.000140425   -0.0048366   0.00407109  0.273299 0.0723832    9.7969
1.77464e+09  -0.00347333 0.000721535 0.000529085  0.273819 0.0781851   9.79674
1.77464e+09   0.00232139  0.00228825 -0.00118393  0.284784 0.0737882    9.7998
1.77464e+09  0.00217385 0.00247361 0.00115716 0.283482 0.078031  9.81009
1.77464e+09   0.000303218 -0.000202939   0.00457584   0.28323 0.0881185   9.81431
1.77464e+09    0.00432101 -0.000139256  -0.00492315  0.300955 0.0761564   9.81039
1.77464e+09  -0.000295346  -0.00377197  -0.00528819  0.304826 0.0915651   9.80803
1.77464e+09   0.00102962 -0.00560775  0.00325207 0.290972 0.100218  9.79979
1.77464e+09  -0.00140193 -0.00433805 0.000261707  0.278928 0.0813643   9.78234
1.77464e+09   0.00145271 -0.00158667 -0.00103655  0.266894 0.0915347   9.78205
1.77464e+09  -0.00108444 -0.00201048   0.0015488   0.27551 0.0972537   9.79901
1.77464e+09  -0.00025686 -0.00282102 -0.00858574 0.278713 0.105318  9.79989
1.77464e+09    0.00710118  -0.00386399 -0.000432016  0.272506 0.0953851   9.80916
1.77464e+09   0.00187263  0.00111091 -0.00166797  0.272302 0.0790213   9.80377
1.77464e+09   0.00165643 -0.00278077  0.00558577  0.266252 0.0864203   9.79246
1.77464e+09   0.00235729  0.00111258 -0.00298767  0.251686 0.0846086    9.7875
1.77464e+09  -0.000916946 -0.000490547   0.00223709  0.248544 0.0891586   9.80574
1.77464e+09  0.00157145 0.00106524 0.00172205  0.248357 0.0888428   9.81465
1.77464e+09   0.00246303 0.000555271 -0.00146698  0.272436 0.0803496   9.81722
1.77464e+09    0.00583567  0.000482919 -0.000713984  0.269796 0.0721961   9.80278
1.77464e+09   0.00100353 -0.00313368 -0.00431093  0.276827 0.0767712   9.80006
1.77464e+09   0.00329042 0.000454186 -0.00305092  0.284831 0.0854179   9.80868
1.77464e+09   0.00179876   0.0037477 -0.00217523  0.292263 0.0968754   9.80748
1.77464e+09   0.00150386 -0.00411238  0.00107676  0.292943 0.0952425   9.80859
1.77464e+09   0.00354362 0.000737506  -0.0024011  0.290482 0.0829219   9.81149
1.77464e+09   0.000801581  -0.00300422 -0.000663475  0.280027 0.0758859   9.80603
1.77464e+09   0.00238641  0.00287474 -0.00262957  0.258907 0.0860339   9.78258
1.77464e+09   0.00403029 -0.00267564  -0.0020324  0.264321 0.0951842   9.78769
1.77464e+09    0.00230706 -0.000544063  -0.00227042  0.285951 0.0957819   9.80272
1.77464e+09  0.000433017 0.000994917 -0.00250324  0.298156 0.0965898   9.80526
1.77464e+09   0.00379683  0.00286904 -0.00124577  0.298086 0.0857955    9.8123
1.77464e+09   0.00465548  0.00621637 -0.00129173  0.29142 0.064389  9.80753
1.77464e+09  0.000568495  0.00306619 -0.00212394  0.291407 0.0688462    9.7978
1.77464e+09    0.00457634  0.000860283 -0.000184547 0.287954 0.076124  9.79893
1.77464e+09    0.00415067 -0.000981494  -0.00290598  0.287306 0.0869028   9.79577
1.77464e+09   0.00218244   0.0014562 0.000685798 0.309331  0.10026  9.79757
1.77464e+09   0.00077803 -0.00185423 -0.00223026  0.304244 0.0938364   9.79552
1.77464e+09  0.000733469 0.000444509 0.000362874  0.284326 0.0859787   9.78379
1.77464e+09   0.00366127  0.00100992 -0.00363055  0.281083 0.0917693   9.79525
1.77464e+09  0.000907582 -0.00487503  -0.0013255  0.291641 0.0887835   9.80623
1.77464e+09  -0.00040609  -0.0009428 -0.00269684   0.29383 0.0946626   9.81529
1.77464e+09     0.0022738   0.00111573 -0.000546207  0.291959 0.0940219   9.81328
1.77464e+09  0.000691347  0.00313599 -0.00143441  0.288965 0.0804887   9.78699
1.77464e+09   0.00440062 0.000974043 -0.00367171  0.277532 0.0835198    9.7709
1.77464e+09   0.00459709  0.00156124 -0.00322815  0.279898 0.0868284   9.78518
1.77464e+09  -0.00177971 -0.00288704 -0.00437292  0.288898 0.0889224    9.8054
1.77464e+09  0.000655927 -0.00328222   0.0017786  0.297866 0.0998905   9.81719
1.77464e+09   0.00254851  0.00341546 -0.00133423   0.30591 0.0929289   9.80226
1.77464e+09    0.00325025   0.00201279 -0.000427104  0.289503 0.0851846   9.80054
1.77464e+09   0.00498552 0.000462525 -0.00460575  0.278229 0.0871042   9.80759
1.77464e+09  -0.000431974   -0.0028551  -0.00313078 0.269702 0.085987  9.80533
1.77464e+09   0.00193079  0.00163955 -0.00175487 0.273759 0.087613  9.81398
1.77464e+09  -0.00131198  0.00148371  -0.0048033  0.283619 0.0956325   9.81444
1.77464e+09  -0.000915673   0.00261647  0.000105806 0.290085 0.105928   9.8141
1.77464e+09   0.00179423  0.00353963 -0.00367003 0.284509 0.102112  9.81798
1.77464e+09  -0.00433191 -0.00336334  0.00165098  0.281207 0.0893466   9.80792
1.77464e+09  -0.000712815  0.000356056  -0.00169882  0.275082 0.0860604   9.80396
1.77464e+09   -0.00200934 -0.000656857  0.000377923  0.280937 0.0812108   9.80613
1.77464e+09  -0.000715072  -0.00273515 -0.000691625  0.285948 0.0836235   9.81414
1.77464e+09  -0.00438821 -0.00147477 -0.00141112  0.292968 0.0820611   9.82389
1.77464e+09  0.00225431 0.00039303 0.00224154  0.289618 0.0821045   9.82594
1.77464e+09  -0.00133791 -0.00361915 -0.00292545   0.26221 0.0791952   9.81353
1.77464e+09  -0.00107314 0.000992121 -0.00367839  0.257241 0.0970192   9.80479
1.77464e+09  0.000406354 -0.00094004  0.00302193  0.274459 0.0891043   9.78238
1.77464e+09   -0.0022292  0.00117433 -0.00208596  0.274519 0.0866564   9.77354
1.77464e+09    0.0021138 -0.00126886 -0.00241279   0.27329 0.0796334   9.77749
1.77464e+09  -0.000721325  -0.00261933    -0.003631  0.269324 0.0789946    9.7898
1.77464e+09  0.000923841  0.00308893  0.00179125  0.266872 0.0854062   9.80618
1.77464e+09    0.00369995  -0.00331522 -0.000555569  0.274114 0.0897575   9.81593
1.77464e+09   0.00248911 -0.00309686 -0.00116881  0.279055 0.0981953   9.81112
1.77464e+09  0.000251793   0.0050243  0.00278093 0.274367 0.105411  9.81996
1.77464e+09  -0.00323341   0.0017941  0.00042874  0.284964 0.0813258   9.80334
1.77464e+09  -0.000729197  -0.00124992  -0.00041566   0.27593 0.0813163   9.78676
1.77464e+09  -0.00163949 -0.00341012  0.00208711  0.272452 0.0827361   9.78187
1.77464e+09  -0.00440999  0.00224583 0.000605821  0.278056 0.0846158   9.78206
1.77464e+09  -0.000621528 -0.000713764  -0.00141812  0.294811 0.0714352   9.79329
1.77464e+09  -0.00173197  0.00107492 0.000181975  0.293133 0.0454897   9.79589
1.77464e+09  -0.00299988 -0.00424101  0.00505899   0.28407 0.0473385   9.80215
1.77464e+09   -0.00226485  -0.00391906 -0.000675405  0.262591 0.0481594   9.79546
1.77464e+09  -0.000279132   -0.0033191   0.00038364  0.260608 0.0551276   9.79956
1.77464e+09   0.00369145 -0.00020542 -0.00229467 0.250529 0.065253  9.78979
1.77464e+09  -0.00120997 -0.00520402  0.00534828 0.233712 0.074795  9.80352
1.77464e+09   0.00222701 -0.00261207  0.00303899  0.230214 0.0718466   9.82034
1.77464e+09  0.000956175 -0.00114162 -0.00153328  0.246395 0.0660812   9.81436
1.77464e+09  -0.00374489 -0.00204429  0.00543963  0.260645 0.0634364   9.80053
1.77464e+09  0.000152895 0.000809703  0.00294623  0.278691 0.0750169   9.78782
1.77464e+09   0.00698596  0.00292095 -0.00127418  0.277062 0.0690749   9.78744
1.77464e+09   0.00129794 0.000830103  0.00164592  0.281069 0.0782738   9.79101
1.77464e+09  -0.000313733  -0.00462323 -0.000539632  0.278135 0.0805896   9.79351
1.77464e+09   0.00123133 -0.00313231 0.000237426  0.278591 0.0644927   9.78676
1.77464e+09  -0.000143547 -0.000288877   0.00010487  0.283515 0.0759559   9.79183
1.77464e+09    0.00105063  -0.00254912 -0.000561603  0.287151 0.0847739   9.81554
1.77464e+09   0.000987133  -0.00147272 -0.000585797 0.277261 0.080895  9.82358
1.77464e+09  -0.000255607  -0.00458116   0.00249127  0.276713 0.0925192    9.8153
1.77464e+09   0.00374424 -0.00276595 -0.00259296  0.282112 0.0947172   9.80618
1.77464e+09  -0.00103702  0.00243632  -0.0011041 0.291417 0.105429  9.80991
1.77464e+09  -0.000152166  0.000295937    0.0057916 0.292734 0.113358  9.80019
1.77464e+09   0.00234146 -0.00266894 -0.00142302  0.284748 0.0975241    9.7936
1.77464e+09   0.00134085 0.000292995  -0.0010847 0.276646 0.094423  9.79044
1.77464e+09  -0.00115018 -0.00517561 0.000680463  0.284942 0.0944894   9.80155
1.77464e+09   0.00148603 -0.00227925 -0.00141919  0.292287 0.0871114   9.81007
1.77464e+09   0.00153891 -0.00237167 -0.00112473  0.289176 0.0854455   9.80972
1.77464e+09    0.00353261   0.00274949 -0.000494466  0.277698 0.0848169   9.80758
1.77464e+09  -0.000148144  -0.00124562    0.0017184   0.26107 0.0789331   9.80215
1.77464e+09   0.00184665  0.00106753 -0.00244904   0.25971 0.0594685   9.79519
1.77464e+09   0.000582915  -0.00334136 -0.000993681  0.284454 0.0575021   9.79666
1.77464e+09   0.00224577 -0.00247934 -0.00217379  0.293917 0.0898712   9.78813
1.77464e+09   0.00357321   0.0017158 -0.00295911  0.279412 0.0956373   9.78959
1.77464e+09   0.00293958  0.00183825 0.000888934 0.261448  0.08655  9.79691
1.77464e+09   0.00408524  0.00246338 -0.00344339  0.266173 0.0889709   9.80407
1.77464e+09   0.00264098 0.000360106  0.00157697  0.288069 0.0875741    9.8119
1.77464e+09  -0.000211113   0.00125069  0.000818439  0.297654 0.0894989   9.82675
1.77464e+09   0.00374701  0.00120434 -0.00241637   0.28983 0.0956451   9.81963
1.77464e+09  -2.78783e-06   0.00217533  -0.00140678  0.273445 0.0905842   9.80205
1.77464e+09     0.0020412  -0.00283937 -0.000872349  0.267559 0.0913934   9.81209
1.77464e+09   0.00175089  -0.0044846 -0.00235686  0.276641 0.0828517   9.81437
1.77464e+09   0.00226666  0.00160773 -0.00281822  0.303863 0.0778893   9.82291
1.77464e+09   0.00449097  0.00143088 0.000820525  0.300666 0.0842394   9.82699
1.77464e+09   0.00403044   0.0026673 -0.00224744  0.298141 0.0735506   9.82969
1.77464e+09     0.0016177   0.00555367 -0.000576315  0.280563 0.0861453   9.81077
1.77464e+09    0.00140148   0.00386983 -0.000512661  0.283832 0.0896908   9.80901
1.77464e+09    0.0044205 -0.00113216 -0.00207704  0.278566 0.0792139   9.80592
1.77464e+09  0.000258626 0.000660208 -0.00348535  0.275161 0.0876303   9.80448
1.77464e+09   0.00349541  0.00214386 -0.00114887  0.270288 0.0855489    9.8011
1.77464e+09   0.00370074  0.00437777 -0.00263499  0.273826 0.0715863   9.80923
1.77464e+09   0.00288408 -0.00295819 -0.00633547  0.277147 0.0876368    9.8142
1.77464e+09  0.000813932 -0.00113529 -0.00401227 0.279638 0.086923  9.80034
1.77464e+09    -0.001349   0.0021269 -0.00291685  0.282316 0.0940727   9.79999
1.77464e+09   0.00232851 -0.00472178 0.000352645 0.273867 0.103354  9.80819
1.77464e+09  0.000670403 -0.00158306 -0.00276876 0.286461 0.078876  9.81776
1.77464e+09   0.00256443  -0.0034226 -0.00356432  0.262921 0.0732539   9.81504
1.77464e+09  0.000301265  0.00160883 -0.00235785  0.26195 0.074473  9.81049
1.77464e+09  0.000538103 -0.00352513  0.00204621 0.263116 0.088847  9.81305
1.77464e+09    0.0037887 -0.00269382 -0.00574042   0.26098 0.0934745   9.80339
1.77464e+09    0.00457725 -0.000791936   -0.0027556 0.270709 0.085485  9.79726
1.77464e+09   0.00492346  0.00180748 -0.00561179  0.276054 0.0797951   9.80783
1.77464e+09   -0.0019405 -0.00110655 -0.00209451  0.272596 0.0803863   9.80564
1.77464e+09   0.00110195 0.000871613 -0.00184175 0.283849 0.083611  9.80336
1.77464e+09  0.00258779 0.00360558 0.00270491  0.271898 0.0862014   9.78983
1.77464e+09   0.00141645  0.00136341 -0.00142344  0.275325 0.0874198   9.80059
1.77464e+09  0.000402239  0.00107499 0.000166827  0.285298 0.0789381   9.80664
1.77464e+09  -0.00286317  0.00109734 -0.00444721 0.269838 0.086833  9.80925
1.77464e+09   0.00229339  0.00157633 -0.00212542  0.271203 0.0754615   9.82613
1.77464e+09   0.00375702 -0.00237687  0.00345289  0.269492 0.0972928   9.82779
1.77464e+09  -0.000592251  -0.00375967  -0.00195463 0.247773 0.108112  9.83554
1.77464e+09    -0.001279 -0.00243722 0.000462022  0.264656 0.0988453   9.82545
1.77464e+09  -0.000439044  -0.00336412  -0.00300676   0.27268 0.0922099   9.80678
1.77464e+09   0.00205578   -0.004475 -0.00316449 0.280195 0.082362  9.79617
1.77464e+09   -0.0049952 0.000115054  0.00151404  0.284463 0.0976463   9.80226
1.77464e+09  0.00024652 0.00127407 0.00229064  0.27803 0.115688  9.80631
1.77464e+09   0.00387472 -0.00147614  0.00103056 0.276829 0.108208  9.80803
1.77464e+09   0.00082661 -0.00466357  0.00392956 0.280096 0.100553  9.80605
1.77464e+09   0.00250288 -0.00136883  0.00110339 0.293295 0.085183  9.80436
1.77464e+09    0.00248608 -6.38296e-06 -0.000127884  0.288565 0.0746823   9.80315
1.77464e+09  -0.000588611  -0.00187852   0.00248826  0.298279 0.0760088   9.80044
1.77464e+09  -0.00201767 -0.00143536 0.000367275  0.294204 0.0733067   9.80595
1.77464e+09    0.00107041 -0.000272081   0.00174435  0.279192 0.0816689   9.81068
1.77464e+09  -0.00276447 0.000216538 0.000758709  0.269019 0.0993955   9.80241
1.77464e+09   0.00116361 -0.00298579  0.00212443   0.28902 0.0966327   9.78508
1.77464e+09  -0.00330467  0.00388246   0.0023466  0.300158 0.0872246   9.78936
1.77464e+09  4.37063e-05 -0.00245952  0.00177252  0.281825 0.0735165   9.79017
1.77464e+09  -0.00047939  0.00332952 0.000827966  0.275124 0.0608017   9.80444
1.77464e+09   0.00157381 -0.00222972  0.00189953  0.264664 0.0660542   9.81011
1.77464e+09  -3.13359e-05   0.00369103   0.00189522  0.266409 0.0724823   9.80887
1.77464e+09  -0.00099673 0.000554678  0.00018482  0.265465 0.0800463   9.80012
1.77464e+09   -0.00216011   -0.0014899 -0.000488426 0.256791 0.085537  9.79382
1.77464e+09  0.000116644  0.00203632  0.00371816  0.273459 0.0902164   9.80605
1.77464e+09   -0.00156033 -0.000947186   0.00124911   0.29465 0.0932086   9.81888
1.77464e+09    0.00144462  -0.00237388 -4.17084e-05  0.299506 0.0844512    9.8131
1.77464e+09  4.02644e-05 -0.00105702  0.00417472  0.301185 0.0791215   9.81074
1.77464e+09  0.000815055 -0.00283961  0.00145399  0.298202 0.0781591   9.80836
1.77464e+09  -0.000924815   0.00343906     0.003007   0.29768 0.0710069    9.8071
1.77464e+09  -0.00213444 -0.00525977  0.00091963  0.287242 0.0750205    9.8162
1.77464e+09  -0.00073213   -0.003957 0.000186187  0.292305 0.0825337   9.81349
1.77464e+09    -0.0017176  -0.00518321 -0.000407432  0.303297 0.0841798   9.79902
1.77464e+09   0.00315891  0.00245132 -0.00230032  0.313267 0.0981547   9.78511
1.77464e+09  -0.00108267 -0.00394444  0.00163406  0.297907 0.0867539   9.79289
1.77464e+09  -0.00413779  0.00253426 -0.00082127  0.289527 0.0833836   9.79993
1.77464e+09    0.0038707 -5.9485e-05 -0.00184759  0.283002 0.0973108   9.81241
1.77464e+09     0.0022586   0.00218169 -0.000629948  0.282955 0.0961666   9.82167
1.77464e+09  -0.000408755  -0.00104635  -0.00190798  0.291178 0.0824841   9.81181
1.77464e+09  3.16221e-05  -0.0023425  0.00194873  0.285196 0.0775292   9.81069
1.77464e+09  0.000548023 -0.00197284 -0.00103723  0.262684 0.0667928   9.79696
1.77464e+09    0.00393549   0.00442187 -0.000489648  0.249749 0.0723956   9.77973
1.77464e+09  -0.00115703 0.000573559 -0.00183774  0.259087 0.0745693   9.78785
1.77464e+09   0.00138722  0.00471948 -0.00339779  0.274367 0.0917162   9.78857
1.77464e+09  -0.000846383   0.00508436 -0.000712563 0.288437 0.104703  9.80393
1.77464e+09  -0.00022369  0.00231641 -0.00278513  0.285835 0.0792907   9.81407
1.77464e+09    0.00158254  0.000192514 -0.000892051  0.296529 0.0750342   9.80705
1.77464e+09  -0.000317648   0.00563445  -9.3493e-05  0.300146 0.0792071   9.81177
1.77464e+09   0.00117057 -0.00156256 -0.00314956  0.302733 0.0717324   9.81645
1.77464e+09  -0.000771949 -0.000460898  -0.00302038   0.29758 0.0757099   9.80568
1.77464e+09    0.00621359   -0.0010003 -0.000797858  0.288032 0.0767154   9.79386
1.77464e+09   0.00363785 -0.00164625 -0.00165998  0.288763 0.0788084   9.79217
1.77464e+09    0.00221841 -0.000363702  -0.00124256  0.297772 0.0831977    9.8087
1.77464e+09  -4.94688e-06 -0.000538753   -0.0075096  0.293951 0.0781659   9.81372
1.77464e+09   0.00324489 -0.00182463 -0.00163639  0.273185 0.0964115   9.80956
1.77464e+09  -0.000629641  1.29834e-05  0.000924989  0.257558 0.0847937   9.81337
1.77464e+09  -0.00252671 0.000573061 -0.00342094  0.271958 0.0598977   9.81472
1.77464e+09   0.000522525 -0.000161355 -0.000273346  0.287623 0.0760561   9.80365
1.77464e+09  -0.00184379   -0.003653 -0.00312752  0.291675 0.0676186   9.80565
1.77464e+09  0.000705304 -0.00486019  -0.0021686 0.279714 0.072009  9.80679
1.77464e+09   0.00579885 -0.00302196 -0.00469066  0.274676 0.0860549   9.80751
1.77464e+09   0.000352057 -0.000682208 -0.000480914  0.288091 0.0966826   9.79676
1.77464e+09   0.00167993 -0.00081271 -0.00471869 0.280571 0.101202  9.78506
1.77464e+09  -0.00131952 4.62943e-05  0.00285837  0.270791 0.0816375    9.7797
1.77464e+09  -0.000136652 -0.000299112  0.000785019  0.276534 0.0690917    9.7776
1.77464e+09   0.00278012 -0.00172149 -0.00435991  0.273063 0.0740841   9.79812
1.77464e+09   0.00193455  0.00293277 -0.00126441  0.277795 0.0788898    9.7981
1.77464e+09   0.000803418 -0.000971592  -0.00300887  0.293745 0.0958159   9.81254
1.77464e+09   0.00147475 -0.00614576 -0.00319921  0.292274 0.0967927   9.80884
1.77464e+09   0.00530683   0.0017969 -0.00510255  0.282855 0.0917828   9.79029
1.77464e+09   -0.00409148  0.000289194 -0.000442921  0.282666 0.0817781   9.78445
1.77464e+09  0.000938766 -0.00369308 -0.00508022  0.296002 0.0895185   9.78037
1.77464e+09  0.00356291 0.00346973 0.00101018 0.281492 0.103938  9.79175
1.77464e+09  0.000332419 -0.00505094 -0.00282708  0.272258 0.0909558   9.80319
1.77464e+09   0.00209021 -0.00191862  -0.0047244  0.287495 0.0721688   9.81298
1.77464e+09  -0.00111828 -0.00103221 -0.00128986  0.301658 0.0687876    9.8057
1.77464e+09    0.0022719 -0.00282283 0.000333188   0.30244 0.0708838   9.79681
1.77464e+09    0.00161717 -6.81563e-05   0.00109346  0.273022 0.0765941   9.79121
1.77464e+09   0.00311925  0.00137295 -0.00324514  0.259443 0.0887955   9.80014
1.77464e+09   0.00575882   0.0078912 -0.00172397  0.274636 0.0856375   9.80451
1.77464e+09  0.000320733 0.000759652 -0.00251589  0.283837 0.0911595   9.79754
1.77464e+09   0.00209558 -0.00122103 -0.00288088  0.276933 0.0925367   9.80226
1.77464e+09  -0.000692406   0.00131997  -0.00281119  0.264628 0.0929803    9.8063
1.77464e+09  -0.000261048  -0.00292458  -0.00235851  0.263764 0.0923642   9.80609
1.77464e+09   0.00340666 -0.00407802 -0.00530799  0.253227 0.0926278   9.79816
1.77464e+09  -0.00107899 -0.00463968 -0.00307189 0.276365 0.083277   9.8038
1.77464e+09  -0.00419172  -0.0026496  0.00255883  0.290303 0.0830908   9.80959
1.77464e+09   0.00143771  0.00189632 -0.00166816  0.285667 0.0801327   9.80512
1.77464e+09   0.000414621  0.000200703 -0.000489087  0.292581 0.0612646   9.81731
1.77464e+09  7.22791e-05 0.000297756 -0.00111304 0.284907 0.070507  9.81304
1.77464e+09   0.000704047  -0.00246591 -0.000633636  0.278655 0.0856441    9.7906
1.77464e+09  -0.00189454 -0.00420464 -0.00107142  0.284031 0.0846238   9.78349
1.77464e+09  0.000967745 -0.00543351  0.00239619  0.284166 0.0767524   9.78406
1.77464e+09      0.004984   -0.0034435 -0.000395982  0.297532 0.0735834   9.79193
1.77464e+09  -0.00112508 -0.00348792 0.000569222  0.285105 0.0836916   9.79754
1.77464e+09    0.00215741 -0.000484062  -0.00208376  0.275211 0.0728242   9.79894
1.77464e+09  -0.000923073  -0.00298846 -0.000200966  0.284318 0.0676433   9.80182
1.77464e+09  -0.00135258 -0.00421943 -0.00314758  0.290512 0.0832909   9.79838
1.77464e+09    -0.0016117  -0.00295242 -0.000195467  0.288742 0.0869145    9.7967
1.77464e+09  0.000908543 -0.00102904  0.00108559  0.293877 0.0895008   9.79471
1.77464e+09   0.00257448  0.00306722 -0.00581163  0.281894 0.0905833    9.7968
1.77464e+09  -0.00510838  -0.0023331  0.00128385  0.275931 0.0687516    9.8203
1.77464e+09    0.00238092 -0.000108855 -0.000956741  0.257929 0.0815223   9.82943
1.77464e+09    -0.0020863 -0.000591456   0.00114758  0.255687 0.0766337   9.83793
1.77464e+09   0.00193324 0.000227963 0.000330563  0.269977 0.0933977   9.81815
1.77464e+09   0.00299813 -0.00236612  0.00511564  0.26317 0.097509  9.81295
1.77464e+09  -0.000269575   0.00623488   0.00110865  0.262303 0.0877158    9.8112
1.77464e+09  -0.000371492  -0.00280643   0.00102478   0.26835 0.0978918   9.80548
1.77464e+09  0.000695322 0.000468774  0.00122965  0.276059 0.0915774   9.79666
1.77464e+09  -0.00252187 -0.00242487 -0.00310304   0.27257 0.0856569   9.79042
1.77464e+09  -0.000545052  -0.00171312  -0.00121879   0.28261 0.0859127   9.79754
1.77464e+09  0.000593889  0.00121118  0.00702201  0.275535 0.0734258   9.79465
1.77464e+09  -0.00139062  0.00281626  0.00213394  0.275098 0.0702859   9.79848
1.77464e+09  0.00126179 -0.0015116 0.00294315 0.290417 0.080231  9.79851
1.77464e+09    -0.003299 3.22551e-05 0.000980053  0.297614 0.0889757    9.8022
1.77464e+09  -0.00103577  0.00135393  0.00193615  0.309539 0.0974312     9.807
1.77464e+09   -0.00287655 -0.000847144   0.00143301 0.307789 0.101326  9.79767
1.77464e+09  0.000776236 0.000626522 0.000503517 0.29499 0.10143 9.79122
1.77464e+09   0.00151371  0.00140028 0.000818744 0.283251 0.108959  9.78723
1.77464e+09  -0.00081823 -0.00144778  0.00301391 0.291881 0.105704  9.79952
1.77464e+09   0.0020795 0.00212154 -0.0024206 0.30344 0.10639 9.80619
1.77464e+09    0.00201766  -0.00177869 -0.000200623  0.299186 0.0858166    9.8014
1.77464e+09  0.000801625 -0.00475901   0.0018445  0.283532 0.0710142   9.81874
1.77464e+09  -0.00114369 -0.00143005  0.00326738  0.271908 0.0742604   9.81531
1.77464e+09   -0.00107861  -0.00355078 -0.000455912   0.27833 0.0796203    9.8126
1.77464e+09    0.00151868  0.000288781 -0.000683575 0.301041 0.093552    9.817
1.77464e+09   0.00220148  4.3137e-05 -0.00383771 0.301821 0.108545  9.82131
1.77464e+09  -0.00119232 -0.00163462  0.00403731 0.302886 0.099247  9.81866
1.77464e+09     0.0016435   0.00110187 -0.000521897  0.282207 0.0978073    9.8257
1.77464e+09  0.000481343 0.000590904 -0.00432679  0.278253 0.0882778   9.82776
1.77464e+09   0.00293453 -0.00541887  -0.0051504  0.269136 0.0779176   9.81708
1.77464e+09  -6.51871e-05  0.000740264  0.000289239  0.274353 0.0763166   9.79468
1.77464e+09   0.00273451 8.09777e-05 -0.00468528 0.288515 0.074771  9.79652
1.77464e+09   0.000320411 -0.000576032   0.00034522  0.276567 0.0730676   9.80179
1.77464e+09   0.000119052 -0.000485779  -0.00242029  0.271859 0.0810788    9.7959
1.77464e+09  -0.000859597  0.000506219 -0.000876765  0.274055 0.0838932   9.80296
1.77464e+09   0.000745793 -0.000903368  -0.00199621  0.269895 0.0840081   9.79332
1.77464e+09   0.00514656 -0.00196248 -0.00142107  0.276469 0.0815309    9.7962
1.77464e+09  -0.000770934  -0.00058066  0.000311768   0.29479 0.0675778   9.80307
1.77464e+09   0.00146903  0.00105612 0.000276223  0.303773 0.0685246   9.81255
1.77464e+09   0.00190901  0.00153013 -0.00591976  0.286286 0.0725202   9.81904
1.77464e+09   -0.00227637   9.7777e-05 -0.000803389  0.273393 0.0752787    9.8349
1.77464e+09   0.00215738 -0.00427542 -0.00368412  0.274975 0.0853655   9.83252
1.77464e+09   0.00171065 -0.00286571  0.00234704  0.262305 0.0713706   9.81784
1.77464e+09  -0.00207033  -0.0028289 -0.00246722  0.254294 0.0836369   9.81168
1.77464e+09   0.00224469 -0.00165385 -0.00174004  0.259503 0.0781781   9.80988
1.77464e+09  0.000228779  0.00035874  -0.0027989  0.275383 0.0808401   9.80012
1.77464e+09   0.00608565 -0.00290343 -0.00344371  0.273649 0.0837168   9.80146
1.77464e+09   0.00187955  0.00416061 -0.00157059  0.284108 0.0771104   9.80855
1.77464e+09  -0.000517512   0.00158199  -0.00102389  0.290227 0.0948837    9.8025
1.77464e+09   -0.00102882 -0.000632398  0.000244616 0.275321  0.10592  9.78673
1.77464e+09   0.00110991 -0.00392027 -0.00391119  0.278689 0.0999627   9.79255
1.77464e+09   0.00656824 2.09992e-05 -0.00347428  0.287861 0.0988688   9.79351
1.77464e+09   0.000898773 -0.000221334 -0.000596729  0.290207 0.0920011   9.79546
1.77464e+09   0.00202997  0.00182065 -0.00201639  0.290695 0.0878806   9.80438
1.77464e+09    0.0018427 -0.00191786  0.00154085  0.293982 0.0863056   9.81283
1.77464e+09   0.00336835 8.88781e-05 -0.00214353  0.309742 0.0736365    9.8142
1.77464e+09   -0.0004926 -0.00312834 -0.00270535 0.305943 0.074444  9.80664
1.77464e+09  -0.000935236  -0.00307694  -0.00353462  0.287443 0.0661343   9.80263
1.77464e+09  -0.00070484 -0.00408609  0.00327664  0.276435 0.0680303   9.79601
1.77464e+09    0.00336327 -0.000788059  -0.00308209  0.271874 0.0779645   9.79919
1.77464e+09   0.00153348 -0.00336572 -0.00201694  0.274757 0.0820042   9.80137
1.77464e+09  -0.00178591 -0.00397204 0.000426279  0.282932 0.0947572   9.79884
1.77464e+09    0.00324369 -7.13051e-05  -0.00277891  0.285269 0.0905882   9.79006
1.77464e+09   0.00255891 9.03357e-05 0.000931589 0.276151 0.087092  9.79306
1.77464e+09  -0.00189997  0.00130854  0.00185744  0.263564 0.0816693    9.7941
1.77464e+09   -0.00237961 -0.000965867   0.00112927  0.274618 0.0831901   9.78834
1.77464e+09   0.00341967  0.00265097 -0.00124949  0.290745 0.0809019   9.79566
1.77464e+09   0.00555912  0.00170978 0.000454397  0.280128 0.0711082   9.80391
1.77464e+09  0.00283068 -0.0036931 0.00151957  0.291783 0.0652513   9.79902
1.77464e+09  0.00167603 0.00429718 0.00021352  0.289828 0.0890967   9.80787
1.77464e+09   0.00402985 -0.00016146  0.00138398 0.292976 0.096984  9.81102
1.77464e+09   0.000263833 -0.000408761 -8.79525e-05 0.278395 0.099779  9.81299
1.77464e+09  -0.00137606 -0.00454364 -0.00111602 0.274588 0.107279  9.80945
1.77464e+09   -0.0009147 -0.00320448 0.000386712  0.278262 0.0970909   9.80116
1.77464e+09   -0.00168276 -7.20649e-05   0.00102974  0.285251 0.0826094    9.7972
1.77464e+09    0.0017968  0.00545528 -0.00091755 0.278436 0.090306  9.79496
1.77464e+09  -0.00182413  0.00446844  0.00309533  0.280874 0.0961859   9.79539
1.77464e+09   -0.0016245 -0.00403206 -0.00246087 0.286488  0.11139  9.79094
1.77464e+09  0.00155584 0.00374452 0.00089194 0.279221 0.111065  9.78593
1.77464e+09     0.006135 0.000755422  0.00258983  0.273915 0.0840368   9.78728
1.77464e+09  -0.000413292    0.0018498  0.000530445   0.27168 0.0768996   9.80309
1.77464e+09  -0.00081161 -0.00279417  0.00209647  0.284797 0.0914128   9.80216
1.77464e+09   -0.00185733 -0.000907925 -0.000951741 0.295913 0.108528  9.79331
1.77464e+09    0.00249575  -0.00189579 -0.000741071 0.285957 0.113294   9.7944
1.77464e+09   0.00278453  -0.0015388 -0.00367374  0.266543 0.0928382   9.80025
1.77464e+09    0.00155251  -0.00210106 -0.000177256  0.264238 0.0811561   9.79518
1.77464e+09  -0.000305455 -0.000766928  -0.00365721  0.271515 0.0888643   9.79064
1.77464e+09    0.00333812 -0.000102496  -0.00230978  0.28794 0.101205  9.79456
1.77464e+09  -0.00186878  0.00292257 -0.00259281 0.285617 0.108216  9.80733
1.77464e+09  0.00116953 0.00100949 0.00318406 0.284846 0.104568  9.81972
1.77464e+09   -0.00319582   0.00223909 -0.000998886  0.300925 0.0956682   9.81419
1.77464e+09  -0.00431306 -0.00389519  -0.0015591 0.288398 0.106545  9.81538
1.77464e+09   0.00374993 -0.00551674 -0.00293544 0.280111 0.103581  9.81682
1.77464e+09  9.37724e-06 -0.00461368 -0.00455751  0.266662 0.0871304   9.82007
1.77464e+09   0.00330557  0.00234856 -0.00510669  0.269041 0.0792763   9.81912
1.77464e+09   -0.00144646   -0.0015877 -0.000360783  0.288707 0.0759469   9.80443
1.77464e+09  -0.000320053    0.0026642 -0.000867246   0.29025 0.0896585    9.7919
1.77464e+09  -0.000677589   0.00124139   0.00352029 0.277895 0.079834   9.8157
1.77464e+09  -0.00115656  0.00127893  0.00422991   0.26608 0.0899425    9.8122
1.77464e+09   0.000351905 -0.000372521  -0.00224283  0.266645 0.0816977   9.81279
1.77464e+09  0.00177491 0.00132183 0.00275283   0.27193 0.0748043   9.80184
1.77464e+09   -0.00233586 -0.000720714 -0.000472955 0.273071 0.091186  9.80385
1.77464e+09   0.00149269  0.00227274 -0.00445111  0.283293 0.0967199   9.80736
1.77464e+09   0.000115417  -0.00183535 -0.000963398  0.285248 0.0898119   9.81194
1.77464e+09  0.000772093 -0.00299261   0.0023835  0.280232 0.0943413    9.8165
1.77464e+09  -0.000211781  -0.00104134  0.000212884  0.290298 0.0943691   9.81961
1.77464e+09  -0.00188212  0.00209741   0.0024068 0.292787 0.100634  9.82452
1.77464e+09   0.00135652 -0.00494509 0.000989615 0.299444 0.100389   9.8232
1.77464e+09   0.00173464 0.000912851  -0.0021663  0.302649 0.0986024   9.81242
1.77464e+09   0.00474273 -0.00505976 0.000491776 0.294465 0.100223  9.79992
1.77464e+09   0.00056602 -0.00179443  0.00135107  0.279682 0.0874386   9.78179
1.77464e+09  -0.000655514 -0.000472556  7.61432e-05  0.272139 0.0732549   9.78625
1.77464e+09  -0.00125405  0.00167126 0.000315866  0.285199 0.0676518   9.78867
1.77464e+09   -0.0015237 -0.00104733  0.00126467  0.298357 0.0682888   9.79107
1.77464e+09    0.0002497 -0.00243025  0.00291555  0.289181 0.0702912   9.78414
1.77464e+09  -0.000190696  -0.00151484  0.000366616  0.280472 0.0886883   9.78688
1.77464e+09  -0.00259205 9.20057e-06 -0.00178348  0.273404 0.0967726   9.80036
1.77464e+09   0.00136817 -0.00356279   0.0041516 0.276652  0.10792  9.81384
1.77464e+09     0.0021261  -0.00328196 -0.000694025 0.285326 0.103569  9.81781
1.77464e+09   0.00169515  0.00164271 -0.00359316 0.290115 0.102884  9.81995
1.77464e+09  -0.00248614  0.00176018  0.00790155  0.288606 0.0901215   9.81318
1.77464e+09  0.000275358 -0.00173932   0.0030031  0.284372 0.0718849   9.81695
1.77464e+09  0.000797416 -0.00127281  0.00486096  0.278307 0.0695562   9.81107
1.77464e+09  -0.00019511 -0.00208727  0.00320929   0.27286 0.0657683   9.80721
1.77464e+09   0.00148253 -0.00172024  0.00345534  0.256743 0.0719555   9.80213
1.77464e+09  0.00505363 0.00158322 0.00577833  0.251777 0.0977972   9.79844
1.77464e+09  0.00117258 -0.0042303 0.00308319  0.270431 0.0837464   9.79644
1.77464e+09    0.00201157 -0.000780375  0.000103925  0.271146 0.0794989   9.79041
1.77464e+09  -0.000982141 -0.000711394  -9.1527e-05  0.275711 0.0824889   9.79807
1.77464e+09    0.00196372 -0.000677288  0.000466487  0.289787 0.0901033   9.81148
1.77464e+09   0.00246515 -0.00129413  0.00165245  0.299644 0.0992859   9.82531
1.77464e+09  0.000516228 -0.00240763 -0.00261627  0.310527 0.0863496   9.83798
1.77464e+09   0.00141071   0.0011515 -0.00124598   0.30625 0.0735591   9.83036
1.77464e+09  0.000675095 -0.00085218  0.00203493 0.283138 0.076256  9.82052
1.77464e+09   -0.00107896  0.000620513 -0.000938294  0.276747 0.0793171   9.82115
1.77464e+09   0.00382183  0.00254042 -0.00245842  0.269985 0.0827089   9.80622
1.77464e+09  -0.00207066 -0.00116108 -0.00204447  0.283793 0.0900469    9.8119
1.77464e+09   0.00164879 -0.00164149 -0.00237402  0.300811 0.0892983   9.81114
1.77464e+09   0.00251471  0.00186336 -0.00296435 0.284749 0.085409  9.80918
1.77464e+09     0.0045972   0.00314454 -0.000246326  0.271751 0.0857646   9.80455
1.77464e+09  0.000395227    0.002731  -0.0044454   0.28451 0.0974618   9.80272
1.77464e+09   0.00614929 -0.00145526 -0.00282036 0.277507 0.114977  9.80408
1.77464e+09   0.00123883  0.00412745 -0.00064585 0.273264 0.110918  9.80738
1.77464e+09  0.000968052  0.00172547 -0.00442283  0.268932 0.0956781   9.80861
1.77464e+09   0.00541885 -0.00370247 -0.00455799  0.272245 0.0996816   9.80689
1.77464e+09  -0.000717892 -0.000630137   0.00041528   0.28548 0.0901264   9.79972
1.77464e+09  -0.000408587  -0.00323108  -0.00341345  0.277449 0.0905091   9.80435
1.77464e+09    0.00410127 -0.000925789  -0.00915425  0.279733 0.0878243   9.81406
1.77464e+09  0.000224043  0.00247873 0.000642174  0.295533 0.0895989   9.80774
1.77464e+09  -0.000767621  -0.00439491  -0.00540819 0.289558 0.103893  9.80048
1.77464e+09    0.0018991 9.82186e-05 0.000462554 0.283997 0.102389  9.80927
1.77464e+09   0.00215881  0.00418174 -0.00611432 0.279334 0.102891  9.80335
1.77464e+09   0.00313947  0.00392255 -0.00195014  0.280552 0.0907317   9.81145
1.77464e+09  -0.00030407  0.00323746 -0.00237982  0.288932 0.0701345   9.80043
1.77464e+09  -0.00109141  0.00283988 -0.00248833  0.272635 0.0782712   9.79975
1.77464e+09   0.00270292 -0.00124225 -0.00786587  0.248828 0.0846767   9.80844
1.77464e+09    0.00207355 -0.000338573  -0.00384379  0.258558 0.0915309   9.82324
1.77464e+09   0.00438754 -0.00297795  -0.0053879  0.268289 0.0908864   9.81492
1.77464e+09   0.00327924 -0.00127981 -0.00395656  0.286139 0.0833529   9.81929
1.77464e+09  0.00230633 0.00314737 -0.0048053  0.282234 0.0823665   9.81094
1.77464e+09   0.00208565  0.00198589 -0.00585457  0.280805 0.0862392   9.80551
1.77464e+09   0.000984961  0.000884733 -0.000360847  0.265772 0.0926907   9.79812
1.77464e+09  -0.00156874 -0.00353976 -0.00372028 0.248658 0.105061  9.79653
1.77464e+09   0.00184389  -0.0033801 -0.00249326 0.240646 0.103559  9.79706
1.77464e+09  -0.000927342  -0.00227894  -0.00242526  0.255071 0.0917018   9.78709
1.77464e+09  0.000150807 -0.00353747  0.00150204   0.27863 0.0880835   9.78402
1.77464e+09   0.00332879 8.09558e-05  0.00112096  0.273975 0.0699225   9.77971
1.77464e+09  -0.00244289 -0.00192411 -0.00634146  0.267551 0.0866857   9.79226
1.77464e+09  -9.52211e-06 -0.000349989 -0.000439754  0.260677 0.0825241   9.80203
1.77464e+09   0.00230638 0.000601492  -0.0046918  0.255356 0.0812138   9.80411
1.77464e+09   0.00241397 0.000355537  -0.0017509  0.268284 0.0940782   9.80371
1.77464e+09  -0.000784624  -0.00116527    0.0014533  0.279023 0.0985305    9.8077
1.77464e+09  -0.00110289 -0.00101967  0.00431159  0.279866 0.0905884   9.81243
1.77464e+09  -0.00463904 -0.00120921  0.00550044  0.264533 0.0816871    9.8054
1.77464e+09  -0.000450694  -0.00317098   0.00366091 0.266767 0.071943  9.79262
1.77464e+09  -0.00261615  -0.0055245  0.00362724  0.267899 0.0821283   9.78962
1.77464e+09  -0.000894344  -0.00385981  0.000504397  0.273812 0.0917521   9.78465
1.77464e+09  -0.000249587  -0.00396883 -0.000102999  0.280171 0.0977509   9.78792
1.77464e+09   0.00085244 -0.00543194  0.00203692 0.266106 0.103028  9.79063
1.77464e+09    0.00143414  -0.00187195 -0.000920104  0.254357 0.0987181   9.78273
1.77464e+09   -0.00101005 -8.87785e-05   0.00527578 0.256022 0.102612  9.79648
1.77464e+09  -0.00100759  0.00515324 -0.00330393  0.26624 0.111073  9.79151
1.77464e+09  -0.000533691  -0.00177895   0.00352816 0.281725 0.100354  9.79542
1.77464e+09    0.00115707  -0.00337002 -0.000124946 0.28763 0.09803 9.79906
1.77464e+09   0.00295892 0.000770501  0.00542848  0.287849 0.0840629   9.79307
1.77464e+09  -0.00250018 -0.00073132  0.00478826  0.281282 0.0661244   9.79498
1.77464e+09   0.00013209 -0.00126501 0.000565634  0.279745 0.0677013   9.79795
1.77464e+09   -0.00242672 -0.000346702   0.00212094  0.266655 0.0767899   9.79178
1.77464e+09  0.000177413 -0.00223297  0.00411998  0.271423 0.0894695   9.78388
1.77464e+09   0.00213108  0.00107352 -0.00181544   0.27437 0.0915444   9.79297
1.77464e+09  -0.000574163  -0.00203304 -0.000830945  0.286415 0.0899317   9.79986
1.77464e+09  0.000358111 -0.00595821  0.00483829  0.281913 0.0880823   9.79758
1.77464e+09  4.61339e-05 -0.00362985 0.000338109  0.275587 0.0839069   9.79794
1.77464e+09    -0.002016   -0.002383 0.000300479  0.273103 0.0760454   9.79149
1.77464e+09  -0.000212931  0.000428932   0.00184964  0.282364 0.0755117   9.79218
1.77464e+09    0.00121735  0.000921421 -0.000225089  0.291288 0.0632194   9.79589
1.77464e+09   0.000900257 -0.000138576   0.00164945  0.300696 0.0537585   9.80502
1.77464e+09  -0.000708454   0.00128755  0.000965046  0.292057 0.0617551     9.808
1.77464e+09   -0.00298998 -0.000600614  -0.00259166  0.290015 0.0794663   9.80496
1.77464e+09  -0.00228774 0.000816131  0.00324126  0.292891 0.0805585   9.80029
1.77464e+09  0.000438514  0.00313289  0.00158173  0.294403 0.0764891   9.79269
1.77464e+09   0.00202831  0.00132777 -0.00355834 0.280868 0.073516  9.78982
1.77464e+09  -0.000471133  4.09992e-05  -0.00194282  0.288519 0.0813585   9.79543
1.77464e+09  -0.00223848 0.000782913  0.00199991  0.289714 0.0877531   9.80859
1.77464e+09   0.00255293 0.000172532  0.00115609  0.293878 0.0927442   9.81784
1.77464e+09   0.00247904 -0.00359793  0.00187121  0.28237 0.099154  9.81554
1.77464e+09  -0.00100816  0.00292369 -0.00414436   0.27165 0.0872529   9.81745
1.77464e+09  -0.000306216 -6.44913e-05 -0.000976778   0.25361 0.0779841   9.81179
1.77464e+09   -0.00386868  -0.00165565 -0.000592906 0.257905 0.066682  9.80633
1.77464e+09   0.00114932 -0.00153566 -0.00571212  0.261064 0.0666948   9.79915
1.77464e+09  0.000604693  0.00232446  0.00332449  0.266598 0.0549972   9.78984
1.77464e+09    0.00172221  0.000710557 -0.000248093  0.265818 0.0599925   9.79381
1.77464e+09   0.00324509  0.00112438 -0.00214147  0.270706 0.0857014   9.79692
1.77464e+09   0.00239123 4.56552e-05   -0.002219  0.284506 0.0918217   9.79968
1.77464e+09  -0.00172026 -0.00332695 -0.00597093   0.28766 0.0843256   9.81503
1.77464e+09  -0.00230361 -0.00237197 -0.00229558  0.294026 0.0806095   9.81652
1.77464e+09  -0.000648104 -0.000210687  -0.00456613  0.293564 0.0943448   9.81045
1.77464e+09    0.00046535  0.000725094 -0.000701592 0.292117 0.102174  9.81062
1.77464e+09  0.00298916 0.00438768  -0.004191 0.288031 0.111834  9.82609
1.77464e+09  0.000960318 -0.00117312 -0.00511009  0.27787 0.107044  9.82889
1.77464e+09   0.00176312 -0.00218488 -0.00263147  0.265926 0.0908221   9.81355
1.77464e+09  -0.000275262 -0.000257548   0.00105825  0.271742 0.0874893   9.80372
1.77464e+09  0.000924926   0.0046459 -0.00177942  0.274434 0.0760063   9.79366
1.77464e+09   0.00191794  0.00558053 -0.00401919  0.279407 0.0862314   9.79047
1.77464e+09  0.000154128  0.00313657 -0.00348605  0.284155 0.0921005   9.78837
1.77464e+09  0.000650674  0.00235379 0.000114601  0.282902 0.0863299   9.79905
1.77464e+09  0.000635135 -0.00111154 -0.00128411  0.283434 0.0828244   9.79584
1.77464e+09   0.00142395  0.00350747 -0.00038698 0.273834 0.071156  9.79149
1.77464e+09   -0.00206331    -0.002987 -0.000835417   0.25595 0.0863505   9.79022
1.77464e+09    0.00746029   0.00479029 -0.000926171  0.256499 0.0833842   9.78628
1.77464e+09  -0.00284567 -0.00051028 -0.00411753  0.265189 0.0786454   9.78954
1.77464e+09  0.000410805 -0.00120002 -0.00127568  0.263987 0.0822163   9.77842
1.77464e+09     0.0041631 -0.000963055  -0.00362288  0.256243 0.0890583   9.76868
1.77464e+09  0.000729046  0.00448011 -0.00373911 0.252865 0.104782  9.77282
1.77464e+09  -0.00161655 0.000116291 -0.00190149 0.269454 0.104593  9.79714
1.77464e+09  8.24595e-05  -0.0028397 -0.00169846  0.270488 0.0827279   9.82156
1.77464e+09    0.00221877 -4.17104e-05  -0.00371396  0.270723 0.0767747    9.8315
1.77464e+09   -0.00111007 -1.27927e-05  -0.00554181   0.27043 0.0866106   9.81289
1.77464e+09   0.00205182 -0.00233173 0.000727209 0.269088 0.100596  9.79887
1.77464e+09     0.0020508 -0.000478367  -0.00376883 0.256935 0.103577  9.79504
1.77464e+09  0.00263258 0.00272831 0.00105056 0.280433 0.088769  9.79751
1.77464e+09    0.00204823 -5.47444e-06 -0.000341887  0.272655 0.0911378   9.80166
1.77464e+09   0.00274104 -0.00100975 -0.00308959  0.272537 0.0824355   9.80635
1.77464e+09  -0.00210939 -0.00285768 -0.00132614  0.270852 0.0725972   9.80507
1.77464e+09   0.00433749 -0.00351645 -0.00271334  0.270385 0.0775884   9.80395
1.77464e+09  -0.00152613 -0.00187511 -0.00134454  0.255529 0.0903031   9.79674
1.77464e+09   0.00368016 -0.00255981  0.00164688 0.255854 0.103604  9.79364
1.77464e+09  -0.000813937  -0.00207381  0.000417324  0.250118 0.0884517   9.81259
1.77464e+09  -0.00260883 -0.00271299 -0.00333746  0.255968 0.0739349   9.80279
1.77464e+09    0.00251703 -0.000852771   0.00142383  0.274433 0.0704432   9.79437
1.77464e+09  0.000845235 -0.00145759  -0.0012606  0.281205 0.0695499   9.79503
1.77464e+09  -0.00111772 -0.00127644  -0.0010437  0.280049 0.0804312   9.79115
1.77464e+09  4.39639e-05 -0.00279584 -0.00181703 0.266635 0.090154   9.8007
1.77464e+09  0.000705781 -0.00286813 -0.00323254  0.263869 0.0964645   9.80569
1.77464e+09  0.00470115 -0.0023645  0.0011988  0.272822 0.0894445   9.79996
1.77464e+09  -0.00278419 -0.00124365  0.00013256  0.297572 0.0894894   9.79971
1.77464e+09  0.000341872  -0.0013112  0.00253937  0.294445 0.0799302   9.80482
1.77464e+09   -0.00547807  0.000605591 -0.000876061  0.286879 0.0916084   9.81076
1.77464e+09  -0.00183614 -0.00315698  0.00413344   0.27466 0.0939358   9.81803
1.77464e+09   0.00120244 0.000179381  0.00504213  0.260756 0.0933002   9.79289
1.77464e+09    0.00380142 -0.000324677   0.00352138   0.26298 0.0915976   9.78395
1.77464e+09   0.00107704 -0.00607578  0.00296337  0.271999 0.0927858   9.78435
1.77464e+09  -0.00192479 -0.00102765  0.00314195 0.283456 0.102625  9.78409
1.77464e+09  0.00404901 0.00117271 0.00199363  0.308634 0.0923561    9.7947
1.77464e+09  -0.000332777  0.000814431   0.00522041  0.308033 0.0743698   9.79932
1.77464e+09  -3.79969e-05 -0.000239315  0.000236365  0.294089 0.0703869   9.80959
1.77464e+09   0.00315319 0.000508962  0.00529137  0.285045 0.0821581   9.80662
1.77464e+09  0.00205038 0.00212618 0.00494367 0.270599 0.100593  9.80264
1.77464e+09  -0.000558017   0.00132267   0.00223649  0.284748 0.0989467   9.81674
1.77464e+09   0.00293691 -0.00164434  0.00195896 0.296919 0.090695  9.83181
1.77464e+09   0.000263687 -0.000343093  0.000717084  0.281408 0.0776594   9.82975
1.77464e+09  -0.00230932 -0.00310717  0.00475219  0.266773 0.0741483   9.81557
1.77464e+09  -0.00332268 -0.00302028 0.000305513  0.269319 0.0960783   9.80039
1.77464e+09  -0.00209136  -0.0009258  0.00618338 0.265142 0.109313  9.79546
1.77464e+09  -0.000308944  0.000590512 -0.000751719 0.287021 0.108247  9.80706
1.77464e+09     0.0001433  -0.00625627 -0.000964893 0.297259   0.1073  9.81511
1.77464e+09   0.00523169  0.00163869 0.000460959  0.294449 0.0939329   9.80872
1.77464e+09  -0.00190545  0.00193459  0.00746155  0.298504 0.0848288   9.80863
1.77464e+09  -0.00127102 -0.00219447 -0.00227645  0.301645 0.0911609   9.79979
1.77464e+09  -0.00152387 -0.00108028  0.00226605  0.294707 0.0848429   9.81204
1.77464e+09   -0.00414131  -0.00388285 -0.000892357 0.285927 0.092589  9.81229
1.77464e+09  0.000722318 -0.00865821 -0.00498324 0.291808 0.100257  9.80981
1.77464e+09   0.00114231  0.00429438 -0.00179949   0.29201 0.0895352   9.81584
1.77464e+09  0.00253806 0.00255851 0.00128075  0.279944 0.0957671   9.80889
1.77464e+09   -0.00147259  0.000661184 -0.000412544  0.280779 0.0955783   9.80164
1.77464e+09    0.00163297 -0.000359723  0.000265548  0.288567 0.0842502   9.79574
1.77464e+09  -0.00212995 -0.00227424  -0.0017948  0.288838 0.0884977   9.77456
1.77464e+09   0.000625352   0.00113625 -0.000321785  0.295887 0.0888084   9.78679
1.77464e+09  0.000504964   0.0035777 0.000427669  0.283868 0.0864629    9.7991
1.77464e+09   0.00332685 -0.00173988 -0.00331363  0.267261 0.0786365   9.81486
1.77464e+09  0.000130017 -0.00142669 -0.00260918  0.265967 0.0753109   9.81413
1.77464e+09   0.000609742  -0.00150163 -0.000395612   0.28165 0.0725771    9.8067
1.77464e+09  0.000127813  0.00313275 -0.00392741  0.295754 0.0702164   9.80277
1.77464e+09  0.00177964 0.00210881 0.00104502  0.291743 0.0674317   9.81595
1.77464e+09    0.0029563  0.00198649 -0.00227269  0.293654 0.0805975   9.82327
1.77464e+09  -0.00341417  0.00395345  4.6886e-06  0.286557 0.0934454   9.80691
1.77464e+09   0.00298239 0.000295752 -0.00323518  0.288899 0.0943471   9.79756
1.77464e+09  -0.00282585 -0.00247137 -0.00631096 0.287061 0.108089  9.78672
1.77464e+09  0.000492901 -0.00130768  -0.0060524 0.288541 0.100221  9.77754
1.77464e+09    0.00342689 -0.000567164  -0.00282915  0.287004 0.0825387   9.80223
1.77464e+09  -0.000536875   0.00163629  -0.00460572  0.299959 0.0694044   9.80851
1.77464e+09  -0.00189779 0.000484359 -0.00129713  0.281567 0.0734473   9.79464
1.77464e+09  0.000733294  0.00289605 -0.00375793  0.274005 0.0856009   9.80544
1.77464e+09   0.00261798  0.00137691 -0.00468853  0.266811 0.0895647   9.81107
1.77464e+09  -0.00115407  0.00132835 -0.00424387  0.273594 0.0845009   9.80508
1.77464e+09   -0.0024274 -0.00040611 -0.00443818  0.280282 0.0929327   9.80207
1.77464e+09   0.000376962 -0.000919075   -0.0047304  0.280971 0.0781352   9.81537
1.77464e+09  -0.000623996   0.00205378  0.000885289  0.263839 0.0651519   9.81445
1.77464e+09  0.000649233  0.00223207 0.000130201   0.25887 0.0789525   9.81891
1.77464e+09    0.00208616 -3.62962e-05  -0.00283215  0.243467 0.0749104   9.82371
1.77464e+09    0.00144677 -5.56643e-05  -0.00359548 0.258993 0.081635  9.82255
1.77464e+09    0.00450937 -0.000815449  -0.00078386  0.265873 0.0762654   9.82038
1.77464e+09  -0.000691921  -0.00362739  -0.00235396  0.266025 0.0834288   9.80842
1.77464e+09  0.00145854 -0.0039468 0.00256393  0.267775 0.0914833   9.81014
1.77464e+09    0.0027305  0.00290304 -0.00177058  0.270111 0.0920325   9.81749
1.77464e+09   0.00265049  0.00318635 -0.00157781 0.264866 0.106002  9.81362
1.77464e+09   0.00203507 0.000103613  0.00134355 0.276399 0.101042  9.81613
1.77464e+09  0.000184614 -0.00560822 -0.00277273  0.272988 0.0917788   9.81006
1.77464e+09   0.00309595 -0.00209444 0.000225215    0.2898 0.0839938   9.79595
1.77464e+09   0.00209684  0.00140789 0.000797677 0.293036 0.066495   9.7797
1.77464e+09     0.0012431 -0.000373375  -0.00118185  0.280636 0.0608544    9.7761
1.77464e+09  -0.000526164  -0.00168974  -0.00310268  0.282907 0.0727166   9.77703
1.77464e+09  1.77019e-05 -0.00418073  0.00278376  0.278378 0.0730826   9.79001
1.77464e+09   0.000176485 -0.000605211  0.000120694  0.259462 0.0781909   9.80763
1.77464e+09   0.00713789 -0.00131004   -0.005817  0.266358 0.0809291   9.80563
1.77464e+09  -0.000192304  -0.00186295   0.00240407  0.28303 0.100838  9.79534
1.77464e+09  -0.000666209  -0.00562845  -0.00315181 0.285781  0.10322  9.78667
1.77464e+09   0.00223557 -0.00354717 -0.00415822   0.28841 0.0815784   9.79125
1.77464e+09  0.000943924  0.00120891  0.00041649  0.294292 0.0869863   9.78623
1.77464e+09    0.00357458 -0.000722039  -0.00131465  0.299362 0.0893393   9.79162
1.77464e+09    0.00140004 -0.000317174   0.00227437  0.296799 0.0804654   9.80384
1.77464e+09   0.00352884 -0.00166359 -0.00280815  0.292014 0.0910463   9.80357
1.77464e+09    0.00241017  -0.00393238 -0.000493388  0.292152 0.0948492   9.79494
1.77464e+09   0.00104529 -0.00207722   0.0026806  0.289818 0.0883954   9.80746
1.77464e+09    0.00234272   0.00282332 -0.000686714  0.293898 0.0821951   9.81995
1.77464e+09  -0.0015978 0.00197699 0.00187766  0.275391 0.0687672   9.81406
1.77464e+09  0.000847949 0.000749746 -0.00525584  0.258081 0.0749766    9.7921
1.77464e+09  -0.00229019 -0.00249234  0.00256947 0.255693  0.09723  9.77752
1.77464e+09  0.000465193 -0.00596666 0.000108913 0.276539 0.103007  9.78711
1.77464e+09   0.0035348 0.00264453 0.00141186 0.294779 0.100209  9.80023
1.77464e+09    0.0010559 -0.00329319 -0.00323571  0.306164 0.0867388   9.79252
1.77464e+09  0.000680211  0.00216151  0.00136093  0.295915 0.0931393   9.79036
1.77464e+09   0.000843119  -3.6713e-05 -0.000618982  0.277826 0.0976706   9.79751
1.77464e+09   0.00184884  -0.0029854 0.000335064  0.280393 0.0825737   9.81924
1.77464e+09  -0.00186577  -0.0024157 -0.00264702 0.288512 0.091763  9.84415
1.77464e+09   0.00480886 -0.00167425  0.00287612  0.291786 0.0902871   9.83554
1.77464e+09  -0.00362029 -0.00133466  0.00172072  0.283622 0.0630966   9.82121
1.77464e+09   0.00272275  0.00172604 -0.00425058 0.277146 0.064604  9.80144
1.77464e+09  -0.000292753  -0.00544901  0.000844894   0.25764 0.0729836   9.79065
1.77464e+09   0.00021249 -0.00331166 -0.00334981 0.253626 0.101054  9.79762
1.77464e+09  0.000481129 -0.00207374 -0.00256842  0.25697 0.103033  9.80826
1.77464e+09    -0.001459 -0.00283238 -0.00404083 0.273721 0.098222  9.80817
1.77464e+09  -0.00155683  0.00101913 0.000567506  0.273769 0.0956943   9.81015
1.77464e+09    -0.0015158  -0.00254287 -0.000893688  0.265308 0.0875428   9.81329
1.77464e+09   0.00163969 -0.00285202  -0.0041399  0.259823 0.0915991   9.81351
1.77464e+09   -0.00354159  0.000147352 -0.000583659  0.251124 0.0941035    9.8015
1.77464e+09    0.0017564  -0.0005185 -0.00167376  0.250091 0.0827698   9.80066
1.77464e+09  3.94349e-05  0.00342978 -0.00482928  0.259445 0.0794804   9.79745
1.77464e+09  0.000374319 -0.00020984  0.00221232  0.288822 0.0727953   9.80459
1.77464e+09   0.00137272 0.000314431   -0.001335  0.301671 0.0679836   9.80383
1.77464e+09  -0.00206905 0.000895352  0.00211663  0.310047 0.0810004   9.79804
1.77464e+09   0.00102629  -0.0002937 9.79522e-05  0.315494 0.0845911   9.80258
1.77464e+09  -0.00477447  0.00317222 0.000229478  0.303966 0.0844043   9.81179
1.77464e+09  0.00148952 0.00204174 0.00093717  0.282376 0.0793115   9.80993
1.77464e+09  0.00559054 0.00420492 0.00266663  0.265834 0.0671245   9.79907
1.77464e+09  -0.000449345  -0.00313107   0.00250593  0.272321 0.0813541   9.79687
1.77464e+09  -0.00108676 -0.00299315 0.000918878  0.286345 0.0952717   9.79583
1.77464e+09   0.00341485  0.00254175 -0.00315859 0.290527 0.085844   9.7854
1.77464e+09   -0.00140962   0.00304127 -0.000132024    0.2874 0.0855868   9.79405
1.77464e+09    -0.0048371  -0.00292878 -0.000257161   0.26912 0.0849434   9.79035
1.77464e+09  0.00250498 0.00405314 0.00219073 0.243899 0.076068  9.79094
1.77464e+09  -0.000192941    0.0013713   0.00276709  0.245947 0.0816283   9.80787
1.77464e+09  -0.000794732   0.00135644   0.00160505  0.264096 0.0677052   9.81526
1.77464e+09   -0.00140534   0.00505171 -0.000521764  0.276343 0.0741567   9.80888
1.77464e+09  -0.000116423 -0.000195145   0.00293531 0.304154 0.069612  9.80957
1.77464e+09    0.00122117 -0.000275129   0.00162267 0.304773 0.068661  9.80378
1.77464e+09  -0.000756902    0.0011859   0.00243344  0.296216 0.0866853   9.80574
1.77464e+09    0.0015717  0.00290396 -0.00184946  0.295243 0.0803652    9.8122
1.77464e+09   0.00186538 -0.00106592  0.00114501  0.277325 0.0825504   9.81333
1.77464e+09  -0.00169873 -0.00236133 -0.00167873  0.278775 0.0913144   9.81585
1.77464e+09   0.00111869  0.00209113 0.000298155  0.291654 0.0857869   9.81517
1.77464e+09   0.000508422 -0.000335154 -0.000492348  0.28663 0.085403  9.80957
1.77464e+09  0.000366308 -0.00121236 -0.00142449  0.280408 0.0867044   9.81229
1.77464e+09  -0.0029083 0.00401674 0.00265577  0.275474 0.0750608   9.81653
1.77464e+09   -0.00367156 -0.000452566 -6.26169e-06  0.271811 0.0802486   9.82414
1.77464e+09  -0.00110508 0.000436479  0.00378107  0.292124 0.0843739   9.81951
1.77464e+09   0.00610161  0.00486838 -0.00241299  0.305064 0.0859022   9.81518
1.77464e+09  0.00026981 0.00285756 0.00315699   0.29446 0.0868334   9.80326
1.77464e+09    0.00152391 -0.000513019  -0.00148239  0.275578 0.0746367   9.81134
1.77464e+09   -0.0038442  0.00391402 -0.00142603  0.260666 0.0749407   9.81072
1.77464e+09    0.00329427  -0.00196047 -0.000633894  0.25621 0.067139  9.81079
1.77464e+09   0.00385286 0.000615615  0.00381958  0.273332 0.0635017   9.80883
1.77464e+09   0.00180041 -0.00281128 -0.00184204  0.285362 0.0810389   9.80235
1.77464e+09   0.00405862 -0.00281573  0.00162597  0.285332 0.0736522   9.79215
1.77464e+09  -3.16259e-05  -0.00121925   0.00120483  0.282218 0.0662915   9.78255
1.77464e+09    -0.0011248  -0.00191072 -0.000714598  0.282172 0.0777171   9.80128
1.77464e+09     0.0029123   0.00147242 -0.000138699  0.287141 0.0665704   9.80839
1.77464e+09  0.000407209  0.00365218 1.56488e-06  0.277353 0.0652557   9.79469
1.77464e+09    0.00385455 -0.000409158  -0.00708028 0.265605 0.070631  9.79102
1.77464e+09    -0.0014448 -0.000568577 -0.000590125  0.268727 0.0863828   9.79547
1.77464e+09   0.00275821  0.00408658 -0.00110124  0.274379 0.0857012   9.80435
1.77464e+09    0.00250786 -0.000134712  -0.00159353  0.269207 0.0698993   9.79925
1.77464e+09  -0.00138575 -0.00359611  0.00168323  0.264214 0.0780438   9.80224
1.77464e+09  -0.000114111  0.000784716  -0.00118522  0.272611 0.0851005   9.80953
1.77464e+09    0.00266782  -0.00399305 -0.000434253  0.282183 0.0827741    9.8121
1.77464e+09   0.00323298  0.00489057 -0.00193728  0.273708 0.0774057   9.80571
1.77464e+09   0.00123253 -0.00764268 -0.00186644  0.267792 0.0695175   9.79756
1.77464e+09  -0.00103587 -0.00416736 -0.00509851   0.27357 0.0762784   9.80011
1.77464e+09  0.000481447  0.00027096  0.00266682  0.267653 0.0800181   9.79815
1.77464e+09  -0.00100566 -0.00220164 0.000404516  0.267927 0.0855059   9.79541
1.77464e+09  -0.000192409  -0.00634296  -0.00236029  0.268243 0.0866258   9.79666
1.77464e+09  0.00411996 0.00344218 -0.0026647   0.27632 0.0918403   9.79813
1.77464e+09  0.000845301 -0.00182415 -0.00130351  0.269417 0.0840471   9.80776
1.77464e+09   0.00347699 -0.00474333 -0.00456827  0.266115 0.0751727   9.80948
1.77464e+09   0.00478733 -0.00265136  0.00348126  0.272591 0.0574218   9.80932
1.77464e+09   -0.0016804 -0.00719986 -0.00122716  0.280803 0.0570208   9.80972
1.77464e+09  0.000299059 -0.00406645 -0.00239644  0.268356 0.0720606   9.81462
1.77464e+09    0.00088857  0.000931055 -0.000119882  0.265344 0.0837837   9.81148
1.77464e+09  -0.00113472 -0.00183315 -0.00256978  0.271015 0.0903914   9.81026
1.77464e+09  -0.000257509  -0.00496098   0.00255805  0.279751 0.0890137   9.80745
1.77464e+09   0.00509507 -0.00532069 -0.00329903    0.2893 0.0895013   9.80164
1.77464e+09     0.0031377  0.000186425 -0.000931489  0.289697 0.0886497   9.80496
1.77464e+09  0.000320506  0.00369313  0.00546884    0.2841 0.0829364   9.80732
1.77464e+09  0.000864388 -0.00482895 -0.00282728  0.272209 0.0896686   9.81363
1.77464e+09  -0.00405079 -0.00497375  0.00131771  0.267101 0.0867436   9.81216
1.77464e+09  -0.00176613  0.00623962  0.00149149  0.265825 0.0955823   9.80297
1.77464e+09  0.000704001 0.000535605  0.00472338  0.267822 0.0991409   9.80135
1.77464e+09  0.000686807 9.41692e-05 -0.00348401  0.273475 0.0978497   9.78999
1.77464e+09   0.000263091 -6.43057e-05 -0.000447193   0.27685 0.0858721   9.77678
1.77464e+09  -0.000171106   0.00372178 -0.000404976  0.253415 0.0948286   9.78812
1.77464e+09  0.00218819 0.00142752 0.00422286  0.226805 0.0941656   9.81254
1.77464e+09   0.00231961  -0.0032456 -0.00469146 0.239772 0.104273  9.82064
1.77464e+09   0.00251251  0.00121306 -0.00206002 0.264853  0.11072  9.81588
1.77464e+09   -0.00505567 -0.000377049 -0.000521376 0.271366 0.104558  9.81034
1.77464e+09    0.00335224  2.90804e-05 -8.07556e-05  0.276569 0.0957263    9.8074
1.77464e+09  0.000140954  0.00209755 -0.00123721   0.28089 0.0864666   9.79981
1.77464e+09    0.00455871    0.0012791 -0.000484282   0.28828 0.0870817   9.80624
1.77464e+09  0.00042326 0.00275407 0.00356458  0.284436 0.0976586    9.8015
1.77464e+09   -0.00373653   0.00152871 -0.000241668 0.276138 0.097813  9.79567
1.77464e+09   0.00293677  0.00204997 0.000417383   0.27822 0.0997777   9.79648
1.77464e+09  -0.00169725  0.00460419 0.000179162  0.261004 0.0903386   9.80385
1.77464e+09  -0.0032368 0.00143987 -0.0020452 0.254117  0.08121  9.81552
1.77464e+09    0.001961  0.0021562 0.00435484  0.251332 0.0891413   9.81436
1.77464e+09    0.00344468   0.00149846 -0.000735872 0.258873 0.087241  9.80823
1.77464e+09   0.00419204 -0.00155592 -0.00580287  0.269666 0.0897626   9.81609
1.77464e+09  -0.000453551  -0.00451454   0.00139285  0.278207 0.0955067   9.80902
1.77464e+09   -0.00340904 -0.000194025 -5.26515e-05  0.296594 0.0954097   9.81051
1.77464e+09   -0.00261943 -0.000389321   -0.0035696  0.29768 0.110877  9.81691
1.77464e+09   0.00154631  -0.0011989 0.000865135 0.281335 0.121908  9.82422
1.77464e+09  -0.000638412  -0.00230416  -0.00121398 0.269917  0.11488  9.81339
1.77464e+09   0.00259558 0.000242861 -0.00025605 0.258277 0.111973  9.80268
1.77464e+09  0.000804494 -0.00083423 -0.00195293  0.254754 0.0927445   9.80392
1.77464e+09  0.000576937 0.000593549  0.00284251  0.253749 0.0860364   9.80176
1.77464e+09    0.00149093 -0.000362701  -0.00335797 0.266353 0.091023  9.80176
1.77464e+09  0.000764828 -0.00367108   0.0028705  0.276599 0.0868548   9.80817
1.77464e+09    0.00186989 -0.000236765  -0.00183101  0.280587 0.0903062   9.81847
1.77464e+09   -0.00248316 -0.000505149  -0.00206141  0.293249 0.0877741   9.81886
1.77464e+09   -0.00170487 -0.000965381   0.00227138   0.28968 0.0903958    9.8192
1.77464e+09  -0.000314057  -0.00310108  -0.00288949 0.286141 0.097945  9.81971
1.77464e+09   0.00582972  0.00342273 -0.00249289 0.270474 0.095611  9.80932
1.77464e+09  -0.000298869  0.000741432  0.000391484  0.259761 0.0816741   9.79989
1.77464e+09   0.00171008 -0.00480558  -0.0024564  0.266979 0.0775257   9.79241
1.77464e+09   0.00490269 -0.00175976 0.000758906  0.281793 0.0806345   9.79731
1.77464e+09  -0.000354121  -0.00303594   0.00243763  0.268137 0.0869924   9.79075
1.77464e+09   0.00373508  0.00145378 0.000695978  0.267538 0.0812751   9.79461
1.77464e+09  0.000767088 -0.00172334 0.000774211 0.272657 0.091458  9.79866
1.77464e+09  -0.000903337  0.000635171  -0.00107636 0.277679 0.100463  9.81052
1.77464e+09   0.00218526  0.00507977 -0.00502596  0.278807 0.0823156   9.81672
1.77464e+09  -0.00274954 -0.00095217  2.3675e-05  0.291369 0.0779247   9.81919
1.77464e+09   0.00147549 -0.00288594  -0.0012574  0.291193 0.0798156   9.80253
1.77464e+09   0.00139571  0.00104103 -0.00133027  0.284211 0.0751361    9.8008
1.77464e+09   0.00192036 -0.00413298  0.00139662  0.287667 0.0804554   9.78678
1.77464e+09  -0.000929945  -0.00675587   0.00148126 0.275024 0.061139  9.77497
1.77464e+09   0.00244725 -0.00291505 -0.00242869  0.267672 0.0566426   9.78662
1.77464e+09  -0.00101641 -0.00777027 0.000648116  0.261184 0.0750453   9.80413
1.77464e+09    0.00566816    0.0011061 -0.000564887  0.266541 0.0884455   9.78851
1.77464e+09  -0.00231159  0.00165661 -0.00108457  0.269983 0.0863571   9.78894
1.77464e+09    0.00185912 -0.000257992 -0.000194324  0.280659 0.0828903   9.79787
1.77464e+09  0.000806023 -0.00115615  0.00317187  0.291667 0.0838722   9.80017
1.77464e+09  -0.00146111 -0.00747029 -0.00182325  0.305641 0.0921232   9.78707
1.77464e+09   0.00403461 0.000150885   0.0019928  0.309873 0.0858205   9.79666
1.77464e+09     0.0019517 -0.000261131 -0.000912827  0.287323 0.0965362    9.8003
1.77464e+09  -0.00109071 -0.00335052 -0.00510234 0.285586 0.101638  9.79388
1.77464e+09  -0.00218846 0.000368478 -0.00202879  0.291584 0.0996987   9.79096
1.77464e+09  -0.000970582   -0.0012877 -0.000335551  0.287015 0.0867012   9.78449
1.77464e+09  -0.000534052 -0.000380208  -0.00174609  0.280091 0.0842928   9.78142
1.77464e+09  -0.000688861  -0.00233185   0.00146799  0.269636 0.0973784   9.79537
1.77464e+09  -0.000282982  0.000932955   0.00139108 0.256841 0.108806  9.80926
1.77464e+09  0.00112985 -0.0043794 -0.0023695 0.278288 0.106997  9.81019
1.77464e+09   0.00271962 0.000400168 -0.00490095 0.284584 0.103816  9.80006
1.77464e+09  -0.0058772   0.002471 0.00104547  0.294266 0.0951078   9.80341
1.77464e+09  -0.000852573  -0.00360473   0.00110857    0.2993 0.0911989   9.79885
1.77464e+09  0.000313333 -0.00286455 -0.00115588  0.292863 0.0917056   9.78745
1.77464e+09   -0.00104804 -7.34538e-05  -0.00388826   0.29097 0.0876239   9.79519
1.77464e+09  0.000250409 -0.00414277 0.000104798  0.282631 0.0974784   9.80861
1.77464e+09    0.00271174 -0.000417257  -0.00487728 0.280416 0.101961  9.80003
1.77464e+09   0.000503882   0.00156723 -0.000291456  0.279623 0.0751353   9.79905
1.77464e+09  6.35281e-05 0.000836406 0.000329143  0.279586 0.0629654   9.79174
1.77464e+09  -0.00265783  0.00099031  0.00103011 0.283002  0.05562  9.81074
1.77464e+09   0.00420711  0.00316781 -0.00386578 0.271775 0.060009  9.82144
1.77464e+09  -0.000260182  -0.00325558  -0.00130245  0.262836 0.0759909   9.81896
1.77464e+09   0.00254003 -0.00236869  -0.0057301  0.261819 0.0680241   9.82218
1.77464e+09   0.00371885 -0.00244398 -0.00112357  0.286259 0.0599447   9.82934
1.77464e+09  0.000418892  0.00426025 -0.00344293  0.282478 0.0666489   9.81197
1.77464e+09  -0.00343449 -0.00657232 -0.00272846  0.275218 0.0744391   9.80467
1.77464e+09   0.00155878  0.00166495 -0.00191287  0.273039 0.0848093   9.80435
1.77464e+09  -1.03931e-05   0.00435428  0.000310056 0.281412 0.100827  9.80669
1.77464e+09   0.00215657  0.00171982 0.000132924 0.282926 0.116417  9.80571
1.77464e+09  -0.000188332 -2.45135e-05  0.000690364 0.270996 0.115049  9.80816
1.77464e+09  -0.000851617   -0.0016819   -0.0019257   0.27349 0.0947772    9.8052
1.77464e+09    0.00355311 -0.000558491 -0.000324471  0.259981 0.0894528   9.81217
1.77464e+09  0.000876127 0.000272707 -0.00267602  0.243488 0.0902954   9.81005
1.77464e+09  -0.000816505   0.00146836  -0.00372153  0.252327 0.0847223    9.8103
1.77464e+09   0.00294778 0.000482091  0.00185953  0.274974 0.0782144   9.80902
1.77464e+09    0.0013326 -0.00481955   -0.002954   0.28824 0.0925566   9.81343
1.77464e+09  -0.000661069  -0.00188535  -0.00626585  0.287229 0.0960901   9.80586
1.77464e+09   0.00302993 -0.00137098  -0.0032319  0.274192 0.0886361   9.80149
1.77464e+09    0.00251832   0.00164914 -0.000664573  0.280467 0.0892029   9.79961
1.77464e+09   0.00130483  0.00348056 -0.00383838  0.282554 0.0938351   9.79732
1.77464e+09  -0.00364456 -0.00255205 0.000148452  0.282605 0.0816104   9.80108
1.77464e+09    0.00256107   0.00193896 -0.000148235   0.28399 0.0909994   9.80037
1.77464e+09    0.00092572   0.00188513 -0.000697201 0.266163 0.092651  9.79486
1.77464e+09  -0.00483631   0.0010953 -0.00125606  0.257128 0.0954048   9.78627
1.77464e+09  -0.00176699  0.00137007  0.00474835  0.25244 0.101005  9.77894
1.77464e+09  -0.000364325 -0.000848346  -0.00261391 0.258592 0.113955  9.78642
1.77464e+09  -0.000468832 -0.000901468 -0.000985782  0.260602 0.0982593   9.79555
1.77464e+09   0.00383475  0.00268689 -0.00148572 0.277865 0.086915  9.78711
1.77464e+09  0.00234263 0.00313771 0.00222349   0.28534 0.0889385   9.78958
1.77464e+09   0.000512318 -0.000930537  -0.00491682  0.273289 0.0989126   9.79858
1.77464e+09   -0.0048942 -0.00326724  0.00415233 0.248591 0.112914  9.80937
1.77464e+09  -0.000927766  -0.00035971   0.00670552 0.260688 0.118738  9.81164
1.77464e+09   0.00155724  0.00192033 0.000498237 0.28702 0.11253 9.81021
1.77464e+09  0.00267744 0.00241667 0.00326374 0.274441 0.116902  9.80045
1.77464e+09  -0.00052979 -0.00307409 0.000575687  0.263476 0.0967184   9.81606
1.77464e+09  -0.00132348 0.000154935 -0.00200409  0.271037 0.0926104   9.81937
1.77464e+09   0.00277624  0.00217484 0.000145443  0.269434 0.0992873   9.80805
1.77464e+09   0.00229612 -0.00164077  0.00194268  0.273659 0.0874955   9.81308
1.77464e+09   0.00265504 -0.00159942  0.00221284  0.270228 0.0765791   9.80388
1.77464e+09   0.00135195 -0.00370623  0.00160128  0.267913 0.0665402    9.7995
1.77464e+09   -0.00404338 -0.000265672   0.00446361  0.265049 0.0744891   9.80375
1.77464e+09   0.00247835  0.00651676 -0.00436438  0.280099 0.0880587   9.79931
1.77464e+09  -0.00149199 -0.00123143 -0.00178074  0.283124 0.0798326    9.7963
1.77464e+09  -0.00587811 -0.00927821 -0.00153389  0.289258 0.0975502   9.80984
1.77464e+09   0.000983691 -0.000650038   0.00238193  0.269996 0.0996721   9.81905
1.77464e+09   -0.00157764 -0.000443174    0.0018839 0.265049 0.100485  9.81337
1.77464e+09   -0.0029211 -0.00230836  0.00259948 0.261183 0.103872  9.80712
1.77464e+09   3.0582e-05  -0.0027931 0.000489236 0.270591 0.101753  9.80255
1.77464e+09  -0.000744458  -0.00375936   0.00194864  0.274552 0.0962559   9.79406
1.77464e+09   0.000944969    0.0013011 -3.63644e-05  0.281471 0.0945534   9.79968
1.77464e+09  0.000848259 -0.00237933  0.00290972  0.288235 0.0987401   9.79878
1.77464e+09  -0.00187971  0.00159317   0.0019562 0.285067 0.110401  9.79856
1.77464e+09  -0.00241636  0.00137109  0.00121316  0.276655 0.0973951   9.80589
1.77464e+09  -0.000314185  -0.00453861   0.00103729  0.260616 0.0905889    9.8137
1.77464e+09  -0.000354884  5.81965e-05  -0.00152005 0.264774 0.092207  9.80993
1.77464e+09  0.000302164 -0.00727078 -0.00224697  0.272586 0.0758999   9.81628
1.77464e+09  -0.00218647 -0.00369738  0.00460959  0.265286 0.0728522   9.80802
1.77464e+09   0.00152401  0.00228369 0.000329453  0.262406 0.0771082   9.82142
1.77464e+09  6.62351e-05 -0.00148785 0.000687926  0.268333 0.0750889   9.82819
1.77464e+09   0.00310029 -0.00313644 -0.00156442 0.271732 0.082798  9.81662
1.77464e+09   -0.00162579  0.000682341 -0.000375852  0.285978 0.0725198   9.80673
1.77464e+09   -0.00062397   0.00314601 -9.77156e-05  0.292016 0.0812528   9.80133
1.77464e+09  0.00233529 -0.0015339 0.00115166  0.263134 0.0949096   9.79887
1.77464e+09  0.000226459 -0.00315682 -0.00414304  0.265657 0.0821585   9.79585
1.77464e+09     0.0011813   0.00329534 -0.000314796  0.281591 0.0793307   9.80595
1.77464e+09   0.00436739  0.00272301 0.000529907   0.29151 0.0808417   9.80358
1.77464e+09    0.00318019   0.00067968 -0.000795259 0.300732 0.067613  9.82177
1.77464e+09  -0.00189996 0.000425503 -0.00302465  0.286133 0.0713168   9.81832
1.77464e+09    0.00212447   0.00299583 -0.000202183 0.269094 0.078097  9.81894
1.77464e+09  4.65811e-05 -0.00138288 0.000561552 0.262925  0.08491   9.8286
1.77464e+09  -0.000687098  -0.00456816  -0.00324609  0.271867 0.0892439   9.81217
1.77464e+09    0.00132317 -0.000736557  -0.00346468  0.279822 0.0859925   9.79555
1.77464e+09    0.0015336  0.00135959 -0.00643111    0.2754 0.0831526   9.80119
1.77464e+09    0.00216355 -0.000486014 -0.000342149  0.264798 0.0844022   9.78523
1.77464e+09  0.00205362 0.00321087 0.00179312 0.283153 0.076885  9.78537
1.77464e+09    0.00343963   0.00378794 -0.000788773  0.274095 0.0717438    9.7943
1.77464e+09   0.00168182 0.000924301   -0.001763  0.247318 0.0652293   9.80154
1.77464e+09   -0.00191957  -0.00550469 -0.000521363  0.253879 0.0727621   9.81403
1.77464e+09   0.0019052 0.00301428  0.0030187  0.266471 0.0838175   9.81127
1.77464e+09    0.00113462 -0.000172736  -0.00519245  0.260022 0.0708979   9.80243
1.77464e+09   0.00134981 -0.00125756 -0.00421316  0.262731 0.0772868   9.79769
1.77464e+09    0.00249974 -0.000199683 -0.000682753  0.277944 0.0970569   9.79328
1.77464e+09   0.00077897  0.00379639 -0.00407426   0.28559 0.0951097   9.80568
1.77464e+09  0.000863951  0.00163043 0.000832882  0.282387 0.0989239   9.82192
1.77464e+09   0.00218086 -0.00230481  0.00117016   0.27314 0.0915324   9.82248
1.77464e+09  0.000602974 -0.00270153 0.000698136  0.271312 0.0865285   9.79317
1.77464e+09    0.00335964 -0.000188017  -0.00491456   0.27507 0.0857041   9.78076
1.77464e+09  -0.00028029  0.00100849 -0.00217134  0.284298 0.0860021   9.79558
1.77464e+09   0.00209727  0.00150431 0.000240193 0.282643 0.100162  9.80777
1.77464e+09    0.00298834 -0.000718177   0.00149837 0.279541 0.102467  9.79799
1.77464e+09    0.00166804  -0.00456154 -0.000199519  0.273259 0.0936384   9.79075
1.77464e+09   0.00281903 -0.00348357 -0.00362376  0.266174 0.0882701   9.79911
1.77464e+09  -0.000959553  -0.00129832  -0.00424357  0.271488 0.0837344   9.81365
1.77464e+09  -0.00076782 -0.00114834  0.00351029  0.291016 0.0882683   9.81574
1.77464e+09     0.0050992 -0.000296072  -0.00522702  0.260403 0.0920094    9.8058
1.77464e+09    0.0054428  0.00149478 -0.00221213  0.253779 0.0929593   9.81399
1.77464e+09   -0.00200007 -0.000914343 -0.000747385  0.251388 0.0923949   9.81685
1.77464e+09   0.00428637  -0.0030309 -0.00223619  0.258241 0.0870829    9.8216
1.77464e+09   0.00197908 0.000547679 -0.00141421  0.274399 0.0755155   9.80567
1.77464e+09   -0.00184246 -0.000544513   0.00211588  0.287112 0.0829831   9.80082
1.77464e+09     0.0056894  0.000262983 -0.000512378  0.286501 0.0818343   9.78861
1.77464e+09  0.000383079  0.00273949   0.0018676  0.286329 0.0903816   9.77878
1.77464e+09  0.00174103 0.00177547 0.00162892  0.288267 0.0950534   9.79722
1.77464e+09  0.000801564  0.00143672 -0.00225697  0.275732 0.0923092   9.80466
1.77464e+09  -0.000197214  -0.00241744   0.00140918  0.261093 0.0838881   9.80685
1.77464e+09  -0.00113772 0.000987673 0.000971021  0.262055 0.0867729   9.78348
1.77464e+09    0.00151797   0.00390593 -0.000587861  0.273054 0.0789326   9.79427
1.77464e+09  -0.00237144 -0.00279003  0.00021013  0.267321 0.0885055    9.7949
1.77464e+09   0.00115734 -0.00547975 0.000593017  0.269679 0.0874712   9.79112
1.77464e+09    0.0031125  0.00151216 -0.00213725  0.285037 0.0844339   9.80751
1.77464e+09   -0.00205247  0.000908498 -0.000896504  0.300747 0.0848682   9.81643
1.77464e+09  -0.00177877  0.00550109  0.00304982  0.289259 0.0725465   9.83773
1.77464e+09  0.000933753 -0.00287444 -0.00261217  0.278682 0.0829493   9.84852
1.77464e+09   0.000571922 -0.000234207  0.000729074  0.277003 0.0724187   9.82367
1.77464e+09  -0.0041969 0.00228664 0.00121885  0.272993 0.0650983   9.80641
1.77464e+09   0.00269771 -0.00342877 -0.00647276  0.272662 0.0718631   9.80212
1.77464e+09  0.00111685 0.00217206 0.00194671  0.283568 0.0780656   9.79461
1.77464e+09  -0.000443552    -0.001208  -0.00215981  0.295958 0.0889653   9.80542
1.77464e+09     0.0013431  -0.00157272 -0.000761685 0.281786 0.103943  9.81661
1.77464e+09    0.00112297 -0.000527489 -0.000574363 0.266279 0.109159  9.80875
1.77464e+09    0.00236925  0.000557647 -0.000447599  0.266083 0.0915454   9.80736
1.77464e+09   0.00118589 -0.00289896 -0.00256854  0.254806 0.0813435   9.80853
1.77464e+09  -0.00128229 -0.00142449 -0.00074837 0.254092 0.089493  9.79933
1.77464e+09   0.00183293  0.00288887 -0.00158692  0.269518 0.0986697   9.78787
1.77464e+09    0.00311517 -0.000588016   -0.0019039  0.295595 0.0772446   9.79553
1.77464e+09  -0.00216836 -0.00117312 0.000721539  0.286483 0.0822637   9.80413
1.77464e+09  -0.000740178  -0.00127163  -0.00218472  0.277347 0.0955497   9.80781
1.77464e+09  -0.00126068 0.000592488 -0.00213595 0.275551 0.106914   9.8065
1.77464e+09    0.0025973  0.00382432 -0.00125072 0.262338 0.112992  9.80784
1.77464e+09  0.00490945 -0.0025115 0.00247374 0.254742 0.103217  9.79884
1.77464e+09   -0.0040939 -0.00374643  -0.0021011  0.258032 0.0907347   9.79723
1.77464e+09  -0.000100281   0.00166657  -0.00154004  0.265759 0.0848986   9.79546
1.77464e+09   0.00117339  0.00193497 0.000854161  0.270512 0.0821932   9.79018
1.77464e+09  -0.00025099 0.000143585 -0.00032182  0.262993 0.0938925   9.80219
1.77464e+09   -0.00372835 -0.000134916  0.000515582 0.254301 0.096107  9.80819
1.77464e+09  -0.000408427  0.000519754   0.00288868  0.257916 0.0913707   9.81477
1.77464e+09   -0.00169036  -0.00524279 -0.000346784  0.272041 0.0875816   9.79906
1.77464e+09   0.00293337 -0.00675868 -0.00258017   0.28741 0.0605457   9.78005
1.77464e+09    0.0026968 -0.00193261 -0.00149427  0.285956 0.0690113   9.77142
1.77464e+09   0.000102555   4.3629e-05 -0.000252171  0.269202 0.0865548   9.78205
1.77464e+09  -0.00181264 -6.8344e-05 2.05113e-05  0.27369 0.086897   9.7909
1.77464e+09  0.000993554 -0.00354587  0.00333943  0.272376 0.0991777   9.80875
1.77464e+09  0.00136795 0.00459831 0.00558349  0.28424 0.098666  9.81346
1.77464e+09  -0.00144899 -0.00161421 0.000265502 0.288504 0.098804  9.81103
1.77464e+09  -0.00261248 -0.00110425 7.00972e-05 0.294274 0.101972    9.798
1.77464e+09  0.000258316 -0.00488791 -0.00236881  0.311747 0.0839678    9.7937
1.77464e+09  0.000429673 -0.00374846  0.00379301  0.306101 0.0714481   9.79527
1.77464e+09  0.00072858 0.00316065 0.00123783 0.283167 0.081261  9.79318
1.77464e+09  0.000905236 -0.00115148  0.00159752  0.278419 0.0769983   9.80471
1.77464e+09   0.00350185 -0.00242163 0.000949399  0.268232 0.0845104   9.79701
1.77464e+09  -0.00331987 1.01048e-05 -0.00032725 0.261764 0.087913  9.80368
1.77464e+09   0.00175957 6.85251e-05 0.000861202  0.261178 0.0858236   9.81324
1.77464e+09    0.0079686  0.00541205 -0.00024271  0.277832 0.0693839    9.8135
1.77464e+09   0.00144596 -0.00300236 0.000185844  0.283513 0.0545535    9.8078
1.77464e+09  -0.00135509 -0.00100155  0.00339776 0.275503 0.056182  9.79707
1.77464e+09  -0.00276338 -0.00510994 1.02571e-06  0.269733 0.0680401   9.79829
1.77464e+09   0.00303412  -0.0016617 -0.00419402  0.267587 0.0899213   9.79929
1.77464e+09  -0.00182052  0.00166066  0.00549599 0.278665 0.101779  9.80506
1.77464e+09   -0.00512808 -0.000531114   0.00364807 0.288133 0.086592  9.79601
1.77464e+09  -0.00165359 0.000100186 -0.00160716  0.279609 0.0744008    9.8027
1.77464e+09   0.00409604 -0.00178832 -0.00366357  0.272217 0.0809158   9.79822
1.77464e+09   0.00243984  0.00254516 -0.00187092  0.267358 0.0928917   9.77919
1.77464e+09    0.00423443 -0.000686334  -0.00107749  0.268645 0.0932438   9.78605
1.77464e+09   0.00179842  0.00272877 -0.00488211  0.275266 0.0944689   9.80045
1.77464e+09   0.00255263 -0.00152925 -0.00249312  0.294616 0.0864376   9.80816
1.77464e+09  -0.00423428 6.95658e-05 0.000574808  0.295767 0.0790714   9.79989
1.77464e+09   0.00152885 0.000533949  0.00182334  0.286677 0.0835352   9.78413
1.77464e+09    0.00111381 -0.000397248   -0.0036201  0.275828 0.0835387   9.78672
1.77464e+09   0.00356387    0.002055 -0.00601643  0.279152 0.0712795   9.80562
1.77464e+09   0.00313457 -0.00604027 -0.00154492  0.289128 0.0639528   9.81376
1.77464e+09  0.00160664 0.00124814 0.00028925  0.278446 0.0941028   9.82392
1.77464e+09    0.00284921 -0.000806064  0.000401994 0.270807 0.113717  9.81562
1.77464e+09   0.00237605 0.000337123 -0.00233608  0.27553 0.107942  9.80766
1.77464e+09  -0.000271864   -0.0028058  -0.00208932  0.271931 0.0991674   9.79187
1.77464e+09    0.00255711 -0.000514619  0.000549114  0.290187 0.0914698   9.79477
1.77464e+09   0.00212351  0.00388536 -0.00162394  0.291255 0.0976235   9.79506
1.77464e+09   0.00474434 0.000203873 -0.00115481  0.289414 0.0862501   9.80124
1.77464e+09   0.000918459  -0.00235324 -3.98444e-05  0.286062 0.0789618    9.8165
1.77464e+09  -0.000549309  -0.00204971   0.00120089  0.271267 0.0865189   9.81527
1.77464e+09   0.00123128 0.000276438 -0.00056979  0.253981 0.0973685   9.81715
1.77464e+09   0.00338887  0.00302445 -0.00141076  0.257482 0.0986335   9.81166
1.77464e+09    0.0011651 -0.00185685 -0.00179238 0.270026 0.100381  9.82005
1.77464e+09  -0.000818889  -0.00585583  -0.00242718  0.256987 0.0983952   9.81788
1.77464e+09   0.00039215  0.00175955 -0.00511589  0.244701 0.0988188   9.81465
1.77464e+09    0.00136768 -0.000994045  0.000751803 0.244829 0.107124   9.8112
1.77464e+09   0.00150641 -0.00206782 0.000214854 0.269048 0.117555  9.81211
1.77464e+09  0.00014036 0.00368869 0.00259798 0.292413 0.121008  9.81402
1.77464e+09  -0.000381386  -0.00478741  -0.00490303 0.300463 0.107341  9.79544
1.77464e+09   0.00190172 0.000731536 -0.00296298  0.298127 0.0896603   9.79292
1.77464e+09    0.00267544 -0.000781758   0.00164667  0.280647 0.0984755   9.80157
1.77464e+09  -0.000211769  -0.00216255 -0.000455395 0.274871 0.085741  9.79936
1.77464e+09    0.00266396  0.000742503 -0.000567145  0.263295 0.0891695   9.80996
1.77464e+09   -0.00105753  -0.00399483 -0.000662332  0.266567 0.0837706   9.80891
1.77464e+09  0.000355934 -0.00406262 -0.00241717  0.272543 0.0852122    9.7957
1.77464e+09  0.000990226  0.00039689  -0.0038298  0.263095 0.0811791   9.78601
1.77464e+09    -0.0026555   0.00349451 -0.000146467  0.264775 0.0675607   9.79016
1.77464e+09  -0.000586597  -0.00328252  -0.00190979  0.262761 0.0717615   9.79924
1.77464e+09  0.00216422 0.00036673 0.00278888  0.261528 0.0867856   9.79913
1.77464e+09  -0.000929217  -0.00116968  -0.00158056 0.251309 0.081858  9.78923
1.77464e+09    0.0016149 -0.00212567  0.00599354   0.25681 0.0821794   9.79506
1.77464e+09   0.00600778 -0.00128686 -0.00130572  0.255225 0.0762948   9.80518
1.77464e+09  0.000523701 -0.00125196  0.00193718  0.265119 0.0791182   9.80175
1.77464e+09  -0.00159738 0.000881321 -0.00349869  0.276112 0.0980244    9.8027
1.77464e+09    0.00137913 -0.000922331 -0.000658023 0.284197 0.104344   9.8126
1.77464e+09    0.00243314   0.00419489 -6.55873e-05 0.271222 0.100932   9.8055
1.77464e+09  0.000479436 -0.00123794  0.00255153   0.26962 0.0983411   9.80378
1.77464e+09   0.00101966 -0.00164081 -0.00417016  0.272706 0.0828523   9.78617
1.77464e+09  0.000417164  0.00101888  0.00137083 0.291166 0.078306  9.78413
1.77464e+09  -0.00108786 0.000716579 -0.00159262  0.296495 0.0739371   9.78783
1.77464e+09  0.00339674 0.00221624 0.00185551  0.295282 0.0839211   9.79548
1.77464e+09    0.00117898   0.00192238 -0.000849347  0.303191 0.0904434   9.79589
1.77464e+09   0.000379462  -0.00515706 -0.000561046  0.295631 0.0815514   9.80009
1.77464e+09  -0.000863205  -0.00626032   0.00136701  0.274588 0.0815361   9.79646
1.77464e+09   0.00273573 -0.00103718 -0.00113625  0.271847 0.0798891   9.79537
1.77464e+09   0.000650987  -0.00376769 -0.000865363  0.278004 0.0713304   9.79887
1.77464e+09   -0.00345254  -0.00231704 -0.000591225 0.271324 0.065601  9.79805
1.77464e+09    0.00292751 -0.000313822   0.00187437  0.275439 0.0780325   9.79461
1.77464e+09   -0.00444721 -0.000794099   0.00209094  0.275524 0.0933482   9.79958
1.77464e+09   -0.0025769 0.000976268  0.00166879 0.282839 0.106035   9.7945
1.77464e+09  -0.000925713  0.000298274  -0.00583986  0.287433 0.0902285   9.80241
1.77464e+09     0.0021745  -0.00770965 -0.000714724  0.301955 0.0856111   9.80823
1.77464e+09  -0.00208111 -0.00258539  0.00398445  0.297533 0.0865229   9.79756
1.77464e+09  0.000718285  0.00249936  0.00230544  0.292679 0.0684779   9.79892
1.77464e+09  -0.00175783 -0.00184312 -0.00340978  0.281163 0.0707249   9.80537
1.77464e+09   0.00279704 -0.00142073   0.0020006  0.278113 0.0644391   9.80602
1.77464e+09  -7.38774e-05  0.000379415  -0.00058731  0.271788 0.0843046   9.80355
1.77464e+09  -0.00251219 -0.00176921  0.00131896  0.273758 0.0944082   9.81152
1.77464e+09    0.0017592 0.000421306 -0.00263044  0.291245 0.0871329    9.8163
1.77464e+09  -0.00166652 -0.00547112 -0.00106002  0.295379 0.0924953   9.80821
1.77464e+09   0.00185857  0.00139667 -0.00263745 0.298712 0.094857  9.79545
1.77464e+09  -0.00373104  0.00193654  0.00236942  0.295634 0.0860428   9.79462
1.77464e+09  -0.00217543    0.003964  0.00170439   0.29382 0.0726719    9.8118
1.77464e+09    0.00290944  -0.00526321 -0.000351769 0.284276 0.063451  9.82485
1.77464e+09  0.000292617 -0.00381435 0.000982538  0.281013 0.0830299   9.81521
1.77464e+09   0.000412825 -3.44873e-05 -3.31979e-05  0.270626 0.0972904   9.79656
1.77464e+09  -0.00222466 -0.00331324  0.00241311 0.258453 0.086899  9.79922
1.77464e+09    0.00252607 -0.000980423 -0.000457052  0.260632 0.0800014   9.79325
1.77464e+09  -0.00257958 0.000219164  -0.0021059  0.271995 0.0799834   9.78904
1.77464e+09  0.000276117  0.00156111  0.00139334  0.285798 0.0764663   9.79388
1.77464e+09    0.00127199  -0.00713136 -0.000232867   0.27275 0.0891209    9.8089
1.77464e+09  0.00229204 0.00373905 0.00117171  0.271838 0.0879006   9.80999
1.77464e+09   0.00141814  0.00226956 -0.00219472  0.276862 0.0882444   9.80422
1.77464e+09  0.000451922 0.000306859 0.000256691  0.273594 0.0706034   9.81215
1.77464e+09   -0.00276009 -0.000715751  0.000556378  0.268727 0.0679394   9.80904
1.77464e+09   0.00157432 0.000177859   0.0024212  0.273713 0.0749544   9.79496
1.77464e+09  0.00164134 0.00156212 0.00340395  0.27237 0.087408   9.7905
1.77464e+09    0.00264365  0.000549473 -3.11149e-05  0.273785 0.0913088   9.79488
1.77464e+09  -0.000406162   0.00123865  -0.00174439 0.283281 0.086632  9.79188
1.77464e+09   0.00236299  0.00436689 3.97631e-05  0.279368 0.0815819   9.77494
1.77464e+09  0.000797914 0.000451457 -0.00314306   0.27855 0.0746236   9.77078
1.77464e+09    0.00146998  -0.00229108 -0.000820082  0.280393 0.0824108   9.77853
1.77464e+09  -0.00269761  0.00164778 0.000781425  0.277971 0.0859623   9.78714
1.77464e+09  0.000635184 -0.00394633 -0.00105661  0.268115 0.0852553   9.79156
1.77464e+09    0.0020617  0.00138148 0.000619198  0.265881 0.0881692   9.77413
1.77464e+09   0.0018421 0.00138706 -0.0041576 0.278647 0.100014  9.78127
1.77464e+09   0.00286708  0.00371339 -0.00184219  0.293833 0.0836971   9.78434
1.77464e+09    0.00125375 -0.000783761   0.00089228  0.306269 0.0541681    9.7884
1.77464e+09   0.00072968  0.00325903 0.000250252  0.279012 0.0722277   9.78508
1.77464e+09   0.00811042  0.00231148 0.000215333  0.266871 0.0905637   9.80137
1.77464e+09  0.000713827  0.00190807 -0.00180702  0.254037 0.0994216   9.81138
1.77464e+09   0.00144325 -0.00128982 0.000868434   0.24814 0.0840847    9.8014
1.77464e+09    0.00363415   0.00461543 -6.57806e-05  0.266245 0.0817864   9.80293
1.77464e+09    0.0045208 0.000665334 -0.00637901 0.286665 0.080114   9.8021
1.77464e+09   0.00304231  0.00416179 -0.00241971  0.293419 0.0766647   9.79699
1.77464e+09  -9.54289e-05  -0.00415048  -0.00206907  0.290723 0.0829027    9.7939
1.77464e+09   0.000602681  -0.00104747 -0.000500251  0.278749 0.0944905   9.80285
1.77464e+09  0.00478305   0.001649 0.00124122  0.268382 0.0894691   9.79937
1.77464e+09     0.0016216  -0.00253398 -0.000765179  0.273167 0.0912273   9.79784
1.77464e+09    0.000878   0.001053 0.00175108 0.291581 0.090598   9.7944
1.77464e+09   0.00317811 -0.00101806 0.000475409  0.297027 0.0871295   9.80808
1.77464e+09  0.000357654 -0.00298313 0.000299321  0.300519 0.0934362   9.81816
1.77464e+09  -0.000370987  0.000924793  -0.00241916 0.280887 0.090502   9.8109
1.77464e+09    0.00229413 -0.000864985  -0.00531348  0.269238 0.0738928   9.80041
1.77464e+09  0.000340817 -0.00181305 3.35771e-05  0.272221 0.0798199   9.79844
1.77464e+09   0.00328318  0.00389099 -0.00261095  0.296774 0.0791357   9.79462
1.77464e+09   -0.00135169  -0.00271007 -0.000180384  0.304802 0.0731181    9.7982
1.77464e+09    0.00166789  -0.00387788 -9.50539e-05  0.292737 0.0848814   9.79849
1.77464e+09  0.00226499 0.00131771  0.0020864  0.284524 0.0972931    9.7953
1.77464e+09   0.00161924 0.000576222 -0.00116512  0.280001 0.0922612   9.80211
1.77464e+09  0.000666975 0.000463789 -0.00163942 0.269598 0.101058  9.80396
1.77464e+09   0.00316308 -0.00512932 -0.00262883  0.251564 0.0991574   9.79791
1.77464e+09  0.00100725 0.00444143 0.00243983  0.24205 0.103396  9.80451
1.77464e+09  0.000628626 -0.00429372  -0.0020228 0.249583 0.108701  9.81367
1.77464e+09  -0.00293809 -0.00326853   -0.001082 0.260622 0.108578  9.81892
1.77464e+09  -0.000174576 -0.000144394   0.00144318 0.263915 0.105952  9.82385
1.77464e+09    0.0046985  0.00254909 -0.00133163  0.259026 0.0993072   9.80889
1.77464e+09    0.00141606  -0.00257478 -0.000962582 0.267373 0.100001  9.81542
1.77464e+09    0.00171948 -0.000819703  0.000226358  0.261548 0.0947032   9.81622
1.77464e+09   0.00572507  -0.0011488 0.000396285  0.264904 0.0897698    9.8077
1.77464e+09   -0.0022251 -0.00132654  0.00108182  0.280737 0.0919617     9.813
1.77464e+09  -0.000530277 -0.000840639  0.000208808  0.292191 0.0865174   9.81113
1.77464e+09  -0.000649269  -0.00149507  -0.00141327  0.277636 0.0885603   9.81056
1.77464e+09  3.61734e-05 0.000780891  0.00694663  0.264574 0.0988765   9.80657
1.77464e+09   0.00273048 -0.00344222 -0.00097552 0.270768 0.096834  9.79734
1.77464e+09  0.000159791 -0.00154671 -0.00269079  0.288249 0.0983959   9.79357
1.77464e+09  -0.00108947 -0.00236204  0.00188858 0.301569 0.097929  9.81239
1.77464e+09    0.00292686 -0.000262866 -0.000896946  0.296843 0.0939283   9.81617
1.77464e+09  -0.00471522 0.000253917  0.00302983  0.279817 0.0977518   9.81703
1.77464e+09   0.00214336 -0.00273462  0.00131338  0.278162 0.0897617   9.81269
1.77464e+09   0.00185069 -0.00114838  0.00279686  0.268161 0.0857052   9.80152
1.77464e+09   0.00298643 -0.00158305   0.0014297  0.259022 0.0866213   9.81098
1.77464e+09  -0.00220745 -0.00320442 0.000801002  0.277176 0.0796505   9.82063
1.77464e+09   -0.00297761 -0.000456856   0.00234505   0.28881 0.0949142    9.8204
1.77464e+09  -0.00170129  0.00438994  0.00144968 0.302972 0.102554  9.81401
1.77464e+09   -0.00465181 -0.000667259   0.00182642  0.298995 0.0875506   9.83196
1.77464e+09  -0.00262516 -0.00273214 0.000417436  0.280029 0.0888429   9.82792
1.77464e+09   0.00154734 -0.00455606 -0.00222767  0.265077 0.0781213   9.81337
1.77464e+09   -0.00382865  -0.00136588 -0.000853131  0.266679 0.0877208   9.79884
1.77464e+09  -0.000133051   -0.0042937 -0.000275396  0.273803 0.0818698   9.79169
1.77464e+09   0.00384469  0.00180651 -0.00253462  0.281264 0.0734561   9.78468
1.77464e+09  0.000395235 -0.00205163 0.000880896  0.292581 0.0793818   9.78604
1.77464e+09    0.0042349 -0.00179647 0.000104789  0.283928 0.0778566   9.79916
1.77464e+09  -0.00140936 -0.00106274 0.000565919  0.281459 0.0835928   9.80154
1.77464e+09  0.000323337  0.00266472  0.00032071  0.267916 0.0943547   9.80874
1.77464e+09  -8.48985e-05   0.00255441 -0.000779442  0.278397 0.0998242   9.80698
1.77464e+09  -0.000857157   0.00166308  0.000251681 0.276808 0.100774   9.8046
1.77464e+09   0.00238264  0.00018965 0.000172115   0.26936 0.0955038   9.80365
1.77464e+09  -0.00143454 -0.00398774   0.0040683  0.275289 0.0850946   9.80827
1.77464e+09  -0.00261565  0.00476224 -0.00102356  0.267601 0.0832183   9.81492
1.77464e+09   -0.00305735  0.000471586 -0.000325624 0.264019 0.058309   9.8185
1.77464e+09  0.000144325  0.00408532  0.00195294  0.253574 0.0447571   9.81586
1.77464e+09  -0.00235876 -0.00294999  0.00170164  0.253307 0.0552882   9.80611
1.77464e+09    0.00191412  -0.00272045 -0.000653777  0.259333 0.0762123   9.80439
1.77464e+09    0.00280815  -0.00409267 -0.000541552 0.264145 0.094425  9.79033
1.77464e+09   0.00196511 -0.00114315 -0.00107985  0.262222 0.0850075   9.79554
1.77464e+09  0.000734535   0.0012525 -0.00291546  0.279775 0.0818521   9.80397
1.77464e+09   0.00111459  0.00297246 -0.00134104  0.283321 0.0905473   9.80536
1.77464e+09   0.00374583 -0.00213809 -0.00560584  0.284024 0.0834921   9.79221
1.77464e+09  0.000502834  0.00211245 -0.00166973  0.272096 0.0815598   9.78017
1.77464e+09   0.00132332 0.000786097 -0.00428556  0.269195 0.0966048   9.80105
1.77464e+09   0.00181177  0.00122761 -0.00283863  0.269215 0.0982962   9.81169
1.77464e+09  -7.94469e-05  -0.00368288  0.000720178  0.270147 0.0956394    9.8114
1.77464e+09   0.00223091  0.00329683 -0.00212724  0.286545 0.0811577   9.81518
1.77464e+09  -0.000518216  -0.00360361  -0.00125389  0.296247 0.0541797   9.81838
1.77464e+09  -0.000557288   0.00185408  0.000619189  0.284322 0.0586202   9.80993
1.77464e+09    0.00295439 -0.000465542  -0.00273748  0.269116 0.0742405   9.80135
1.77464e+09  -0.00160866 -0.00275287 0.000802805 0.267254 0.087134  9.79711
1.77464e+09  -0.000133545  -0.00224994   0.00147161  0.260433 0.0701664   9.79961
1.77464e+09  0.000852854 -0.00279604 -0.00144691  0.271612 0.0564333   9.81181
1.77464e+09   0.00158318   0.0026565 -0.00413974  0.253648 0.0568049   9.81189
1.77464e+09  -0.000574306  -0.00445393 -0.000379403  0.237829 0.0582072   9.81217
1.77464e+09   0.00297692 -0.00455339  0.00123217  0.230728 0.0740959   9.82871
1.77464e+09   0.00186766 -0.00266167 -0.00564981  0.232554 0.0974118   9.83199
1.77464e+09  -0.00105571 -0.00118568 -0.00558329 0.259995 0.102822  9.82027
1.77464e+09    0.00451517    0.0028868 -1.40404e-05  0.276346 0.0916652   9.81074
1.77464e+09   0.00164859 -0.00197425 0.000509598  0.270901 0.0926265   9.80828
1.77464e+09  0.000468356  -0.0041618 -0.00579827  0.268073 0.0840368   9.81316
1.77464e+09   0.00123824 -0.00302179 -0.00498621  0.27542 0.089008  9.80502
1.77464e+09  -0.000816728   0.00291774 -0.000434456  0.279748 0.0831829   9.81297
1.77464e+09  0.000218032  0.00154102 -0.00100166  0.274909 0.0844237   9.80901
1.77464e+09   0.000273719   0.00180381 -0.000355477  0.280165 0.0926544   9.80572
1.77464e+09   0.00109244  0.00227098 -0.00150265  0.287906 0.0839742    9.7968
1.77464e+09   -0.00157121 -0.000488495   0.00281265  0.293801 0.0883282    9.8076
1.77464e+09  -3.66797e-05  -0.00138782  -0.00206958  0.278227 0.0872378    9.8097
1.77464e+09   0.00178949 -0.00420908 -0.00169592  0.279892 0.0803061   9.81235
1.77464e+09    0.00429335 -0.000527923   -0.0043626  0.270276 0.0800698   9.82551
1.77464e+09  -0.00159684 -0.00274997  0.00193931  0.271749 0.0770204   9.81821
1.77464e+09  0.000319507  0.00242011 -0.00344545  0.278267 0.0848001   9.80668
1.77464e+09   0.00295808 0.000699487 -0.00133346  0.262811 0.0792115   9.80104
1.77464e+09   0.000629986 -0.000131844   0.00222422  0.258953 0.0710668   9.80193
1.77464e+09  -0.00109807  0.00120705 -0.00348205  0.258686 0.0701659   9.79803
1.77464e+09  -0.00210209 -0.00197223  0.00266637   0.25061 0.0805557   9.79966
1.77464e+09    0.00151229 -0.000772639  0.000899654  0.257748 0.0932323   9.80628
1.77464e+09  0.00238721 -0.0005341 0.00140404  0.278767 0.0986209   9.79464
1.77464e+09   0.00491483  0.00163028 -0.00198785 0.302666 0.103909  9.78755
1.77464e+09  -0.000283217  -0.00213992   0.00579759  0.293569 0.0889891   9.78608
1.77464e+09  -0.000620936   0.00263365   0.00149211  0.281969 0.0834489   9.79088
1.77464e+09  0.00408586 0.00297258 0.00129243  0.274592 0.0752446   9.80769
1.77464e+09   -0.00119578  0.000200896 -0.000664332  0.272244 0.0784932   9.81241
1.77464e+09  -0.000256768  -0.00248301   0.00104622   0.27401 0.0846908   9.79852
1.77464e+09  -0.00021524 0.000645178 0.000855208  0.278714 0.0935338    9.7932
1.77464e+09   0.00111701 -0.00104741 0.000815214 0.267232 0.103686  9.79496
1.77464e+09   0.00440722 -0.00403495 0.000814212  0.290349 0.0898185   9.79885
1.77464e+09  -0.00469342 -0.00348752 -0.00369663  0.308777 0.0742677   9.80388
1.77464e+09   -0.00138335  -0.00501578 -0.000834442   0.29601 0.0820141   9.81177
1.77464e+09  0.000152389  0.00147927  0.00296559 0.284297 0.090859  9.81152
1.77464e+09  0.000124785 0.000159982 -0.00599481  0.281738 0.0980833   9.80248
1.77464e+09    0.0036352  0.00219192 -0.00114164 0.274152 0.093867  9.79004
1.77464e+09   -0.00457889  -0.00302178 -0.000228168  0.273365 0.0830668   9.81134
1.77464e+09  -0.00285507   0.0011835  0.00289806  0.276224 0.0802554   9.83001
1.77464e+09   0.00135038 -0.00347815  0.00149211  0.278463 0.0624466   9.82983
1.77464e+09   0.00381345  0.00106759 -0.00499197   0.29658 0.0647244   9.82392
1.77464e+09   -0.00344591    0.0016262 -0.000201388  0.299425 0.0662447   9.80447
1.77464e+09  -0.00307805 -0.00200186 0.000519708  0.281668 0.0711033   9.80103
1.77464e+09  -0.00187742 -0.00257537 -0.00271982  0.257126 0.0758466   9.80347
1.77464e+09  0.000485572  -0.0033165  0.00287866 0.267009 0.080044  9.80434
1.77464e+09  -0.00411144 -0.00270888 -0.00172266  0.276659 0.0750486   9.80429
1.77464e+09    0.00274932 -0.000842443  -0.00153772 0.258575 0.085164  9.80253
1.77464e+09   0.00317336  -0.0010386 -0.00665058  0.251098 0.0867707   9.79681
1.77464e+09  -0.00203473  0.00186849  0.00237952  0.270843 0.0963813   9.78701
1.77464e+09   0.00301031 -0.00058386  0.00118423 0.287499 0.100835  9.79375
1.77464e+09    0.00120646  0.000372685 -0.000955625 0.292176 0.103259  9.79086
1.77464e+09   0.00362456 -0.00241313 -0.00361464 0.286869 0.109818  9.78863
1.77464e+09   0.00350902 -0.00129131 0.000872929  0.27739 0.103464  9.78826
1.77464e+09  -0.000361386   0.00221718   0.00243875 0.275993 0.101712  9.79022
1.77464e+09  -0.00176333 -0.00141946  0.00053999 0.276813 0.100662  9.80529
1.77464e+09   0.00105506  0.00155194 0.000768757  0.291506 0.0922308   9.80456
1.77464e+09   0.00129032  -0.0030846 0.000736489  0.292313 0.0900946   9.79173
1.77464e+09   0.00241292  0.00339753 -0.00186311  0.290691 0.0968166   9.78449
1.77464e+09  0.000595572 0.000906117  -0.0025612 0.284238 0.107936  9.80384
1.77464e+09    0.00298155 -0.000516576 -4.03906e-05  0.29158 0.120943  9.80704
1.77464e+09  -0.00101982 -0.00301225  0.00168897 0.294858 0.127264   9.7942
1.77464e+09   0.000643354 -0.000761964   0.00197476  0.30175 0.111233  9.78766
1.77464e+09   0.00198795 -0.00164699 -0.00197413 0.300632 0.109246  9.78135
1.77464e+09   1.59607e-05  -0.00346297 -0.000692549  0.292223 0.0850858   9.78552
1.77464e+09  -9.50199e-05  -0.00445221    0.0017017  0.294014 0.0912568     9.788
1.77464e+09   0.0042634 0.00483223  0.0012232  0.294231 0.0943237    9.7965
1.77464e+09   -0.00331733  -0.00440289 -7.09416e-05   0.28719 0.0749168   9.79405
1.77464e+09  -0.000108045  -0.00304187 -9.43895e-05   0.28235 0.0836604   9.80176
1.77464e+09  0.000441348  0.00307202  0.00319035  0.267306 0.0858613   9.80477
1.77464e+09   0.00138643 -0.00123781 -0.00401997 0.256813 0.104979  9.81705
1.77464e+09   -0.00202789  5.62281e-05 -3.11923e-06 0.264215 0.114561  9.82376
1.77464e+09  0.000705697 0.000261235   0.0030149 0.280659 0.100078  9.82093
1.77464e+09  0.00171697 0.00119988  0.0004172 0.295484 0.094428  9.81716
1.77464e+09  0.000835871  -0.0044173 0.000845804  0.300941 0.0737864   9.81707
1.77464e+09   0.00023216 -0.00476634 0.000204864  0.287268 0.0652217   9.81517
1.77464e+09   -0.00192222 -0.000959354  0.000259847    0.2817 0.0613671   9.80856
1.77464e+09  -0.000966602  0.000722768  -0.00248511  0.290777 0.0569123    9.8111
1.77464e+09   0.00189336  0.00257657 -0.00247291  0.285637 0.0800851   9.82585
1.77464e+09   0.00161339  0.00426383 0.000107225  0.281553 0.0897199   9.83503
1.77464e+09  -0.000114565   0.00108369  0.000922391 0.263282 0.072548  9.81722
1.77464e+09  -0.00136411 -0.00453345  0.00164496  0.251399 0.0761715   9.80655
1.77464e+09    0.00291481  -0.00422637 -0.000497991  0.264358 0.0741059   9.79968
1.77464e+09    0.00112866 -1.23613e-06  -0.00219495  0.260913 0.0633905   9.79956
1.77464e+09   0.000286132 -0.000166016   0.00238209 0.276207 0.067318  9.79274
1.77464e+09  -0.00176728  0.00235414 -0.00304539  0.295694 0.0826137   9.78981
1.77464e+09  0.000740501  -0.0021472 -0.00180777  0.301898 0.0895802    9.8042
1.77464e+09   0.00438824 -0.00157817  0.00380106  0.281299 0.0925358   9.80486
1.77464e+09   0.00425911 -0.00235065 0.000693614  0.264631 0.0866101   9.80586
1.77464e+09   0.00257089 0.000125813 -0.00485415  0.263912 0.0877739   9.79845
1.77464e+09  -0.00197658 -0.00508136 -0.00130281  0.276478 0.0837028   9.79847
1.77464e+09   0.000209339 -0.000153578  -0.00218554  0.290107 0.0854441   9.79476
1.77464e+09    0.0014994 -0.00171934 -0.00056708  0.271398 0.0863033   9.79169
1.77464e+09   0.00498317 -0.00031532 -0.00109893 0.256089 0.086567  9.79338
1.77464e+09   0.00327398 -0.00140169  -0.0049833  0.264054 0.0956616   9.80317
1.77464e+09   0.00332048 -0.00197837 -0.00353435  0.280628 0.0935263    9.7949
1.77464e+09  -0.000978841  -0.00508595  -0.00160774 0.297483 0.097612  9.78915
